"symbol","entrez","entrez_mouse","symbol_mouse"
"A1BG","1","117586","A1bg"
"A1CF","29974","69865","A1cf"
"A2M","2","232345","A2m"
"A3GALT2","127550","215493","A3galt2"
"A4GALT","53947","239559","A4galt"
"A4GNT","51146","333424","A4gnt"
"AAAS","8086","223921","Aaas"
"AACS","65985","78894","Aacs"
"AADAC","13","67758","Aadac"
"AADACL2","344752","639634","Aadacl2"
"AADACL3","126767","230883","Aadacl3"
"AADACL4","343066","435815","Aadacl4"
"AADACL4","343066","329993","Aadacl4fm5"
"AADACL4","343066","230890","Aadacl4fm4"
"AADACL4","343066","381572","Aadacl4fm1"
"AADACL4","343066","546849","AAdacl4fm3"
"AADAT","51166","23923","Aadat"
"AAGAB","79719","66939","Aagab"
"AAK1","22848","269774","Aak1"
"AAMDC","28971","66273","Aamdc"
"AAMP","14","227290","Aamp"
"AANAT","15","11298","Aanat"
"AAR2","25980","68295","Aar2"
"AARD","441376","239435","Aard"
"AARS1","16","234734","Aars"
"AARS2","57505","224805","Aars2"
"AASDH","132949","231326","Aasdh"
"AASDHPPT","60496","67618","Aasdhppt"
"AASS","10157","30956","Aass"
"AATF","26574","56321","Aatf"
"AATK","9625","11302","Aatk"
"ABAT","18","268860","Abat"
"ABCA1","19","11303","Abca1"
"ABCA12","26154","74591","Abca12"
"ABCA13","154664","268379","Abca13"
"ABCA2","20","11305","Abca2"
"ABCA3","21","27410","Abca3"
"ABCA4","24","11304","Abca4"
"ABCA5","23461","217265","Abca5"
"ABCA6","23460","76184","Abca6"
"ABCA7","10347","27403","Abca7"
"ABCA8","10351","27404","Abca8b"
"ABCA9","10350","217262","Abca9"
"ABCB1","5243","18671","Abcb1a"
"ABCB1","5243","18669","Abcb1b"
"ABCB10","23456","56199","Abcb10"
"ABCB11","8647","27413","Abcb11"
"ABCB4","5244","18670","Abcb4"
"ABCB5","340273","77706","Abcb5"
"ABCB6","10058","74104","Abcb6"
"ABCB7","22","11306","Abcb7"
"ABCB8","11194","74610","Abcb8"
"ABCB9","23457","56325","Abcb9"
"ABCC1","4363","17250","Abcc1"
"ABCC10","89845","224814","Abcc10"
"ABCC12","94160","244562","Abcc12"
"ABCC2","1244","12780","Abcc2"
"ABCC3","8714","76408","Abcc3"
"ABCC4","10257","239273","Abcc4"
"ABCC5","10057","27416","Abcc5"
"ABCC6","368","27421","Abcc6"
"ABCC8","6833","20927","Abcc8"
"ABCC9","10060","20928","Abcc9"
"ABCD1","215","11666","Abcd1"
"ABCD2","225","26874","Abcd2"
"ABCD3","5825","19299","Abcd3"
"ABCD4","5826","19300","Abcd4"
"ABCE1","6059","24015","Abce1"
"ABCF1","23","224742","Abcf1"
"ABCF3","55324","27406","Abcf3"
"ABCG1","9619","11307","Abcg1"
"ABCG2","9429","26357","Abcg2"
"ABCG2","9429","27405","Abcg3"
"ABCG4","64137","192663","Abcg4"
"ABCG5","64240","27409","Abcg5"
"ABCG8","64241","67470","Abcg8"
"ABHD1","84696","57742","Abhd1"
"ABHD10","55347","213012","Abhd10"
"ABHD11","83451","68758","Abhd11"
"ABHD12","26090","76192","Abhd12"
"ABHD12B","145447","100504285","Abhd12b"
"ABHD13","84945","68904","Abhd13"
"ABHD14A","25864","68644","Abhd14a"
"ABHD14B","84836","76491","Abhd14b"
"ABHD15","116236","67477","Abhd15"
"ABHD16A","7920","193742","Abhd16a"
"ABHD16B","140701","241850","Abhd16b"
"ABHD17A","81926","216169","Abhd17a"
"ABHD17B","51104","226016","Abhd17b"
"ABHD17C","58489","70178","Abhd17c"
"ABHD18","80167","269423","Abhd18"
"ABHD2","11057","54608","Abhd2"
"ABHD3","171586","106861","Abhd3"
"ABHD4","63874","105501","Abhd4"
"ABHD5","51099","67469","Abhd5"
"ABHD6","57406","66082","Abhd6"
"ABHD8","79575","64296","Abhd8"
"ABI1","10006","11308","Abi1"
"ABI2","10152","329165","Abi2"
"ABI3","51225","66610","Abi3"
"ABI3BP","25890","320712","Abi3bp"
"ABITRAM","54942","230234","Abitram"
"ABL1","25","11350","Abl1"
"ABL2","27","11352","Abl2"
"ABLIM1","3983","226251","Ablim1"
"ABLIM2","84448","231148","Ablim2"
"ABLIM3","22885","319713","Ablim3"
"ABO","28","80908","Abo"
"ABR","29","109934","Abr"
"ABRA","137735","223513","Abra"
"ABRACL","58527","73112","Abracl"
"ABRAXAS1","84142","70681","Abraxas1"
"ABRAXAS2","23172","109359","Abraxas2"
"ABT1","29777","30946","Abt1"
"ABTB1","80325","80283","Abtb1"
"ABTB2","25841","99382","Abtb2"
"ACAA1","30","113868","Acaa1a"
"ACAA1","30","235674","Acaa1b"
"ACAA2","10449","52538","Acaa2"
"ACACA","31","107476","Acaca"
"ACACB","32","100705","Acacb"
"ACAD10","80724","71985","Acad10"
"ACAD10","80724","338350","Acad12"
"ACAD11","84129","102632","Acad11"
"ACAD8","27034","66948","Acad8"
"ACAD9","28976","229211","Acad9"
"ACADL","33","11363","Acadl"
"ACADM","34","11364","Acadm"
"ACADS","35","11409","Acads"
"ACADSB","36","66885","Acadsb"
"ACADVL","37","11370","Acadvl"
"ACAN","176","11595","Acan"
"ACAP1","9744","216859","Acap1"
"ACAP2","23527","78618","Acap2"
"ACAP3","116983","140500","Acap3"
"ACAT1","38","110446","Acat1"
"ACAT2","39","110460","Acat2"
"ACAT2","39","224530","Acat3"
"ACBD3","64746","170760","Acbd3"
"ACBD4","79777","67131","Acbd4"
"ACBD5","91452","74159","Acbd5"
"ACBD7","414149","78245","Acbd7"
"ACCS","84680","329470","Accs"
"ACCSL","390110","381411","Accsl"
"ACD","65057","497652","Acd"
"ACE","1636","11421","Ace"
"ACE2","59272","70008","Ace2"
"ACER1","125981","171168","Acer1"
"ACER2","340485","230379","Acer2"
"ACER3","55331","66190","Acer3"
"ACHE","43","11423","Ache"
"ACIN1","22985","56215","Acin1"
"ACKR1","2532","13349","Ackr1"
"ACKR2","1238","59289","Ackr2"
"ACKR3","57007","12778","Ackr3"
"ACKR4","51554","252837","Ackr4"
"ACLY","47","104112","Acly"
"ACMSD","130013","266645","Acmsd"
"ACO1","48","11428","Aco1"
"ACO2","50","11429","Aco2"
"ACOD1","730249","16365","Acod1"
"ACOT1","641371","26897","Acot1"
"ACOT11","26027","329910","Acot11"
"ACOT12","134526","74156","Acot12"
"ACOT13","55856","66834","Acot13"
"ACOT2","10965","171210","Acot2"
"ACOT4","122970","171282","Acot4"
"ACOT6","641372","217700","Acot6"
"ACOT7","11332","70025","Acot7"
"ACOT8","10005","170789","Acot8"
"ACOT9","23597","56360","Acot9"
"ACOT9","23597","64833","Acot10"
"ACOX1","51","11430","Acox1"
"ACOX2","8309","93732","Acox2"
"ACOX3","8310","80911","Acox3"
"ACOXL","55289","74121","Acoxl"
"ACP1","52","11431","Acp1"
"ACP2","53","11432","Acp2"
"ACP3","55","56318","Acpp"
"ACP4","93650","100503991","Acp4"
"ACP5","54","11433","Acp5"
"ACP6","51205","66659","Acp6"
"ACP7","390928","101744","Acp7"
"ACR","49","11434","Acr"
"ACRBP","84519","54137","Acrbp"
"ACRV1","56","11451","Acrv1"
"ACSBG1","23205","94180","Acsbg1"
"ACSBG2","81616","328845","Acsbg2"
"ACSF2","80221","264895","Acsf2"
"ACSF3","197322","257633","Acsf3"
"ACSL1","2180","14081","Acsl1"
"ACSL3","2181","74205","Acsl3"
"ACSL4","2182","50790","Acsl4"
"ACSL5","51703","433256","Acsl5"
"ACSL6","23305","216739","Acsl6"
"ACSM1","116285","117147","Acsm1"
"ACSM3","6296","20216","Acsm3"
"ACSM4","341392","233801","Acsm4"
"ACSM5","54988","272428","Acsm5"
"ACSS1","84532","68738","Acss1"
"ACSS2","55902","60525","Acss2"
"ACSS3","79611","380660","Acss3"
"ACTA1","58","11459","Acta1"
"ACTA2","59","11475","Acta2"
"ACTB","60","11461","Actb"
"ACTBL2","345651","238880","Actbl2"
"ACTC1","70","11464","Actc1"
"ACTG1","71","11465","Actg1"
"ACTG2","72","11468","Actg2"
"ACTL10","170487","70362","Actl10"
"ACTL6A","86","56456","Actl6a"
"ACTL6B","51412","83766","Actl6b"
"ACTL7A","10881","11470","Actl7a"
"ACTL7B","10880","11471","Actl7b"
"ACTL9","284382","69481","Actl9"
"ACTN1","87","109711","Actn1"
"ACTN2","88","11472","Actn2"
"ACTN3","89","11474","Actn3"
"ACTN4","81","60595","Actn4"
"ACTR10","55860","56444","Actr10"
"ACTR1A","10121","54130","Actr1a"
"ACTR1B","10120","226977","Actr1b"
"ACTR2","10097","66713","Actr2"
"ACTR3","10096","74117","Actr3"
"ACTR5","79913","109275","Actr5"
"ACTR6","64431","67019","Actr6"
"ACTR8","93973","56249","Actr8"
"ACTRT1","139741","73360","Actrt1"
"ACTRT2","140625","73353","Actrt2"
"ACTRT3","84517","76652","Actrt3"
"ACVR1","90","11477","Acvr1"
"ACVR1B","91","11479","Acvr1b"
"ACVR1C","130399","269275","Acvr1c"
"ACVR2A","92","11480","Acvr2a"
"ACVR2B","93","11481","Acvr2b"
"ACVRL1","94","11482","Acvrl1"
"ACY3","91703","71670","Acy3"
"ACYP1","97","66204","Acyp1"
"ACYP2","98","75572","Acyp2"
"ADA","100","11486","Ada"
"ADAD1","132612","21744","Adad1"
"ADAD2","161931","75773","Adad2"
"ADAL","161823","75894","Adal"
"ADAM10","102","11487","Adam10"
"ADAM11","4185","11488","Adam11"
"ADAM12","8038","11489","Adam12"
"ADAM15","8751","11490","Adam15"
"ADAM17","6868","11491","Adam17"
"ADAM18","8749","13524","Adam18"
"ADAM19","8728","11492","Adam19"
"ADAM2","2515","11495","Adam2"
"ADAM20","8748","384806","Adam20"
"ADAM20","8748","23793","Adam25"
"ADAM20","8748","546055","Adam39"
"ADAM21","8747","56622","Adam21"
"ADAM22","53616","11496","Adam22"
"ADAM23","8745","23792","Adam23"
"ADAM28","10863","13522","Adam28"
"ADAM29","11086","244486","Adam29"
"ADAM30","11085","71078","Adam30"
"ADAM32","203102","353188","Adam32"
"ADAM33","80332","110751","Adam33"
"ADAM7","8756","11500","Adam7"
"ADAM8","101","11501","Adam8"
"ADAM9","8754","11502","Adam9"
"ADAMDEC1","27299","58860","Adamdec1"
"ADAMTS1","9510","11504","Adamts1"
"ADAMTS10","81794","224697","Adamts10"
"ADAMTS12","81792","239337","Adamts12"
"ADAMTS13","11093","279028","Adamts13"
"ADAMTS14","140766","237360","Adamts14"
"ADAMTS15","170689","235130","Adamts15"
"ADAMTS16","170690","271127","Adamts16"
"ADAMTS17","170691","233332","Adamts17"
"ADAMTS18","170692","208936","Adamts18"
"ADAMTS19","171019","240322","Adamts19"
"ADAMTS2","9509","216725","Adamts2"
"ADAMTS20","80070","223838","Adamts20"
"ADAMTS3","9508","330119","Adamts3"
"ADAMTS4","9507","240913","Adamts4"
"ADAMTS5","11096","23794","Adamts5"
"ADAMTS6","11174","108154","Adamts6"
"ADAMTS7","11173","108153","Adamts7"
"ADAMTS8","11095","30806","Adamts8"
"ADAMTS9","56999","101401","Adamts9"
"ADAMTSL1","92949","77739","Adamtsl1"
"ADAMTSL2","9719","77794","Adamtsl2"
"ADAMTSL3","57188","269959","Adamtsl3"
"ADAMTSL4","54507","229595","Adamtsl4"
"ADAMTSL5","339366","66548","Adamtsl5"
"ADAP1","11033","231821","Adap1"
"ADAP2","55803","216991","Adap2"
"ADAR","103","56417","Adar"
"ADARB1","104","110532","Adarb1"
"ADARB2","105","94191","Adarb2"
"ADAT1","23536","30947","Adat1"
"ADAT2","134637","66757","Adat2"
"ADAT3","113179","100113398","Adat3"
"ADCK1","57143","72113","Adck1"
"ADCK2","90956","57869","Adck2"
"ADCK5","203054","268822","Adck5"
"ADCY1","107","432530","Adcy1"
"ADCY10","55811","271639","Adcy10"
"ADCY2","108","210044","Adcy2"
"ADCY3","109","104111","Adcy3"
"ADCY4","196883","104110","Adcy4"
"ADCY5","111","224129","Adcy5"
"ADCY6","112","11512","Adcy6"
"ADCY7","113","11513","Adcy7"
"ADCY8","114","11514","Adcy8"
"ADCY9","115","11515","Adcy9"
"ADCYAP1","116","11516","Adcyap1"
"ADCYAP1R1","117","11517","Adcyap1r1"
"ADD1","118","11518","Add1"
"ADD2","119","11519","Add2"
"ADD3","120","27360","Add3"
"ADGB","79747","215772","Adgb"
"ADGRA1","84435","52389","Adgra1"
"ADGRA2","25960","78560","Adgra2"
"ADGRA3","166647","70693","Adgra3"
"ADGRB1","575","107831","Adgrb1"
"ADGRB2","576","230775","Adgrb2"
"ADGRB3","577","210933","Adgrb3"
"ADGRD1","283383","243277","Adgrd1"
"ADGRE1","2015","13733","Adgre1"
"ADGRE5","976","26364","Adgre5"
"ADGRF1","266977","77596","Adgrf1"
"ADGRF2","222611","435529","Adgrf2"
"ADGRF3","165082","381628","Adgrf3"
"ADGRF4","221393","78249","Adgrf4"
"ADGRF5","221395","224792","Adgrf5"
"ADGRG1","9289","14766","Adgrg1"
"ADGRG2","10149","237175","Adgrg2"
"ADGRG3","222487","54672","Adgrg3"
"ADGRG4","139378","236798","Adgrg4"
"ADGRG5","221188","382045","Adgrg5"
"ADGRG6","57211","215798","Adgrg6"
"ADGRG7","84873","239853","Adgrg7"
"ADGRL1","22859","330814","Adgrl1"
"ADGRL2","23266","99633","Adgrl2"
"ADGRL3","23284","319387","Adgrl3"
"ADGRL4","64123","170757","Adgrl4"
"ADGRV1","84059","110789","Adgrv1"
"ADH4","127","26876","Adh4"
"ADH5","128","11532","Adh5"
"ADH6","130","100417514","Adh6b"
"ADH7","131","11529","Adh7"
"ADHFE1","137872","76187","Adhfe1"
"ADI1","55256","104923","Adi1"
"ADIG","149685","246747","Adig"
"ADIPOQ","9370","11450","Adipoq"
"ADIPOR1","51094","72674","Adipor1"
"ADIPOR2","79602","68465","Adipor2"
"ADK","132","11534","Adk"
"ADM","133","11535","Adm"
"ADM2","79924","223780","Adm2"
"ADNP","23394","11538","Adnp"
"ADNP2","22850","240442","Adnp2"
"ADO","84890","211488","Ado"
"ADORA1","134","11539","Adora1"
"ADORA2A","135","11540","Adora2a"
"ADORA2B","136","11541","Adora2b"
"ADPGK","83440","72141","Adpgk"
"ADPRH","141","11544","Adprh"
"ADPRHL1","113622","234072","Adprhl1"
"ADPRM","56985","66358","Adprm"
"ADPRS","54936","100206","Adprs"
"ADRA1A","148","11549","Adra1a"
"ADRA1B","147","11548","Adra1b"
"ADRA1D","146","11550","Adra1d"
"ADRA2A","150","11551","Adra2a"
"ADRA2B","151","11552","Adra2b"
"ADRA2C","152","11553","Adra2c"
"ADRB1","153","11554","Adrb1"
"ADRB2","154","11555","Adrb2"
"ADRB3","155","11556","Adrb3"
"ADRM1","11047","56436","Adrm1"
"ADSL","158","11564","Adsl"
"ADSS1","122622","11565","Adssl1"
"ADSS2","159","11566","Adss"
"ADTRP","84830","109254","Adtrp"
"AEBP1","165","11568","Aebp1"
"AEBP2","121536","11569","Aebp2"
"AEN","64782","68048","Aen"
"AFAP1","60312","70292","Afap1"
"AFAP1L1","134265","106877","Afap1l1"
"AFAP1L2","84632","226250","Afap1l2"
"AFDN","4301","17356","Afdn"
"AFF1","4299","17355","Aff1"
"AFF2","2334","14266","Aff2"
"AFF3","3899","16764","Aff3"
"AFF4","27125","93736","Aff4"
"AFG1L","246269","215951","Afg1l"
"AFG3L2","10939","69597","Afg3l2"
"AFM","173","280662","Afm"
"AFMID","125061","71562","Afmid"
"AFP","174","11576","Afp"
"AFTPH","54812","216549","Aftph"
"AGA","175","11593","Aga"
"AGAP1","116987","347722","Agap1"
"AGAP2","116986","216439","Agap2"
"AGAP3","116988","213990","Agap3"
"AGBL1","123624","244071","Agbl1"
"AGBL2","79841","271813","Agbl2"
"AGBL3","340351","76223","Agbl3"
"AGBL4","84871","78933","Agbl4"
"AGBL5","60509","231093","Agbl5"
"AGER","177","11596","Ager"
"AGFG1","3267","15463","Agfg1"
"AGFG2","3268","231801","Agfg2"
"AGGF1","55109","66549","Aggf1"
"AGK","55750","69923","Agk"
"AGL","178","77559","Agl"
"AGMAT","79814","75986","Agmat"
"AGMO","392636","319660","Agmo"
"AGO1","26523","236511","Ago1"
"AGO2","27161","239528","Ago2"
"AGO3","192669","214150","Ago3"
"AGO4","192670","76850","Ago4"
"AGPAT1","10554","55979","Agpat1"
"AGPAT2","10555","67512","Agpat2"
"AGPAT3","56894","28169","Agpat3"
"AGPAT4","56895","68262","Agpat4"
"AGPAT5","55326","52123","Agpat5"
"AGPS","8540","228061","Agps"
"AGR2","10551","23795","Agr2"
"AGR3","155465","403205","Agr3"
"AGRN","375790","11603","Agrn"
"AGRP","181","11604","Agrp"
"AGT","183","11606","Agt"
"AGTR1","185","11607","Agtr1a"
"AGTR1","185","11608","Agtr1b"
"AGTR2","186","11609","Agtr2"
"AGTRAP","57085","11610","Agtrap"
"AGXT","189","11611","Agxt"
"AGXT2","64902","268782","Agxt2"
"AHCTF1","25909","226747","Ahctf1"
"AHCY","191","269378","Ahcy"
"AHCY","191","11615","Gm4737"
"AHCYL1","10768","229709","Ahcyl1"
"AHCYL2","23382","74340","Ahcyl2"
"AHDC1","27245","230793","Ahdc1"
"AHI1","54806","52906","Ahi1"
"AHNAK","79026","66395","Ahnak"
"AHNAK2","113146","100041194","Ahnak2"
"AHR","196","11622","Ahr"
"AHRR","57491","11624","Ahrr"
"AHSA1","10598","217737","Ahsa1"
"AHSG","197","11625","Ahsg"
"AICDA","57379","11628","Aicda"
"AIDA","64853","108909","Aida"
"AIF1","199","11629","Aif1"
"AIF1L","83543","108897","Aif1l"
"AIFM1","9131","26926","Aifm1"
"AIFM2","84883","71361","Aifm2"
"AIFM3","150209","72168","Aifm3"
"AIG1","51390","66253","Aig1"
"AIM2","9447","383619","Aim2"
"AIMP1","9255","13722","Aimp1"
"AIMP2","7965","231872","Aimp2"
"AIP","9049","11632","Aip"
"AIPL1","23746","114230","Aipl1"
"AIRE","326","11634","Aire"
"AJAP1","55966","230959","Ajap1"
"AJM1","389813","381353","Ajm1"
"AJUBA","84962","16475","Ajuba"
"AK1","203","11636","Ak1"
"AK2","204","11637","Ak2"
"AK3","50808","56248","Ak3"
"AK4","205","11639","Ak4"
"AK5","26289","229949","Ak5"
"AK6","102157402","102216272","Ak6"
"AK7","122481","78801","Ak7"
"AK8","158067","68870","Ak8"
"AK9","221264","633979","Ak9"
"AKAIN1","642597","320722","Akain1"
"AKAP1","8165","11640","Akap1"
"AKAP10","11216","56697","Akap10"
"AKAP11","11215","219181","Akap11"
"AKAP12","9590","83397","Akap12"
"AKAP13","11214","75547","Akap13"
"AKAP14","158798","434756","Akap14"
"AKAP3","10566","11642","Akap3"
"AKAP4","8852","11643","Akap4"
"AKAP5","9495","238276","Akap5"
"AKAP6","9472","238161","Akap6"
"AKAP7","9465","432442","Akap7"
"AKAP8","10270","56399","Akap8"
"AKAP8L","26993","54194","Akap8l"
"AKAP9","10142","100986","Akap9"
"AKIP1","56672","57373","Akip1"
"AKIRIN1","79647","68050","Akirin1"
"AKIRIN2","55122","433693","Akirin2"
"AKNA","80709","100182","Akna"
"AKNAD1","254268","329738","Aknad1"
"AKR1A1","10327","58810","Akr1a1"
"AKR1B1","231","11677","Akr1b3"
"AKR1B10","57016","67861","Akr1b10"
"AKR1B10","57016","14187","Akr1b8"
"AKR1B10","57016","11997","Akr1b7"
"AKR1C1","1645","77337","Akr1c21"
"AKR1C3","8644","105349","Akr1c18"
"AKR1C4","1109","83702","Akr1c6"
"AKR1D1","6718","208665","Akr1d1"
"AKR1E2","83592","56043","Akr1e1"
"AKR7A2","8574","110198","Akr7a5"
"AKT1","207","11651","Akt1"
"AKT1S1","84335","67605","Akt1s1"
"AKT2","208","11652","Akt2"
"AKT3","10000","23797","Akt3"
"AKTIP","64400","14339","Aktip"
"ALAD","210","17025","Alad"
"ALAS1","211","11655","Alas1"
"ALAS2","212","11656","Alas2"
"ALB","213","11657","Alb"
"ALCAM","214","11658","Alcam"
"ALDH16A1","126133","69748","Aldh16a1"
"ALDH18A1","5832","56454","Aldh18a1"
"ALDH1A1","216","26358","Aldh1a7"
"ALDH1A2","8854","19378","Aldh1a2"
"ALDH1A3","220","56847","Aldh1a3"
"ALDH1B1","219","72535","Aldh1b1"
"ALDH1L1","10840","107747","Aldh1l1"
"ALDH1L2","160428","216188","Aldh1l2"
"ALDH2","217","11669","Aldh2"
"ALDH3A1","218","11670","Aldh3a1"
"ALDH3A2","224","11671","Aldh3a2"
"ALDH3B1","221","67689","Aldh3b1"
"ALDH3B2","222","621603","Aldh3b2"
"ALDH3B2","222","73458","Aldh3b3"
"ALDH4A1","8659","212647","Aldh4a1"
"ALDH5A1","7915","214579","Aldh5a1"
"ALDH6A1","4329","104776","Aldh6a1"
"ALDH7A1","501","110695","Aldh7a1"
"ALDH8A1","64577","237320","Aldh8a1"
"ALDH9A1","223","56752","Aldh9a1"
"ALDOA","226","11674","Aldoa"
"ALDOA","226","79459","Aldoart2"
"ALDOA","226","353204","Aldoart1"
"ALDOB","229","230163","Aldob"
"ALDOC","230","11676","Aldoc"
"ALG11","440138","207958","Alg11"
"ALG12","79087","223774","Alg12"
"ALG13","79868","67574","Alg13"
"ALG14","199857","66789","Alg14"
"ALG2","85365","56737","Alg2"
"ALG3","10195","208624","Alg3"
"ALG5","29880","66248","Alg5"
"ALG6","29929","320438","Alg6"
"ALG8","79053","381903","Alg8"
"ALG9","79796","102580","Alg9"
"ALK","238","11682","Alk"
"ALKAL1","389658","620393","Alkal1"
"ALKAL2","285016","100294583","Alkal2"
"ALKBH2","121642","231642","Alkbh2"
"ALKBH3","221120","69113","Alkbh3"
"ALKBH4","54784","72041","Alkbh4"
"ALKBH5","54890","268420","Alkbh5"
"ALKBH6","84964","233065","Alkbh6"
"ALKBH7","84266","66400","Alkbh7"
"ALKBH8","91801","67667","Alkbh8"
"ALLC","55821","94041","Allc"
"ALMS1","7840","236266","Alms1"
"ALOX12","239","11684","Alox12"
"ALOX12B","242","11686","Alox12b"
"ALOX15","246","11687","Alox15"
"ALOX15B","247","11688","Alox8"
"ALOX5","240","11689","Alox5"
"ALOX5AP","241","11690","Alox5ap"
"ALOXE3","59344","23801","Aloxe3"
"ALPK1","80216","71481","Alpk1"
"ALPK2","115701","225638","Alpk2"
"ALPK3","57538","116904","Alpk3"
"ALPL","249","11647","Alpl"
"ALS2","57679","74018","Als2"
"ALS2CL","259173","235633","Als2cl"
"ALX1","8092","216285","Alx1"
"ALX3","257","11694","Alx3"
"ALX4","60529","11695","Alx4"
"ALYREF","10189","21681","Alyref"
"ALYREF","10189","100043239","Gm4307"
"ALYREF","10189","100043224","Gm4301"
"ALYREF","10189","100043231","Gm4303"
"ALYREF","10189","100861891","Gm21304"
"ALYREF","10189","100043227","Gm4302"
"ALYREF","10189","637578","Gm20765"
"ALYREF","10189","667692","Gm8764"
"ALYREF","10189","100861880","Gm21293"
"ALYREF","10189","100861901","Gm21312"
"ALYREF","10189","56009","Alyref2"
"ALYREF","10189","100043292","Gm4340"
"ALYREF","10189","100043235","Gm4305"
"ALYREF","10189","100043247","Gm4312"
"ALYREF","10189","627488","Gm6763"
"AMACR","23600","17117","Amacr"
"AMBN","258","11698","Ambn"
"AMBP","259","11699","Ambp"
"AMBRA1","55626","228361","Ambra1"
"AMD1","262","11702","Amd1"
"AMD1","262","100041585","Amd2"
"AMDHD1","144193","71761","Amdhd1"
"AMDHD2","51005","245847","Amdhd2"
"AMER1","139285","72345","Amer1"
"AMER2","219287","72125","Amer2"
"AMER3","205147","211383","Amer3"
"AMFR","267","23802","Amfr"
"AMH","268","11705","Amh"
"AMHR2","269","110542","Amhr2"
"AMIGO1","57463","229715","Amigo1"
"AMIGO2","347902","105827","Amigo2"
"AMIGO3","386724","320844","Amigo3"
"AMMECR1","9949","56068","Ammecr1"
"AMMECR1L","83607","225339","Ammecr1l"
"AMN","81693","93835","Amn"
"AMN1","196394","232566","Amn1"
"AMOT","154796","27494","Amot"
"AMOTL1","154810","75723","Amotl1"
"AMOTL2","51421","56332","Amotl2"
"AMPD1","270","229665","Ampd1"
"AMPD2","271","109674","Ampd2"
"AMPD3","272","11717","Ampd3"
"AMPH","273","218038","Amph"
"AMT","275","434437","Amt"
"AMTN","401138","71421","Amtn"
"AMY2A","279","11722","Amy1"
"AMY2B","280","109959","Amy2a5"
"AMY2B","280","100043684","Amy2a4"
"AMY2B","280","100043686","Amy2a3"
"AMY2B","280","100043688","Amy2a2"
"AMZ1","155185","231842","Amz1"
"AMZ2","51321","13929","Amz2"
"ANAPC1","64682","17222","Anapc1"
"ANAPC10","10393","68999","Anapc10"
"ANAPC11","51529","66156","Anapc11"
"ANAPC13","25847","69010","Anapc13"
"ANAPC16","119504","52717","Anapc16"
"ANAPC2","29882","99152","Anapc2"
"ANAPC4","29945","52206","Anapc4"
"ANAPC5","51433","59008","Anapc5"
"ANAPC7","51434","56317","Anapc7"
"ANG","283","11727","Ang"
"ANG","283","219033","Ang4"
"ANG","283","11731","Ang2"
"ANG","283","630952","Ang6"
"ANGEL1","23357","68737","Angel1"
"ANGEL2","90806","52477","Angel2"
"ANGPT1","284","11600","Angpt1"
"ANGPT2","285","11601","Angpt2"
"ANGPT4","51378","11602","Angpt4"
"ANGPTL1","9068","72713","Angptl1"
"ANGPTL2","23452","26360","Angptl2"
"ANGPTL3","27329","30924","Angptl3"
"ANGPTL4","51129","57875","Angptl4"
"ANGPTL6","83854","70726","Angptl6"
"ANGPTL7","10218","654812","Angptl7"
"ANGPTL8","55908","624219","Angptl8"
"ANK1","286","11733","Ank1"
"ANK2","287","109676","Ank2"
"ANK3","288","11735","Ank3"
"ANKAR","150709","319695","Ankar"
"ANKDD1A","348094","330963","Ankdd1a"
"ANKDD1B","728780","271144","Ankdd1b"
"ANKEF1","63926","319196","Ankef1"
"ANKFN1","162282","382543","Ankfn1"
"ANKFY1","51479","11736","Ankfy1"
"ANKH","56172","11732","Ank"
"ANKIB1","54467","70797","Ankib1"
"ANKK1","255239","244859","Ankk1"
"ANKLE1","126549","234396","Ankle1"
"ANKLE2","23141","71782","Ankle2"
"ANKMY1","51281","241158","Ankmy1"
"ANKMY2","57037","217473","Ankmy2"
"ANKRA2","57763","68558","Ankra2"
"ANKRD1","27063","107765","Ankrd1"
"ANKRD10","55608","102334","Ankrd10"
"ANKRD11","29123","77087","Ankrd11"
"ANKRD12","23253","106585","Ankrd12"
"ANKRD13A","88455","68420","Ankrd13a"
"ANKRD13B","124930","268445","Ankrd13b"
"ANKRD13C","81573","433667","Ankrd13c"
"ANKRD13D","338692","68423","Ankrd13d"
"ANKRD16","54522","320816","Ankrd16"
"ANKRD17","26057","81702","Ankrd17"
"ANKRD2","26287","56642","Ankrd2"
"ANKRD22","118932","52024","Ankrd22"
"ANKRD23","200539","78321","Ankrd23"
"ANKRD24","170961","70615","Ankrd24"
"ANKRD26","22852","232339","Ankrd26"
"ANKRD27","84079","245886","Ankrd27"
"ANKRD28","23243","105522","Ankrd28"
"ANKRD29","147463","225187","Ankrd29"
"ANKRD31","256006","625662","Ankrd31"
"ANKRD33","341405","208258","Ankrd33"
"ANKRD33B","651746","67434","Ankrd33b"
"ANKRD34A","284615","545554","Ankrd34a"
"ANKRD34B","340120","218440","Ankrd34b"
"ANKRD34C","390616","330998","Ankrd34c"
"ANKRD35","148741","213121","Ankrd35"
"ANKRD37","353322","654824","Ankrd37"
"ANKRD39","51239","109346","Ankrd39"
"ANKRD40","91369","71452","Ankrd40"
"ANKRD40CL","55018","102639132","Gm21885"
"ANKRD42","338699","73845","Ankrd42"
"ANKRD44","91526","329154","Ankrd44"
"ANKRD45","339416","73844","Ankrd45"
"ANKRD46","157567","68839","Ankrd46"
"ANKRD49","54851","56503","Ankrd49"
"ANKRD50","57182","99696","Ankrd50"
"ANKRD52","283373","237615","Ankrd52"
"ANKRD53","79998","75305","Ankrd53"
"ANKRD54","129138","223690","Ankrd54"
"ANKRD55","79722","77318","Ankrd55"
"ANKRD6","22881","140577","Ankrd6"
"ANKRD60","140731","70065","Ankrd60"
"ANKRD61","100310846","66729","Ankrd61"
"ANKRD62","342850","75721","4932414N04Rik"
"ANKRD63","100131244","383787","Ankrd63"
"ANKRD65","441869","242805","Ankrd65"
"ANKRD66","100287718","100043332","Ankrd66"
"ANKRD9","122416","74251","Ankrd9"
"ANKS1A","23294","224650","Anks1"
"ANKS1B","56899","77531","Anks1b"
"ANKS3","124401","72615","Anks3"
"ANKS4B","257629","72074","Anks4b"
"ANKS6","203286","75691","Anks6"
"ANKUB1","389161","242037","Ankub1"
"ANKZF1","55139","52231","Ankzf1"
"ANLN","54443","68743","Anln"
"ANO1","55107","101772","Ano1"
"ANO10","55129","102566","Ano10"
"ANO2","57101","243634","Ano2"
"ANO3","63982","228432","Ano3"
"ANO4","121601","320091","Ano4"
"ANO5","203859","233246","Ano5"
"ANO6","196527","105722","Ano6"
"ANO7","50636","404545","Ano7"
"ANO8","57719","382014","Ano8"
"ANO9","338440","71345","Ano9"
"ANP32B","10541","67628","Anp32b"
"ANP32E","81611","66471","Anp32e"
"ANPEP","290","16790","Anpep"
"ANTKMT","65990","214917","Antkmt"
"ANTXR1","84168","69538","Antxr1"
"ANTXR2","118429","71914","Antxr2"
"ANTXRL","195977","239029","Antxrl"
"ANXA1","301","16952","Anxa1"
"ANXA10","11199","26359","Anxa10"
"ANXA11","311","11744","Anxa11"
"ANXA13","312","69787","Anxa13"
"ANXA2","302","12306","Anxa2"
"ANXA3","306","11745","Anxa3"
"ANXA4","307","11746","Anxa4"
"ANXA5","308","11747","Anxa5"
"ANXA6","309","11749","Anxa6"
"ANXA7","310","11750","Anxa7"
"ANXA9","8416","71790","Anxa9"
"AOAH","313","27052","Aoah"
"AOC1","26","76507","Aoc1"
"AOC1","26","69761","Doxl1"
"AOC1","26","243376","Doxl2"
"AOC1","26","243377","Svs1"
"AOC2","314","237940","Aoc2"
"AOC3","8639","11754","Aoc3"
"AOPEP","84909","72061","Aopep"
"AOX1","316","11761","Aox1"
"AP1AR","55435","211556","Ap1ar"
"AP1B1","162","11764","Ap1b1"
"AP1G1","164","11765","Ap1g1"
"AP1G2","8906","11766","Ap1g2"
"AP1M1","8907","11767","Ap1m1"
"AP1M2","10053","11768","Ap1m2"
"AP1S1","1174","11769","Ap1s1"
"AP1S2","8905","108012","Ap1s2"
"AP1S3","130340","252903","Ap1s3"
"AP2A1","160","11771","Ap2a1"
"AP2A2","161","11772","Ap2a2"
"AP2B1","163","71770","Ap2b1"
"AP2M1","1173","11773","Ap2m1"
"AP2S1","1175","232910","Ap2s1"
"AP3B1","8546","11774","Ap3b1"
"AP3B2","8120","11775","Ap3b2"
"AP3D1","8943","11776","Ap3d1"
"AP3M1","26985","55946","Ap3m1"
"AP3M2","10947","64933","Ap3m2"
"AP3S1","1176","11777","Ap3s1"
"AP3S2","10239","11778","Ap3s2"
"AP4B1","10717","67489","Ap4b1"
"AP4E1","23431","108011","Ap4e1"
"AP4M1","9179","11781","Ap4m1"
"AP4S1","11154","11782","Ap4s1"
"AP5B1","91056","381201","Ap5b1"
"AP5M1","55745","74385","Ap5m1"
"AP5S1","55317","69596","Ap5s1"
"AP5Z1","9907","231855","Ap5z1"
"APAF1","317","11783","Apaf1"
"APBA1","320","319924","Apba1"
"APBA2","321","11784","Apba2"
"APBA3","9546","57267","Apba3"
"APBB1","322","11785","Apbb1"
"APBB1IP","54518","54519","Apbb1ip"
"APBB2","323","11787","Apbb2"
"APBB3","10307","225372","Apbb3"
"APC","324","11789","Apc"
"APC2","10297","23805","Apc2"
"APCDD1","147495","494504","Apcdd1"
"APCS","325","20219","Apcs"
"APEH","327","235606","Apeh"
"APEX1","328","11792","Apex1"
"APEX2","27301","77622","Apex2"
"APH1A","51107","226548","Aph1a"
"APH1B","83464","208117","Aph1b"
"APH1B","83464","68318","Aph1c"
"API5","8539","11800","Api5"
"APIP","51074","56369","Apip"
"APLF","200558","72103","Aplf"
"APLN","8862","30878","Apln"
"APLNR","187","23796","Aplnr"
"APLP1","333","11803","Aplp1"
"APLP2","334","11804","Aplp2"
"APMAP","57136","71881","Apmap"
"APOA1","335","11806","Apoa1"
"APOA2","336","11807","Apoa2"
"APOA4","337","11808","Apoa4"
"APOA5","116519","66113","Apoa5"
"APOB","338","238055","Apob"
"APOBEC1","339","11810","Apobec1"
"APOBEC2","10930","11811","Apobec2"
"APOBEC4","403314","71281","Apobec4"
"APOBR","55911","171504","Apobr"
"APOC1","341","11812","Apoc1"
"APOC2","344","11813","Apoc2"
"APOC3","345","11814","Apoc3"
"APOC4","346","11425","Apoc4"
"APOD","347","11815","Apod"
"APOE","348","11816","Apoe"
"APOF","319","103161","Apof"
"APOH","350","11818","Apoh"
"APOL6","80830","71939","Apol6"
"APOLD1","81575","381823","Apold1"
"APOM","55937","55938","Apom"
"APOO","79135","68316","Apoo"
"APOOL","139322","68117","Apool"
"APP","351","11820","App"
"APPBP2","10513","66884","Appbp2"
"APPL1","26060","72993","Appl1"
"APPL2","55198","216190","Appl2"
"APRT","353","11821","Aprt"
"APTX","54840","66408","Aptx"
"AQP1","358","11826","Aqp1"
"AQP11","282679","66333","Aqp11"
"AQP2","359","11827","Aqp2"
"AQP3","360","11828","Aqp3"
"AQP4","361","11829","Aqp4"
"AQP5","362","11830","Aqp5"
"AQP6","363","11831","Aqp6"
"AQP8","343","11833","Aqp8"
"AQP9","366","64008","Aqp9"
"AQR","9716","11834","Aqr"
"AR","367","11835","Ar"
"ARAF","369","11836","Araf"
"ARAP1","116985","69710","Arap1"
"ARAP2","116984","212285","Arap2"
"ARAP3","64411","106952","Arap3"
"ARC","23237","11838","Arc"
"ARCN1","372","213827","Arcn1"
"AREG","374","11839","Areg"
"AREL1","9870","68497","Arel1"
"ARF1","375","11840","Arf1"
"ARF3","377","11842","Arf3"
"ARF4","378","11843","Arf4"
"ARF5","381","11844","Arf5"
"ARF6","382","11845","Arf6"
"ARFGAP1","55738","228998","Arfgap1"
"ARFGAP2","84364","77038","Arfgap2"
"ARFGAP3","26286","66251","Arfgap3"
"ARFGEF1","10565","211673","Arfgef1"
"ARFGEF2","10564","99371","Arfgef2"
"ARFGEF3","57221","215821","Arfgef3"
"ARFIP1","27236","99889","Arfip1"
"ARFIP2","23647","76932","Arfip2"
"ARFRP1","10139","76688","Arfrp1"
"ARG1","383","11846","Arg1"
"ARG2","384","11847","Arg2"
"ARGLU1","55082","234023","Arglu1"
"ARHGAP1","392","228359","Arhgap1"
"ARHGAP10","79658","78514","Arhgap10"
"ARHGAP12","94134","75415","Arhgap12"
"ARHGAP15","55843","76117","Arhgap15"
"ARHGAP17","55114","70497","Arhgap17"
"ARHGAP18","93663","73910","Arhgap18"
"ARHGAP19","84986","71085","Arhgap19"
"ARHGAP20","57569","244867","Arhgap20"
"ARHGAP21","57584","71435","Arhgap21"
"ARHGAP22","58504","239027","Arhgap22"
"ARHGAP23","57636","58996","Arhgap23"
"ARHGAP24","83478","231532","Arhgap24"
"ARHGAP25","9938","232201","Arhgap25"
"ARHGAP26","23092","71302","Arhgap26"
"ARHGAP27","201176","544817","Arhgap27"
"ARHGAP28","79822","268970","Arhgap28"
"ARHGAP29","9411","214137","Arhgap29"
"ARHGAP30","257106","226652","Arhgap30"
"ARHGAP31","57514","12549","Arhgap31"
"ARHGAP32","9743","330914","Arhgap32"
"ARHGAP33","115703","233071","Arhgap33"
"ARHGAP35","2909","232906","Arhgap35"
"ARHGAP36","158763","75404","Arhgap36"
"ARHGAP39","80728","223666","Arhgap39"
"ARHGAP4","393","171207","Arhgap4"
"ARHGAP40","343578","545481","Arhgap40"
"ARHGAP42","143872","71544","Arhgap42"
"ARHGAP44","9912","216831","Arhgap44"
"ARHGAP45","23526","70719","Arhgap45"
"ARHGAP5","394","11855","Arhgap5"
"ARHGAP6","395","11856","Arhgap6"
"ARHGAP9","64333","216445","Arhgap9"
"ARHGDIA","396","192662","Arhgdia"
"ARHGDIB","397","11857","Arhgdib"
"ARHGDIG","398","14570","Arhgdig"
"ARHGEF10","9639","234094","Arhgef10"
"ARHGEF10L","55160","72754","Arhgef10l"
"ARHGEF11","9826","213498","Arhgef11"
"ARHGEF12","23365","69632","Arhgef12"
"ARHGEF15","22899","442801","Arhgef15"
"ARHGEF16","27237","230972","Arhgef16"
"ARHGEF17","9828","207212","Arhgef17"
"ARHGEF18","23370","102098","Arhgef18"
"ARHGEF19","128272","213649","Arhgef19"
"ARHGEF2","9181","16800","Arhgef2"
"ARHGEF25","115557","52666","Arhgef25"
"ARHGEF26","26084","622434","Arhgef26"
"ARHGEF28","64283","110596","Arhgef28"
"ARHGEF3","50650","71704","Arhgef3"
"ARHGEF33","100271715","381112","Arhgef33"
"ARHGEF37","389337","328967","Arhgef37"
"ARHGEF38","54848","77669","Arhgef38"
"ARHGEF39","84904","230098","Arhgef39"
"ARHGEF4","50649","226970","Arhgef4"
"ARHGEF40","55701","268739","Arhgef40"
"ARHGEF5","7984","54324","Arhgef5"
"ARHGEF6","9459","73341","Arhgef6"
"ARHGEF7","8874","54126","Arhgef7"
"ARHGEF9","23229","236915","Arhgef9"
"ARID1A","8289","93760","Arid1a"
"ARID1B","57492","239985","Arid1b"
"ARID2","196528","77044","Arid2"
"ARID3A","1820","13496","Arid3a"
"ARID3B","10620","56380","Arid3b"
"ARID3C","138715","550619","Arid3c"
"ARID4A","5926","238247","Arid4a"
"ARID4B","51742","94246","Arid4b"
"ARID5A","10865","214855","Arid5a"
"ARID5B","84159","71371","Arid5b"
"ARIH1","25820","23806","Arih1"
"ARIH2","10425","23807","Arih2"
"ARL1","400","104303","Arl1"
"ARL10","285598","56795","Arl10"
"ARL11","115761","219144","Arl11"
"ARL13A","392509","74448","Arl13a"
"ARL13B","200894","68146","Arl13b"
"ARL14","80117","71619","Arl14"
"ARL14EP","120534","212772","Arl14ep"
"ARL14EPL","644100","381142","Arl14epl"
"ARL15","54622","218639","Arl15"
"ARL16","339231","70317","Arl16"
"ARL2","402","56327","Arl2"
"ARL2BP","23568","107566","Arl2bp"
"ARL3","403","56350","Arl3"
"ARL4A","10124","11861","Arl4a"
"ARL4C","10123","320982","Arl4c"
"ARL4D","379","80981","Arl4d"
"ARL5A","26225","75423","Arl5a"
"ARL5B","221079","75869","Arl5b"
"ARL5C","390790","217151","Arl5c"
"ARL6","84100","56297","Arl6"
"ARL6IP1","23204","54208","Arl6ip1"
"ARL6IP4","51329","65105","Arl6ip4"
"ARL6IP5","10550","65106","Arl6ip5"
"ARL6IP6","151188","65103","Arl6ip6"
"ARL8A","127829","68724","Arl8a"
"ARL8B","55207","67166","Arl8b"
"ARL9","132946","384185","Arl9"
"ARMC1","55156","74252","Armc1"
"ARMC10","83787","67211","Armc10"
"ARMC12","221481","67645","Armc12"
"ARMC2","84071","213402","Armc2"
"ARMC3","219681","70882","Armc3"
"ARMC5","79798","233912","Armc5"
"ARMC6","93436","76813","Armc6"
"ARMC7","79637","276905","Armc7"
"ARMC8","25852","74125","Armc8"
"ARMC9","80210","78795","Armc9"
"ARMCX1","51309","78248","Armcx1"
"ARMCX2","9823","67416","Armcx2"
"ARMCX3","51566","71703","Armcx3"
"ARMCX4","100131755","100503043","Armcx4"
"ARMCX5","64860","494468","Armcx5"
"ARMCX6","54470","278097","Armcx6"
"ARMH1","339541","381544","Armh1"
"ARMH2","101928603","666145","Armh2"
"ARMH3","79591","71617","Armh3"
"ARMH4","145407","67419","Armh4"
"ARMT1","79624","73419","Armt1"
"ARNT","405","11863","Arnt"
"ARNT2","9915","11864","Arnt2"
"ARNTL","406","11865","Arntl"
"ARNTL2","56938","272322","Arntl2"
"ARPC1A","10552","56443","Arpc1a"
"ARPC1B","10095","11867","Arpc1b"
"ARPC2","10109","76709","Arpc2"
"ARPC3","10094","56378","Arpc3"
"ARPC4","10093","68089","Arpc4"
"ARPC5","10092","67771","Arpc5"
"ARPC5L","81873","74192","Arpc5l"
"ARPP19","10776","59046","Arpp19"
"ARPP21","10777","74100","Arpp21"
"ARR3","407","170735","Arr3"
"ARRB1","408","109689","Arrb1"
"ARRB2","409","216869","Arrb2"
"ARRDC1","92714","215705","Arrdc1"
"ARRDC2","27106","70807","Arrdc2"
"ARRDC3","57561","105171","Arrdc3"
"ARRDC4","91947","66412","Arrdc4"
"ARRDC5","645432","76920","Arrdc5"
"ARSA","410","11883","Arsa"
"ARSB","411","11881","Arsb"
"ARSG","22901","74008","Arsg"
"ARSI","340075","545260","Arsi"
"ARSJ","79642","271970","Arsj"
"ARSK","153642","77041","Arsk"
"ART1","417","11870","Art1"
"ART3","419","109979","Art3"
"ART4","420","109978","Art4"
"ART5","116969","11875","Art5"
"ARTN","9048","11876","Artn"
"ARV1","64801","68865","Arv1"
"ARVCF","421","11877","Arvcf"
"ARX","170302","11878","Arx"
"AS3MT","57412","57344","As3mt"
"ASAH1","427","11886","Asah1"
"ASAP1","50807","13196","Asap1"
"ASAP2","8853","211914","Asap2"
"ASAP3","55616","230837","Asap3"
"ASB1","51665","65247","Asb1"
"ASB10","136371","117590","Asb10"
"ASB11","140456","68854","Asb11"
"ASB12","142689","70392","Asb12"
"ASB13","79754","142688","Asb13"
"ASB14","142686","142687","Asb14"
"ASB15","142685","78910","Asb15"
"ASB16","92591","217217","Asb16"
"ASB17","127247","66772","Asb17"
"ASB18","401036","208372","Asb18"
"ASB2","51676","65256","Asb2"
"ASB4","51666","65255","Asb4"
"ASB5","140458","76294","Asb5"
"ASB6","140459","72323","Asb6"
"ASB7","140460","117589","Asb7"
"ASB8","140461","78541","Asb8"
"ASB9","140462","69299","Asb9"
"ASCC1","51008","69090","Ascc1"
"ASCC2","84164","75452","Ascc2"
"ASCC3","10973","77987","Ascc3"
"ASCL1","429","17172","Ascl1"
"ASCL2","430","17173","Ascl2"
"ASCL3","56676","56787","Ascl3"
"ASCL4","121549","67341","Ascl4"
"ASCL5","647219","226439","Ascl5"
"ASDURF","110599588","110599589","Gm50478"
"ASF1A","25842","66403","Asf1a"
"ASF1B","55723","66929","Asf1b"
"ASGR1","432","11889","Asgr1"
"ASGR2","433","11890","Asgr2"
"ASH1L","55870","192195","Ash1l"
"ASH2L","9070","23808","Ash2l"
"ASIC1","41","11419","Asic1"
"ASIC2","40","11418","Asic2"
"ASIC3","9311","171209","Asic3"
"ASIC4","55515","241118","Asic4"
"ASIC5","51802","58170","Asic5"
"ASIP","434","50518","a"
"ASL","435","109900","Asl"
"ASMT","438","107626","Asmt"
"ASNS","440","27053","Asns"
"ASNSD1","54529","70396","Asnsd1"
"ASPA","443","11484","Aspa"
"ASPDH","554235","68352","Aspdh"
"ASPG","374569","104816","Aspg"
"ASPH","444","65973","Asph"
"ASPHD1","253982","233879","Asphd1"
"ASPHD2","57168","72898","Asphd2"
"ASPM","259266","12316","Aspm"
"ASPN","54829","66695","Aspn"
"ASPRV1","151516","67855","Asprv1"
"ASPSCR1","79058","68938","Aspscr1"
"ASRGL1","80150","66514","Asrgl1"
"ASS1","445","11898","Ass1"
"ASTE1","28990","66595","Aste1"
"ASTL","431705","215095","Astl"
"ASTN1","460","11899","Astn1"
"ASTN2","23245","56079","Astn2"
"ASXL1","171023","228790","Asxl1"
"ASXL2","55252","75302","Asxl2"
"ASXL3","80816","211961","Asxl3"
"ASZ1","136991","74068","Asz1"
"ATAD1","84896","67979","Atad1"
"ATAD2","29028","70472","Atad2"
"ATAD2B","54454","320817","Atad2b"
"ATAD3A","55210","108888","Atad3a"
"ATAD5","79915","237877","Atad5"
"ATAT1","79969","73242","Atat1"
"ATCAY","85300","16467","Atcay"
"ATE1","11101","11907","Ate1"
"ATF1","466","11908","Atf1"
"ATF1","466","100040260","Atf1-ps"
"ATF2","1386","11909","Atf2"
"ATF3","467","11910","Atf3"
"ATF4","468","11911","Atf4"
"ATF5","22809","107503","Atf5"
"ATF6","22926","226641","Atf6"
"ATF6B","1388","12915","Atf6b"
"ATF7IP","55729","54343","Atf7ip"
"ATF7IP2","80063","75329","Atf7ip2"
"ATG10","83734","66795","Atg10"
"ATG101","60673","68118","Atg101"
"ATG12","9140","67526","Atg12"
"ATG13","9776","51897","Atg13"
"ATG14","22863","100504663","Atg14"
"ATG16L1","55054","77040","Atg16l1"
"ATG16L2","89849","73683","Atg16l2"
"ATG2A","23130","329015","Atg2a"
"ATG2B","55102","76559","Atg2b"
"ATG3","64422","67841","Atg3"
"ATG4A","115201","666468","Atg4a"
"ATG4B","23192","66615","Atg4b"
"ATG4C","84938","242557","Atg4c"
"ATG4D","84971","235040","Atg4d"
"ATG5","9474","11793","Atg5"
"ATG7","10533","74244","Atg7"
"ATG9A","79065","245860","Atg9a"
"ATG9B","285973","213948","Atg9b"
"ATIC","471","108147","Atic"
"ATL1","51062","73991","Atl1"
"ATL2","64225","56298","Atl2"
"ATL3","25923","109168","Atl3"
"ATM","472","11920","Atm"
"ATMIN","23300","234776","Atmin"
"ATN1","1822","13498","Atn1"
"ATOH1","474","11921","Atoh1"
"ATOH7","220202","53404","Atoh7"
"ATOH8","84913","71093","Atoh8"
"ATOX1","475","11927","Atox1"
"ATP10A","57194","11982","Atp10a"
"ATP10B","23120","319767","Atp10b"
"ATP10D","57205","231287","Atp10d"
"ATP11A","23250","50770","Atp11a"
"ATP11B","23200","76295","Atp11b"
"ATP11C","286410","320940","Atp11c"
"ATP12A","479","192113","Atp12a"
"ATP13A1","57130","170759","Atp13a1"
"ATP13A2","23400","74772","Atp13a2"
"ATP13A3","79572","224088","Atp13a3"
"ATP13A4","84239","224079","Atp13a4"
"ATP13A5","344905","268878","Atp13a5"
"ATP1A1","476","11928","Atp1a1"
"ATP1A2","477","98660","Atp1a2"
"ATP1A3","478","232975","Atp1a3"
"ATP1A4","480","27222","Atp1a4"
"ATP1B1","481","11931","Atp1b1"
"ATP1B2","482","11932","Atp1b2"
"ATP1B3","483","11933","Atp1b3"
"ATP1B4","23439","67821","Atp1b4"
"ATP23","91419","68876","Atp23"
"ATP2A1","487","11937","Atp2a1"
"ATP2A2","488","11938","Atp2a2"
"ATP2A3","489","53313","Atp2a3"
"ATP2B1","490","67972","Atp2b1"
"ATP2B2","491","11941","Atp2b2"
"ATP2B3","492","320707","Atp2b3"
"ATP2B4","493","381290","Atp2b4"
"ATP2C1","27032","235574","Atp2c1"
"ATP2C2","9914","69047","Atp2c2"
"ATP4A","495","11944","Atp4a"
"ATP4B","496","11945","Atp4b"
"ATP5F1A","498","11946","Atp5a1"
"ATP5F1B","506","11947","Atp5b"
"ATP5F1C","509","11949","Atp5c1"
"ATP5F1D","513","66043","Atp5d"
"ATP5F1E","514","67126","Atp5e"
"ATP5IF1","93974","11983","Atpif1"
"ATP5MC1","516","11951","Atp5g1"
"ATP5MC2","517","67942","Atp5g2"
"ATP5MC3","518","228033","Atp5g3"
"ATP5MF","9551","57423","Atp5j2"
"ATP5MJ","9556","70257","Atp5mpl"
"ATP5PB","515","11950","Atp5pb"
"ATP5PD","10476","71679","Atp5h"
"ATP5PF","522","11957","Atp5j"
"ATP5PO","539","28080","Atp5o"
"ATP6","4508","17705","ATP6"
"ATP6AP1","537","54411","Atp6ap1"
"ATP6AP2","10159","70495","Atp6ap2"
"ATP6V0A1","535","11975","Atp6v0a1"
"ATP6V0A2","23545","21871","Atp6v0a2"
"ATP6V0A4","50617","140494","Atp6v0a4"
"ATP6V0B","533","114143","Atp6v0b"
"ATP6V0C","527","11984","Atp6v0c"
"ATP6V0D1","9114","11972","Atp6v0d1"
"ATP6V0D2","245972","242341","Atp6v0d2"
"ATP6V0E1","8992","11974","Atp6v0e"
"ATP6V0E2","155066","76252","Atp6v0e2"
"ATP6V1A","523","11964","Atp6v1a"
"ATP6V1B1","525","110935","Atp6v1b1"
"ATP6V1B2","526","11966","Atp6v1b2"
"ATP6V1C1","528","66335","Atp6v1c1"
"ATP6V1C2","245973","68775","Atp6v1c2"
"ATP6V1D","51382","73834","Atp6v1d"
"ATP6V1E1","529","11973","Atp6v1e1"
"ATP6V1E2","90423","74915","Atp6v1e2"
"ATP6V1F","9296","66144","Atp6v1f"
"ATP6V1FNB","100130705","668210","Atp6v1fnb"
"ATP6V1G1","9550","66290","Atp6v1g1"
"ATP6V1G2","534","66237","Atp6v1g2"
"ATP6V1G3","127124","338375","Atp6v1g3"
"ATP6V1H","51606","108664","Atp6v1h"
"ATP7A","538","11977","Atp7a"
"ATP7B","540","11979","Atp7b"
"ATP8A1","10396","11980","Atp8a1"
"ATP8A2","51761","50769","Atp8a2"
"ATP8B1","5205","54670","Atp8b1"
"ATP8B2","57198","54667","Atp8b2"
"ATP8B3","148229","67331","Atp8b3"
"ATP8B4","79895","241633","Atp8b4"
"ATP9A","10079","11981","Atp9a"
"ATP9B","374868","50771","Atp9b"
"ATPAF1","64756","230649","Atpaf1"
"ATPAF2","91647","246782","Atpaf2"
"ATPSCKMT","134145","68073","Atpsckmt"
"ATR","545","245000","Atr"
"ATRAID","51374","381629","Atraid"
"ATRN","8455","11990","Atrn"
"ATRNL1","26033","226255","Atrnl1"
"ATRX","546","22589","Atrx"
"ATXN1","6310","20238","Atxn1"
"ATXN10","25814","54138","Atxn10"
"ATXN1L","342371","52335","Atxn1l"
"ATXN2","6311","20239","Atxn2"
"ATXN2L","11273","233871","Atxn2l"
"ATXN7","6314","246103","Atxn7"
"ATXN7L1","222255","380753","Atxn7l1"
"ATXN7L2","127002","72522","Atxn7l2"
"ATXN7L3","56970","217218","Atxn7l3"
"ATXN7L3B","552889","382423","Atxn7l3b"
"AUH","549","11992","Auh"
"AUNIP","79000","69885","Aunip"
"AUP1","550","11993","Aup1"
"AURKA","6790","20878","Aurka"
"AURKAIP1","54998","66077","Aurkaip1"
"AURKB","9212","20877","Aurkb"
"AURKC","6795","20871","Aurkc"
"AUTS2","26053","319974","Auts2"
"AVEN","57099","74268","Aven"
"AVIL","10677","11567","Avil"
"AVL9","23080","78937","Avl9"
"AVP","551","11998","Avp"
"AVPI1","60370","69534","Avpi1"
"AVPR1A","552","54140","Avpr1a"
"AVPR1B","553","26361","Avpr1b"
"AVPR2","554","12000","Avpr2"
"AWAT1","158833","245533","Awat1"
"AWAT2","158835","245532","Awat2"
"AXDND1","126859","77352","Axdnd1"
"AXIN1","8312","12005","Axin1"
"AXIN2","8313","12006","Axin2"
"AXL","558","26362","Axl"
"AZGP1","563","12007","Azgp1"
"AZI2","64343","27215","Azi2"
"AZIN1","51582","54375","Azin1"
"AZIN2","113451","242669","Azin2"
"B2M","567","12010","B2m"
"B3GALNT1","8706","26879","B3galnt1"
"B3GALNT2","148789","97884","B3galnt2"
"B3GALT1","8708","26877","B3galt1"
"B3GALT2","8707","26878","B3galt2"
"B3GALT4","8705","54218","B3galt4"
"B3GALT5","10317","93961","B3galt5"
"B3GALT6","126792","117592","B3galt6"
"B3GALT9","100288842","102637973","Gm34653"
"B3GAT1","27087","76898","B3gat1"
"B3GAT2","135152","280645","B3gat2"
"B3GAT3","26229","72727","B3gat3"
"B3GLCT","145173","381694","B3glct"
"B3GNT2","10678","53625","B3gnt2"
"B3GNT3","10331","72297","B3gnt3"
"B3GNT4","79369","231727","B3gnt4"
"B3GNT5","84002","108105","B3gnt5"
"B3GNT6","192134","272411","B3gnt6"
"B3GNT7","93010","227327","B3gnt7"
"B3GNT8","374907","232984","B3gnt8"
"B3GNT9","84752","97440","B3gnt9"
"B3GNTL1","146712","210004","B3gntl1"
"B4GALNT1","2583","14421","B4galnt1"
"B4GALNT2","124872","14422","B4galnt2"
"B4GALNT3","283358","330406","B4galnt3"
"B4GALNT4","338707","330671","B4galnt4"
"B4GALT1","2683","14595","B4galt1"
"B4GALT2","8704","53418","B4galt2"
"B4GALT3","8703","57370","B4galt3"
"B4GALT4","8702","56375","B4galt4"
"B4GALT5","9334","56336","B4galt5"
"B4GALT6","9331","56386","B4galt6"
"B4GALT7","11285","218271","B4galt7"
"B4GAT1","11041","108902","B4gat1"
"B9D1","27077","27078","B9d1"
"B9D2","80776","232987","B9d2"
"BAALC","79870","118452","Baalc"
"BAAT","570","12012","Baat"
"BABAM1","29086","68251","Babam1"
"BABAM2","9577","107976","Babam2"
"BACE1","23621","23821","Bace1"
"BACE2","25825","56175","Bace2"
"BACH2","60468","12014","Bach2"
"BAD","572","12015","Bad"
"BAG1","573","12017","Bag1"
"BAG2","9532","213539","Bag2"
"BAG3","9531","29810","Bag3"
"BAG4","9530","67384","Bag4"
"BAG5","9529","70369","Bag5"
"BAG6","7917","224727","Bag6"
"BAHCC1","57597","268515","Bahcc1"
"BAHD1","22893","228536","Bahd1"
"BAIAP2","10458","108100","Baiap2"
"BAIAP2L1","55971","66898","Baiap2l1"
"BAIAP2L2","80115","207495","Baiap2l2"
"BAIAP3","8938","545192","Baiap3"
"BAK1","578","12018","Bak1"
"BAMBI","25805","68010","Bambi"
"BANF1","8815","23825","Banf1"
"BANF2","140836","403171","Banf2"
"BANK1","55024","242248","Bank1"
"BANP","54971","53325","Banp"
"BAP1","8314","104416","Bap1"
"BARD1","580","12021","Bard1"
"BARHL1","56751","54422","Barhl1"
"BARHL2","343472","104382","Barhl2"
"BARX1","56033","12022","Barx1"
"BARX2","8538","12023","Barx2"
"BASP1","10409","70350","Basp1"
"BATF","10538","53314","Batf"
"BATF2","116071","74481","Batf2"
"BATF3","55509","381319","Batf3"
"BAX","581","12028","Bax"
"BAZ1A","11177","217578","Baz1a"
"BAZ1B","9031","22385","Baz1b"
"BAZ2A","11176","116848","Baz2a"
"BAZ2B","29994","407823","Baz2b"
"BBC3","27113","170770","Bbc3"
"BBIP1","92482","100503572","Bbip1"
"BBLN","79095","73737","Bbln"
"BBLN","79095","73737","1110008P14Rik"
"BBOF1","80127","72873","Bbof1"
"BBOX1","8424","170442","Bbox1"
"BBS1","582","52028","Bbs1"
"BBS10","79738","71769","Bbs10"
"BBS12","166379","241950","Bbs12"
"BBS2","583","67378","Bbs2"
"BBS4","585","102774","Bbs4"
"BBS5","129880","72569","Bbs5"
"BBS7","55212","71492","Bbs7"
"BBS9","27241","319845","Bbs9"
"BBX","56987","70508","Bbx"
"BCAM","4059","57278","Bcam"
"BCAN","63827","12032","Bcan"
"BCAP29","55973","12033","Bcap29"
"BCAP31","10134","27061","Bcap31"
"BCAR1","9564","12927","Bcar1"
"BCAR3","8412","29815","Bcar3"
"BCAS1","8537","76960","Bcas1"
"BCAS2","10286","68183","Bcas2"
"BCAS3","54828","192197","Bcas3"
"BCAT1","586","12035","Bcat1"
"BCAT2","587","12036","Bcat2"
"BCCIP","56647","66165","Bccip"
"BCDIN3D","144233","75284","Bcdin3d"
"BCHE","590","12038","Bche"
"BCKDHA","593","12039","Bckdha"
"BCKDHB","594","12040","Bckdhb"
"BCKDK","10295","12041","Bckdk"
"BCL10","8915","12042","Bcl10"
"BCL11A","53335","14025","Bcl11a"
"BCL11B","64919","58208","Bcl11b"
"BCL2","596","12043","Bcl2"
"BCL2A1","597","12044","Bcl2a1a"
"BCL2A1","597","12045","Bcl2a1b"
"BCL2A1","597","12047","Bcl2a1d"
"BCL2A1","597","12046","Bcl2a1c"
"BCL2L1","598","12048","Bcl2l1"
"BCL2L10","10017","12049","Bcl2l10"
"BCL2L11","10018","12125","Bcl2l11"
"BCL2L12","83596","75736","Bcl2l12"
"BCL2L13","23786","94044","Bcl2l13"
"BCL2L14","79370","66813","Bcl2l14"
"BCL2L15","440603","229672","Bcl2l15"
"BCL2L2","599","12050","Bcl2l2"
"BCL3","602","12051","Bcl3"
"BCL6","604","12053","Bcl6"
"BCL6B","255877","12029","Bcl6b"
"BCL7A","605","77045","Bcl7a"
"BCL7B","9275","12054","Bcl7b"
"BCL7C","9274","12055","Bcl7c"
"BCL9","607","77578","Bcl9"
"BCL9L","283149","80288","Bcl9l"
"BCLAF1","9774","72567","Bclaf1"
"BCLAF3","256643","382252","Bclaf3"
"BCO1","53630","63857","Bco1"
"BCO2","83875","170752","Bco2"
"BCOR","54880","71458","Bcor"
"BCORL1","63035","320376","Bcorl1"
"BCR","613","110279","Bcr"
"BCS1L","617","66821","Bcs1l"
"BDH1","622","71911","Bdh1"
"BDH2","56898","69772","Bdh2"
"BDKRB1","623","12061","Bdkrb1"
"BDKRB2","624","12062","Bdkrb2"
"BDNF","627","12064","Bdnf"
"BDP1","55814","544971","Bdp1"
"BEAN1","146227","65115","Bean1"
"BECN1","8678","56208","Becn1"
"BEGAIN","57596","380785","Begain"
"BEND3","57673","331623","Bend3"
"BEND4","389206","666938","Bend4"
"BEND5","79656","67621","Bend5"
"BEND6","221336","320705","Bend6"
"BEND7","222389","209645","Bend7"
"BEST1","7439","24115","Best1"
"BEST2","54831","212989","Best2"
"BEST3","144453","382427","Best3"
"BET1","10282","12068","Bet1"
"BET1L","51272","54399","Bet1l"
"BEX1","55859","19716","Bex1"
"BEX2","84707","12069","Bex2"
"BEX3","27018","12070","Bex3"
"BEX4","56271","406217","Bex4"
"BEX4","56271","328660","Bex6"
"BFAR","51283","67118","Bfar"
"BFSP1","631","12075","Bfsp1"
"BFSP2","8419","107993","Bfsp2"
"BGLAP","632","12096","Bglap"
"BGLAP","632","12095","Bglap3"
"BGLAP","632","12097","Bglap2"
"BGN","633","12111","Bgn"
"BHLHA15","168620","17341","Bhlha15"
"BHLHA9","727857","320522","Bhlha9"
"BHLHB9","80823","70237","Bhlhb9"
"BHLHE22","27319","59058","Bhlhe22"
"BHLHE23","128408","140489","Bhlhe23"
"BHLHE40","8553","20893","Bhlhe40"
"BHLHE41","79365","79362","Bhlhe41"
"BHMT","635","12116","Bhmt"
"BHMT2","23743","64918","Bhmt2"
"BICC1","80114","83675","Bicc1"
"BICD1","636","12121","Bicd1"
"BICD2","23299","76895","Bicd2"
"BICDL1","92558","75665","Bicdl1"
"BICDL2","146439","212733","Bicdl2"
"BICRA","29998","243842","Bicra"
"BICRAL","23506","210982","Bicral"
"BID","637","12122","Bid"
"BIK","638","12124","Bik"
"BIN1","274","30948","Bin1"
"BIN2","51411","668218","Bin2"
"BIN3","55909","57784","Bin3"
"BIRC2","329","11797","Birc2"
"BIRC3","330","11796","Birc3"
"BIRC5","332","11799","Birc5"
"BIRC6","57448","12211","Birc6"
"BIRC7","79444","329581","Birc7"
"BLCAP","10904","53619","Blcap"
"BLK","640","12143","Blk"
"BLM","641","12144","Blm"
"BLMH","642","104184","Blmh"
"BLNK","29760","17060","Blnk"
"BLOC1S1","2647","14533","Bloc1s1"
"BLOC1S2","282991","73689","Bloc1s2"
"BLOC1S3","388552","232946","Bloc1s3"
"BLOC1S4","55330","117197","Bloc1s4"
"BLOC1S5","63915","17828","Bloc1s5"
"BLOC1S6","26258","18457","Bloc1s6"
"BLVRA","644","109778","Blvra"
"BLVRB","645","233016","Blvrb"
"BLZF1","8548","66352","Blzf1"
"BMERB1","89927","67254","Bmerb1"
"BMF","90427","171543","Bmf"
"BMP1","649","12153","Bmp1"
"BMP10","27302","12154","Bmp10"
"BMP15","9210","12155","Bmp15"
"BMP2","650","12156","Bmp2"
"BMP2K","55589","140780","Bmp2k"
"BMP3","651","110075","Bmp3"
"BMP4","652","12159","Bmp4"
"BMP5","653","12160","Bmp5"
"BMP6","654","12161","Bmp6"
"BMP7","655","12162","Bmp7"
"BMP8A","353500","12163","Bmp8a"
"BMPER","168667","73230","Bmper"
"BMPR1A","657","12166","Bmpr1a"
"BMPR1B","658","12167","Bmpr1b"
"BMPR2","659","12168","Bmpr2"
"BMS1","9790","213895","Bms1"
"BMT2","154743","101148","Bmt2"
"BMX","660","12169","Bmx"
"BNC1","646","12173","Bnc1"
"BNC2","54796","242509","Bnc2"
"BNIP1","662","224630","Bnip1"
"BNIP2","663","12175","Bnip2"
"BNIP3","664","12176","Bnip3"
"BNIP3L","665","12177","Bnip3l"
"BNIP3L","665","100043324","Bnip3l-ps"
"BNIP5","389384","207819","Bnip5"
"BNIPL","149428","171388","Bnipl"
"BOC","91653","117606","Boc"
"BOD1L1","259282","665775","Bod1l"
"BOK","666","51800","Bok"
"BOLA1","51027","69168","Bola1"
"BOLA3","388962","78653","Bola3"
"BOLL","66037","75388","Boll"
"BOP1","23246","12181","Bop1"
"BORA","79866","77744","Bora"
"BORCS5","118426","67774","Borcs5"
"BORCS6","54785","71923","Borcs6"
"BORCS7","119032","66439","Borcs7"
"BORCS8","729991","72368","Borcs8"
"BPGM","669","12183","Bpgm"
"BPHL","670","68021","Bphl"
"BPI","671","329547","Bpi"
"BPIFA1","51297","18843","Bpifa1"
"BPIFA1","51297","67135","Bpifa5"
"BPIFA2","140683","19194","Bpifa2"
"BPIFA3","128861","73388","Bpifa3"
"BPIFB1","92747","228801","Bpifb1"
"BPIFB2","80341","66557","Bpifb2"
"BPIFB3","359710","378700","Bpifb3"
"BPIFB4","149954","381399","Bpifb4"
"BPIFB6","128859","228796","Bpifb6"
"BPIFC","254240","270757","Bpifc"
"BPNT1","10380","23827","Bpnt1"
"BPNT2","54928","242291","Bpnt2"
"BPTF","2186","207165","Bptf"
"BRAF","673","109880","Braf"
"BRAP","8315","72399","Brap"
"BRAT1","221927","231841","Brat1"
"BRCA1","672","12189","Brca1"
"BRCA2","675","12190","Brca2"
"BRCC3","79184","210766","Brcc3"
"BRCC3","79184","368203","Gm5136"
"BRD1","23774","223770","Brd1"
"BRD2","6046","14312","Brd2"
"BRD3","8019","67382","Brd3"
"BRD4","23476","57261","Brd4"
"BRD7","29117","26992","Brd7"
"BRD8","10902","78656","Brd8"
"BRD9","65980","105246","Brd9"
"BRDT","676","114642","Brdt"
"BRF1","2972","72308","Brf1"
"BRF2","55290","66653","Brf2"
"BRI3","25798","55950","Bri3"
"BRI3BP","140707","76809","Bri3bp"
"BRICD5","283870","319259","Bricd5"
"BRINP1","1620","56710","Brinp1"
"BRINP2","57795","240843","Brinp2"
"BRINP3","339479","215378","Brinp3"
"BRIP1","83990","237911","Brip1"
"BRIX1","55299","67832","Brix1"
"BRK1","55845","101314","Brk1"
"BRME1","79173","74666","Brme1"
"BRMS1","25855","107392","Brms1"
"BRMS1L","84312","52592","Brms1l"
"BROX","148362","71678","Brox"
"BRPF1","7862","78783","Brpf1"
"BRPF3","27154","268936","Brpf3"
"BRS3","680","12209","Brs3"
"BRSK1","84446","381979","Brsk1"
"BRSK2","9024","75770","Brsk2"
"BRWD1","54014","93871","Brwd1"
"BRWD3","254065","382236","Brwd3"
"BSCL2","26580","14705","Bscl2"
"BSDC1","55108","100383","Bsdc1"
"BSG","682","12215","Bsg"
"BSN","8927","12217","Bsn"
"BSND","7809","140475","Bsnd"
"BSPH1","100131137","330470","Bsph1"
"BSPRY","54836","192120","Bspry"
"BST1","683","12182","Bst1"
"BST2","684","69550","Bst2"
"BSX","390259","244813","Bsx"
"BTAF1","9044","107182","Btaf1"
"BTBD1","53339","83962","Btbd1"
"BTBD10","84280","68815","Btbd10"
"BTBD11","121551","74007","Btbd11"
"BTBD16","118663","330660","Btbd16"
"BTBD17","388419","72014","Btbd17"
"BTBD18","643376","100270744","Btbd18"
"BTBD19","149478","78611","Btbd19"
"BTBD2","55643","208198","Btbd2"
"BTBD3","22903","228662","Btbd3"
"BTBD6","90135","399566","Btbd6"
"BTBD7","55727","238386","Btbd7"
"BTBD8","284697","100503185","Btbd8"
"BTBD9","114781","224671","Btbd9"
"BTC","685","12223","Btc"
"BTD","686","26363","Btd"
"BTF3","689","218490","Btf3"
"BTF3L4","91408","70533","Btf3l4"
"BTG1","694","12226","Btg1"
"BTG2","7832","12227","Btg2"
"BTG3","10950","12228","Btg3"
"BTG4","54766","56057","Btg4"
"BTK","695","12229","Btk"
"BTLA","151888","208154","Btla"
"BTN1A1","696","12231","Btn1a1"
"BTN2A2","10385","238555","Btn2a2"
"BTN3A1","11119","102639802","Gm36028"
"BTNL2","56244","547431","Btnl2"
"BTNL9","153579","237754","Btnl9"
"BTRC","8945","12234","Btrc"
"BUB1","699","12235","Bub1"
"BUB1B","701","12236","Bub1b"
"BUB3","9184","12237","Bub3"
"BUD13","84811","215051","Bud13"
"BUD23","114049","66138","Bud23"
"BUD31","8896","231889","Bud31"
"BVES","11149","23828","Bves"
"BYSL","705","53414","Bysl"
"BZW1","9689","66882","Bzw1"
"BZW2","28969","66912","Bzw2"
"C10orf105","414152","100302688","Gm17455"
"C10orf120","399814","233918","4933402N03Rik"
"C10orf143","387723","77252","9430038I01Rik"
"C10orf53","282966","67085","1700024G13Rik"
"C10orf62","414157","66765","4933411K16Rik"
"C10orf67","256815","70909","4921504E06Rik"
"C10orf71","118461","100504518","3425401B19Rik"
"C10orf82","143379","67507","1700019N19Rik"
"C10orf88","80007","68277","2310057M21Rik"
"C10orf90","118611","71007","D7Ertd443e"
"C10orf99","387695","70045","2610528A11Rik"
"C11orf1","64776","68721","1110032A03Rik"
"C11orf16","56673","57355","BC051019"
"C11orf24","53838","72056","1810055G02Rik"
"C11orf42","160298","100503879","Gm5901"
"C11orf49","79096","228356","1110051M20Rik"
"C11orf52","91894","66952","2310030G06Rik"
"C11orf53","341032","69809","1810046K07Rik"
"C11orf54","28970","70984","4931406C07Rik"
"C11orf58","10944","56372","1110004F10Rik"
"C11orf65","160140","75311","4930550C14Rik"
"C11orf68","83638","107242","AI837181"
"C11orf71","54494","434402","Gm5617"
"C11orf80","79703","381196","Gm960"
"C11orf86","254439","69861","2010003K11Rik"
"C11orf87","399947","330941","AI593442"
"C11orf91","100131378","68243","A930018P22Rik"
"C11orf94","143678","75641","1700029I15Rik"
"C11orf96","387763","620695","Gm13889"
"C11orf97","643037","69325","1700012B09Rik"
"C11orf98","102288414","66276","1810009A15Rik"
"C12orf29","91298","68281","4930430F08Rik"
"C12orf4","57102","28040","D6Wsu163e"
"C12orf42","374470","76640","1700113H08Rik"
"C12orf43","64897","72357","2210016L21Rik"
"C12orf50","160419","66605","1700017N19Rik"
"C12orf56","115749","216393","D930020B18Rik"
"C12orf57","113246","14790","Grcc10"
"C12orf60","144608","320135","BC049715"
"C12orf71","728858","73344","1700034J05Rik"
"C12orf73","728568","544717","1190007I07Rik"
"C12orf75","387882","69784","1500009L16Rik"
"C13orf46","100507747","66501","1700029H14Rik"
"C14orf119","55017","58248","1700123O20Rik"
"C14orf132","56967","268595","D430019H16Rik"
"C14orf180","400258","319942","A530016L24Rik"
"C14orf28","122525","217648","Gm527"
"C14orf39","317761","75801","4930447C04Rik"
"C14orf93","60686","74359","4931414P19Rik"
"C15orf39","56905","74211","1700017B05Rik"
"C15orf40","123207","67290","3110040N11Rik"
"C15orf48","84419","433470","AA467197"
"C15orf61","145853","69478","2300009A05Rik"
"C15orf62","643338","623781","Gm14137"
"C15orf65","145788","546143","Ccpg1os"
"C16orf46","123775","69528","1700030J22Rik"
"C16orf54","283897","101602","AI467606"
"C16orf72","29035","69053","1810013L24Rik"
"C16orf74","404550","68918","1190005I06Rik"
"C16orf74","404550","105734727","Gm27021"
"C16orf78","123970","330820","4933402J07Rik"
"C16orf86","388284","71046","4933405L10Rik"
"C16orf87","388272","66714","4921524J17Rik"
"C16orf89","146556","239691","AU021092"
"C16orf91","283951","214489","BC003965"
"C16orf92","146378","78118","4930451I11Rik"
"C16orf95","100506581","76405","1700018B08Rik"
"C16orf96","342346","78809","4930562C15Rik"
"C17orf100","388327","75304","4930563E22Rik"
"C17orf107","100130311","668433","4930544D05Rik"
"C17orf49","124944","104457","0610010K14Rik"
"C17orf50","146853","66330","1700020L24Rik"
"C17orf58","284018","69066","1810010H24Rik"
"C17orf64","124773","73634","1700125H20Rik"
"C17orf67","339210","217071","Gm525"
"C17orf75","64149","70591","5730455P16Rik"
"C17orf78","284099","628813","Gm11437"
"C17orf80","55028","276852","D11Wsu47e"
"C17orf97","400566","74230","1700016K19Rik"
"C17orf98","388381","72215","1700001P01Rik"
"C17orf99","100141515","77727","6030468B19Rik"
"C18orf21","83608","68046","2700062C07Rik"
"C18orf21","83608","668459","Gm9182"
"C18orf25","147339","212163","8030462N17Rik"
"C18orf32","497661","407819","BC031181"
"C18orf54","162681","269033","4930503L19Rik"
"C18orf63","644041","100503964","Gm17266"
"C19orf12","83636","72244","1600014C10Rik"
"C19orf18","147685","73090","2900092C05Rik"
"C19orf25","148223","66374","2310011J03Rik"
"C19orf33","64073","72275","2200002D01Rik"
"C19orf38","255809","382062","AB124611"
"C19orf44","84167","72254","1700030K09Rik"
"C19orf47","126526","66367","2310022A10Rik"
"C19orf53","28974","101966","D8Ertd738e"
"C19orf54","284325","414069","BC024978"
"C19orf67","646457","73453","1700067K01Rik"
"C19orf71","100128569","432479","4930404N11Rik"
"C19orf81","342918","69349","1700008O03Rik"
"C19orf84","147646","105242927","Gm38999"
"C19orf85","111064650","102640043","Gm36210"
"C1D","10438","57316","C1d"
"C1GALT1","56913","94192","C1galt1"
"C1GALT1C1","29071","59048","C1galt1c1"
"C1orf100","200159","69428","1700016C15Rik"
"C1orf105","92346","75368","4930558K02Rik"
"C1orf109","54955","194268","9930104L06Rik"
"C1orf112","55732","381306","BC055324"
"C1orf115","79762","226777","C130074G19Rik"
"C1orf116","79098","212439","AA986860"
"C1orf122","127687","68920","1110065P20Rik"
"C1orf127","148345","230909","Gm572"
"C1orf131","128061","66523","2810004N23Rik"
"C1orf141","400757","70941","4921539E11Rik"
"C1orf146","388649","76421","1700028K03Rik"
"C1orf158","93190","69364","1700012P22Rik"
"C1orf159","54991","230996","9430015G10Rik"
"C1orf162","128346","433638","I830077J02Rik"
"C1orf174","339448","97159","A430005L14Rik"
"C1orf185","284546","67646","4930522H14Rik"
"C1orf189","388701","73545","1700094D03Rik"
"C1orf194","127003","75504","1700013F07Rik"
"C1orf198","84886","69551","2310022B05Rik"
"C1orf21","81563","69399","1700025G04Rik"
"C1orf210","149466","66451","2610528J11Rik"
"C1orf216","127703","230757","5730409E04Rik"
"C1orf226","400793","665574","Gm7694"
"C1orf232","110806296","115489946","Gm30191"
"C1orf35","79169","67862","2310033P09Rik"
"C1orf43","25912","99650","4933434E20Rik"
"C1orf50","79078","230696","AU022252"
"C1orf52","148423","66421","2410004B18Rik"
"C1orf53","388722","69549","2310009B15Rik"
"C1orf54","79630","229600","BC028528"
"C1orf56","54964","229588","Gm128"
"C1orf68","100129271","66533","2310050C09Rik"
"C1orf74","148304","319266","A130010J15Rik"
"C1orf87","127795","620779","Gm12695"
"C1orf94","84970","635169","CK137956"
"C1QA","712","12259","C1qa"
"C1QB","713","12260","C1qb"
"C1QBP","708","12261","C1qbp"
"C1QC","714","12262","C1qc"
"C1QL1","10882","23829","C1ql1"
"C1QL2","165257","226359","C1ql2"
"C1QL3","389941","227580","C1ql3"
"C1QL4","338761","239659","C1ql4"
"C1QTNF1","114897","56745","C1qtnf1"
"C1QTNF12","388581","67389","C1qtnf12"
"C1QTNF2","114898","69183","C1qtnf2"
"C1QTNF3","114899","81799","C1qtnf3"
"C1QTNF4","114900","67445","C1qtnf4"
"C1QTNF5","114902","235312","C1qtnf5"
"C1QTNF6","114904","72709","C1qtnf6"
"C1QTNF7","114905","109323","C1qtnf7"
"C1R","715","50909","C1ra"
"C1R","715","667277","C1rb"
"C1RL","51279","232371","C1rl"
"C1S","716","50908","C1s1"
"C1S","716","317677","C1s2"
"C2","717","12263","C2"
"C20orf141","128653","75656","1700020A23Rik"
"C20orf144","128864","75480","1700003F12Rik"
"C20orf173","140873","320095","6430550D23Rik"
"C20orf202","400831","228767","Tmem74bos"
"C20orf204","284739","101056205","Gm29797"
"C20orf27","54976","67326","1700037H04Rik"
"C20orf85","128602","72221","1700021F07Rik"
"C20orf96","140680","228778","6820408C15Rik"
"C21orf58","54058","76964","2610028H24Rik"
"C21orf62","56245","74387","4932438H23Rik"
"C21orf91","54149","67102","D16Ertd472e"
"C22orf15","150248","333670","Gm867"
"C22orf23","84645","27660","1700088E04Rik"
"C22orf39","128977","72307","2510002D24Rik"
"C2CD2","25966","207781","C2cd2"
"C2CD2L","9854","71764","C2cd2l"
"C2CD3","26005","277939","C2cd3"
"C2CD4A","145741","244911","C2cd4a"
"C2CD4B","388125","75697","C2cd4b"
"C2CD4C","126567","237397","C2cd4c"
"C2CD4D","100191040","271944","C2cd4d"
"C2CD5","9847","74741","C2cd5"
"C2CD6","151254","73463","C2cd6"
"C2orf16","84226","102635566","Gm17434"
"C2orf16","84226","102635990","LOC102635990"
"C2orf16","84226","102638085","Gm17695"
"C2orf42","54980","232196","C87436"
"C2orf49","79074","98404","AI597479"
"C2orf50","130813","73667","2410004P03Rik"
"C2orf66","401027","102637189","Gm34066"
"C2orf68","388969","68364","0610030E20Rik"
"C2orf69","205327","73467","1700066M21Rik"
"C2orf72","257407","72792","2810459M11Rik"
"C2orf73","129852","75087","4930505A04Rik"
"C2orf74","339804","67358","1700093K21Rik"
"C2orf76","130355","73103","3110009E18Rik"
"C2orf78","388960","434172","Gm5592"
"C2orf78","388960","243944","4930433I11Rik"
"C2orf78","388960","233164","Gm4884"
"C2orf80","389073","98303","D630023F18Rik"
"C2orf81","388963","71837","1700003E16Rik"
"C2orf88","84281","67080","1700019D03Rik"
"C2orf92","728537","71166","4933424G06Rik"
"C3","718","12266","C3"
"C3AR1","719","12267","C3ar1"
"C3orf14","57415","218734","3830406C13Rik"
"C3orf18","51161","235599","6430571L13Rik"
"C3orf20","84077","381798","4930590J08Rik"
"C3orf22","152065","243535","BC048671"
"C3orf33","285315","329659","E130311K13Rik"
"C3orf38","285237","67609","4930453N24Rik"
"C3orf49","132200","102633458","Gm11100"
"C3orf52","79669","212998","BC016579"
"C3orf62","375341","112418","1700102P08Rik"
"C3orf70","285382","72190","2510009E07Rik"
"C3orf80","401097","68725","1110032F04Rik"
"C3orf84","646498","434439","BC048562"
"C4B","721","625018","C4a"
"C4BPA","722","12269","C4bp"
"C4orf17","84103","67741","4930579F01Rik"
"C4orf19","55286","76261","0610040J01Rik"
"C4orf3","401152","67704","1810037I17Rik"
"C4orf33","132321","73852","D3Ertd751e"
"C4orf36","132989","74218","1700016H13Rik"
"C4orf45","152940","100233207","Gm17359"
"C4orf46","201725","75939","4930579G24Rik"
"C4orf47","441054","69479","1700029J07Rik"
"C4orf48","401115","381633","Gm1673"
"C4orf50","389197","381634","Gm1043"
"C4orf51","646603","67687","1700011L22Rik"
"C4orf54","285556","102634333","1110002E22Rik"
"C5","727","15139","Hc"
"C5AR1","728","12273","C5ar1"
"C5AR2","27202","319430","C5ar2"
"C5orf15","56951","213673","9530068E07Rik"
"C5orf22","55322","77877","6030458C11Rik"
"C5orf24","134553","78521","B230219D22Rik"
"C5orf34","375444","67392","4833420G17Rik"
"C5orf46","389336","225443","Gm94"
"C5orf47","133491","67592","4930524B15Rik"
"C5orf49","134121","69315","1700001L19Rik"
"C5orf51","285636","106064","AW549877"
"C5orf52","100190949","67430","4921536K21Rik"
"C5orf63","401207","77422","C330018D20Rik"
"C6","729","12274","C6"
"C6orf118","168090","66931","1700010I14Rik"
"C6orf120","387263","67912","1600012H06Rik"
"C6orf132","647024","224833","AI661453"
"C6orf136","221545","69662","2310061I04Rik"
"C6orf141","135398","71583","9130008F23Rik"
"C6orf15","29113","69542","2300002M23Rik"
"C6orf163","206412","214568","Gm136"
"C6orf201","404220","66761","4933417A18Rik"
"C6orf226","441150","67101","2310039H08Rik"
"C6orf47","57827","114585","D17H6S53E"
"C6orf58","352999","67719","2310057J18Rik"
"C6orf62","81688","79555","BC005537"
"C6orf89","221477","80748","BC004004"
"C7","730","109828","C7"
"C7orf25","79020","105351","AW209491"
"C7orf26","79034","231868","E130309D02Rik"
"C7orf31","136895","70821","4921507P07Rik"
"C7orf50","84310","73212","3110082I17Rik"
"C7orf57","136288","626870","Gm11992"
"C8A","731","230558","C8a"
"C8B","732","110382","C8b"
"C8G","733","69379","C8g"
"C8orf33","65265","117171","1110038F14Rik"
"C8orf34","116328","320492","A830018L16Rik"
"C8orf48","157773","621080","AI429214"
"C8orf58","541565","268759","9930012K11Rik"
"C8orf74","203076","67750","4930578I06Rik"
"C8orf82","414919","223665","C030006K11Rik"
"C8orf88","100127983","100038514","Gm11837"
"C8orf89","100130301","75799","4930444P10Rik"
"C9","735","12279","C9"
"C9orf116","138162","69327","1700007K13Rik"
"C9orf131","138724","67317","1700022I11Rik"
"C9orf135","138255","67483","1700028P14Rik"
"C9orf152","401546","242484","D630039A03Rik"
"C9orf24","84688","73721","1110017D15Rik"
"C9orf40","55071","225995","D030056L22Rik"
"C9orf43","257169","214106","4933430I17Rik"
"C9orf50","375759","73598","1700001O22Rik"
"C9orf64","84267","70153","2210016F16Rik"
"C9orf72","203228","73205","C9orf72"
"C9orf78","51759","227707","BC005624"
"C9orf85","138241","66206","1110059E24Rik"
"CA1","759","12346","Car1"
"CA10","56934","72605","Car10"
"CA11","770","12348","Car11"
"CA12","771","76459","Car12"
"CA13","377677","71934","Car13"
"CA14","23632","23831","Car14"
"CA2","760","12349","Car2"
"CA3","761","12350","Car3"
"CA4","762","12351","Car4"
"CA5A","763","12352","Car5a"
"CA5B","11238","56078","Car5b"
"CA6","765","12353","Car6"
"CA7","766","12354","Car7"
"CA8","767","12319","Car8"
"CA9","768","230099","Car9"
"CAAP1","79886","67770","Caap1"
"CAB39","51719","12283","Cab39"
"CAB39L","81617","69008","Cab39l"
"CABCOCO1","219621","73287","Cabcoco1"
"CABIN1","23523","104248","Cabin1"
"CABLES1","91768","63955","Cables1"
"CABLES2","81928","252966","Cables2"
"CABP1","9478","29867","Cabp1"
"CABP2","51475","29866","Cabp2"
"CABP4","57010","73660","Cabp4"
"CABP5","56344","29865","Cabp5"
"CABP7","164633","192650","Cabp7"
"CABS1","85438","70977","Cabs1"
"CABYR","26256","71132","Cabyr"
"CACFD1","11094","381356","Cacfd1"
"CACHD1","57685","320508","Cachd1"
"CACNA1A","773","12286","Cacna1a"
"CACNA1B","774","12287","Cacna1b"
"CACNA1D","776","12289","Cacna1d"
"CACNA1E","777","12290","Cacna1e"
"CACNA1F","778","54652","Cacna1f"
"CACNA1G","8913","12291","Cacna1g"
"CACNA1H","8912","58226","Cacna1h"
"CACNA1I","8911","239556","Cacna1i"
"CACNA1S","779","12292","Cacna1s"
"CACNA2D1","781","12293","Cacna2d1"
"CACNA2D2","9254","56808","Cacna2d2"
"CACNA2D3","55799","12294","Cacna2d3"
"CACNA2D4","93589","319734","Cacna2d4"
"CACNB1","782","12295","Cacnb1"
"CACNB2","783","12296","Cacnb2"
"CACNB3","784","12297","Cacnb3"
"CACNB4","785","12298","Cacnb4"
"CACNG1","786","12299","Cacng1"
"CACNG2","10369","12300","Cacng2"
"CACNG3","10368","54376","Cacng3"
"CACNG4","27092","54377","Cacng4"
"CACNG5","27091","140723","Cacng5"
"CACNG6","59285","54378","Cacng6"
"CACNG7","59284","81904","Cacng7"
"CACNG8","59283","81905","Cacng8"
"CACTIN","58509","70312","Cactin"
"CACUL1","143384","78832","Cacul1"
"CACYBP","27101","12301","Cacybp"
"CAD","790","69719","Cad"
"CADM1","23705","54725","Cadm1"
"CADM2","253559","239857","Cadm2"
"CADM3","57863","94332","Cadm3"
"CADM4","199731","260299","Cadm4"
"CADPS","8618","27062","Cadps"
"CADPS2","93664","320405","Cadps2"
"CAGE1","285782","71213","Cage1"
"CALB1","793","12307","Calb1"
"CALB2","794","12308","Calb2"
"CALCA","796","12310","Calca"
"CALCB","797","116903","Calcb"
"CALCOCO1","57658","67488","Calcoco1"
"CALCOCO2","10241","76815","Calcoco2"
"CALCR","799","12311","Calcr"
"CALCRL","10203","54598","Calcrl"
"CALD1","800","109624","Cald1"
"CALHM1","255022","546729","Calhm1"
"CALHM2","51063","72691","Calhm2"
"CALHM4","221301","270711","Calhm4"
"CALHM5","254228","103511","Calhm5"
"CALHM6","441168","215900","Calhm6"
"CALM1","801","12313","Calm1"
"CALM2","805","12314","Calm2"
"CALM3","808","12315","Calm3"
"CALML3","810","70405","Calml3"
"CALML4","91860","75600","Calml4"
"CALML5","51806","80796","Calm4"
"CALML5","51806","494124","Calm5"
"CALN1","83698","140904","Caln1"
"CALR","811","12317","Calr"
"CALR3","125972","73316","Calr3"
"CALU","813","12321","Calu"
"CALY","50632","68566","Caly"
"CAMK1","8536","52163","Camk1"
"CAMK1D","57118","227541","Camk1d"
"CAMK1G","57172","215303","Camk1g"
"CAMK2A","815","12322","Camk2a"
"CAMK2B","816","12323","Camk2b"
"CAMK2D","817","108058","Camk2d"
"CAMK2G","818","12325","Camk2g"
"CAMK2N1","55450","66259","Camk2n1"
"CAMK2N2","94032","73047","Camk2n2"
"CAMK4","814","12326","Camk4"
"CAMKK1","84254","55984","Camkk1"
"CAMKK2","10645","207565","Camkk2"
"CAMKMT","79823","73582","Camkmt"
"CAMKV","79012","235604","Camkv"
"CAMLG","819","12328","Caml"
"CAMP","820","12796","Camp"
"CAMSAP1","157922","227634","Camsap1"
"CAMSAP2","23271","67886","Camsap2"
"CAMSAP3","57662","69697","Camsap3"
"CAMTA1","23261","100072","Camta1"
"CAMTA2","23125","216874","Camta2"
"CAND1","55832","71902","Cand1"
"CAND2","23066","67088","Cand2"
"CANT1","124583","76025","Cant1"
"CANX","821","12330","Canx"
"CAP1","10487","12331","Cap1"
"CAP2","10486","67252","Cap2"
"CAPG","822","12332","Capg"
"CAPN1","823","12333","Capn1"
"CAPN10","11132","23830","Capn10"
"CAPN11","11131","268958","Capn11"
"CAPN12","147968","60594","Capn12"
"CAPN13","92291","381122","Capn13"
"CAPN15","6650","50817","Capn15"
"CAPN2","824","12334","Capn2"
"CAPN3","825","12335","Capn3"
"CAPN5","726","12337","Capn5"
"CAPN6","827","12338","Capn6"
"CAPN7","23473","12339","Capn7"
"CAPN8","388743","170725","Capn8"
"CAPN9","10753","73647","Capn9"
"CAPNS1","826","12336","Capns1"
"CAPNS2","84290","69543","Capns2"
"CAPRIN1","4076","53872","Caprin1"
"CAPRIN2","65981","232560","Caprin2"
"CAPS2","84698","353025","Caps2"
"CAPSL","133690","75568","Capsl"
"CAPZA1","829","12340","Capza1"
"CAPZA2","830","12343","Capza2"
"CAPZA3","93661","12344","Capza3"
"CAPZB","832","12345","Capzb"
"CARD10","29775","105844","Card10"
"CARD11","84433","108723","Card11"
"CARD14","79092","170720","Card14"
"CARD19","84270","68480","Card19"
"CARD6","84674","239319","Card6"
"CARD9","64170","332579","Card9"
"CARF","79800","241066","Carf"
"CARHSP1","23589","52502","Carhsp1"
"CARM1","10498","59035","Carm1"
"CARMIL1","55604","68732","Carmil1"
"CARMIL2","146206","234695","Carmil2"
"CARMIL3","90668","268747","Carmil3"
"CARNMT1","138199","67383","Carnmt1"
"CARNS1","57571","107239","Carns1"
"CARS1","833","27267","Cars"
"CARS2","79587","71941","Cars2"
"CARTPT","9607","27220","Cartpt"
"CASC3","22794","192160","Casc3"
"CASD1","64921","213819","Casd1"
"CASK","8573","12361","Cask"
"CASKIN1","57524","268932","Caskin1"
"CASKIN2","57513","140721","Caskin2"
"CASP14","23581","12365","Casp14"
"CASP16P","197350","381070","Casp16"
"CASP2","835","12366","Casp2"
"CASP3","836","12367","Casp3"
"CASP4","837","12363","Casp4"
"CASP6","839","12368","Casp6"
"CASP7","840","12369","Casp7"
"CASP8","841","12370","Casp8"
"CASP8AP2","9994","26885","Casp8ap2"
"CASP9","842","12371","Casp9"
"CASQ1","844","12372","Casq1"
"CASQ2","845","12373","Casq2"
"CASR","846","12374","Casr"
"CASS4","57091","320664","Cass4"
"CAST","831","12380","Cast"
"CASTOR1","652968","71962","Castor1"
"CASTOR2","729438","80909","Castor2"
"CASZ1","54897","69743","Casz1"
"CAT","847","12359","Cat"
"CATIP","375307","241112","Catip"
"CATSPER1","117144","225865","Catsper1"
"CATSPER2","117155","212670","Catsper2"
"CATSPER3","347732","76856","Catsper3"
"CATSPER4","378807","329954","Catsper4"
"CATSPERB","79820","271036","Catsperb"
"CATSPERD","257062","106757","Catsperd"
"CATSPERE","257044","631584","Catspere1"
"CATSPERE","257044","545391","Catspere2"
"CATSPERG","57828","76718","Catsperg2"
"CATSPERG","57828","320225","Catsperg1"
"CATSPERZ","25858","67077","Catsperz"
"CAV1","857","12389","Cav1"
"CAV2","858","12390","Cav2"
"CAV3","859","12391","Cav3"
"CAVIN1","284119","19285","Cavin1"
"CAVIN2","8436","20324","Cavin2"
"CAVIN3","112464","109042","Cavin3"
"CAVIN4","347273","68016","Cavin4"
"CBARP","255057","100503659","Cbarp"
"CBFA2T2","9139","12396","Cbfa2t2"
"CBFA2T3","863","12398","Cbfa2t3"
"CBFB","865","12400","Cbfb"
"CBL","867","12402","Cbl"
"CBLB","868","208650","Cblb"
"CBLC","23624","80794","Cblc"
"CBLIF","2694","14603","Cblif"
"CBLL1","79872","104836","Cbll1"
"CBLN1","869","12404","Cbln1"
"CBLN2","147381","12405","Cbln2"
"CBLN3","643866","56410","Cbln3"
"CBLN4","140689","228942","Cbln4"
"CBR1","873","12408","Cbr1"
"CBR3","874","109857","Cbr3"
"CBR4","84869","234309","Cbr4"
"CBX1","10951","12412","Cbx1"
"CBX2","84733","12416","Cbx2"
"CBX3","11335","12417","Cbx3"
"CBX4","8535","12418","Cbx4"
"CBX5","23468","12419","Cbx5"
"CBX6","23466","494448","Cbx6"
"CBX7","23492","52609","Cbx7"
"CBX8","57332","30951","Cbx8"
"CBY1","25776","73739","Cby1"
"CBY2","220082","67926","Cby2"
"CBY3","646019","76653","Cby3"
"CC2D1A","54862","212139","Cc2d1a"
"CC2D1B","200014","319965","Cc2d1b"
"CC2D2A","57545","231214","Cc2d2a"
"CC2D2B","387707","668310","Cc2d2b"
"CCAR1","55749","67500","Ccar1"
"CCAR2","57805","219158","Ccar2"
"CCBE1","147372","320924","Ccbe1"
"CCDC102A","92922","234582","Ccdc102a"
"CCDC103","388389","73293","Ccdc103"
"CCDC105","126402","70976","Ccdc105"
"CCDC106","29903","232821","Ccdc106"
"CCDC107","203260","622404","Ccdc107"
"CCDC110","256309","212392","Ccdc110"
"CCDC112","153733","240261","Ccdc112"
"CCDC113","29070","244608","Ccdc113"
"CCDC115","84317","69668","Ccdc115"
"CCDC116","164592","76872","Ccdc116"
"CCDC117","150275","104479","Ccdc117"
"CCDC12","151903","72654","Ccdc12"
"CCDC120","90060","54648","Ccdc120"
"CCDC121","79635","403180","Ccdc121"
"CCDC122","160857","108811","Ccdc122"
"CCDC124","115098","234388","Ccdc124"
"CCDC125","202243","76041","Ccdc125"
"CCDC126","90693","57895","Ccdc126"
"CCDC127","133957","67433","Ccdc127"
"CCDC13","152206","100502861","Ccdc13"
"CCDC134","79879","76457","Ccdc134"
"CCDC136","64753","232664","Ccdc136"
"CCDC137","339230","67291","Ccdc137"
"CCDC138","165055","76138","Ccdc138"
"CCDC14","64770","239839","Ccdc14"
"CCDC141","285025","545428","Ccdc141"
"CCDC142","84865","243510","Ccdc142"
"CCDC146","57639","75172","Ccdc146"
"CCDC148","130940","227933","Ccdc148"
"CCDC149","91050","100503884","Ccdc149"
"CCDC15","80071","245902","Ccdc15"
"CCDC150","284992","78016","Ccdc150"
"CCDC152","100129792","100039139","Ccdc152"
"CCDC153","283152","270150","Ccdc153"
"CCDC154","645811","207209","Ccdc154"
"CCDC157","550631","216516","Ccdc157"
"CCDC158","339965","320696","Ccdc158"
"CCDC159","126075","67119","Ccdc159"
"CCDC160","347475","434778","Ccdc160"
"CCDC166","100130274","223648","Ccdc166"
"CCDC167","154467","68597","Ccdc167"
"CCDC168","643677","102636082","Gm8251"
"CCDC169","728591","320604","Ccdc169"
"CCDC17","149483","622665","Ccdc17"
"CCDC170","80129","100504234","Ccdc170"
"CCDC171","203238","320226","Ccdc171"
"CCDC172","374355","75645","Ccdc172"
"CCDC173","129881","75051","Ccdc173"
"CCDC174","51244","232236","Ccdc174"
"CCDC175","729665","73936","Ccdc175"
"CCDC177","56936","380768","Ccdc177"
"CCDC178","374864","70950","Ccdc178"
"CCDC18","343099","73254","Ccdc18"
"CCDC180","100499483","381522","Ccdc180"
"CCDC181","57821","74895","Ccdc181"
"CCDC182","101927581","74297","Ccdc182"
"CCDC183","84960","77058","Ccdc183"
"CCDC184","387856","239650","Ccdc184"
"CCDC185","164127","433386","Ccdc185"
"CCDC186","55088","213993","Ccdc186"
"CCDC187","399693","329366","Ccdc187"
"CCDC188","388849","102638083","Ccdc188"
"CCDC189","90835","233899","Ccdc189"
"CCDC190","339512","78465","Ccdc190"
"CCDC191","57577","212153","Ccdc191"
"CCDC192","728586","75444","Ccdc192"
"CCDC194","110806280","619297","Ccdc194"
"CCDC196","440184","626215","Gm6657"
"CCDC198","55195","67082","ccdc198"
"CCDC200","100874261","667306","Gm11634"
"CCDC22","28952","54638","Ccdc22"
"CCDC24","149473","381546","Ccdc24"
"CCDC25","55246","67179","Ccdc25"
"CCDC27","148870","381580","Ccdc27"
"CCDC28A","25901","215814","Ccdc28a"
"CCDC28B","79140","66264","Ccdc28b"
"CCDC3","83643","74186","Ccdc3"
"CCDC30","728621","73332","Ccdc30"
"CCDC32","90416","269336","Ccdc32"
"CCDC33","80125","382077","Ccdc33"
"CCDC34","91057","68201","Ccdc34"
"CCDC38","120935","237465","Ccdc38"
"CCDC39","339829","51938","Ccdc39"
"CCDC40","55036","207607","Ccdc40"
"CCDC42","146849","276920","Ccdc42"
"CCDC43","124808","52715","Ccdc43"
"CCDC47","57003","67163","Ccdc47"
"CCDC50","152137","67501","Ccdc50"
"CCDC51","79714","66658","Ccdc51"
"CCDC54","84692","69339","Ccdc54"
"CCDC57","284001","71276","Ccdc57"
"CCDC59","29080","52713","Ccdc59"
"CCDC6","8030","76551","Ccdc6"
"CCDC60","160777","269693","Ccdc60"
"CCDC61","729440","232933","Ccdc61"
"CCDC62","84660","208908","Ccdc62"
"CCDC63","160762","330188","Ccdc63"
"CCDC65","85478","105833","Ccdc65"
"CCDC66","285331","320234","Ccdc66"
"CCDC68","80323","381175","Ccdc68"
"CCDC69","26112","52570","Ccdc69"
"CCDC7","79741","75453","Ccdc7b"
"CCDC70","83446","67929","Ccdc70"
"CCDC71","64925","72454","Ccdc71"
"CCDC71L","168455","72123","Ccdc71l"
"CCDC73","493860","211936","Ccdc73"
"CCDC77","84318","67200","Ccdc77"
"CCDC78","124093","381077","Ccdc78"
"CCDC8","83987","434130","Ccdc8"
"CCDC80","151887","67896","Ccdc80"
"CCDC81","60494","70884","Ccdc81"
"CCDC82","79780","66396","Ccdc82"
"CCDC83","220047","75338","Ccdc83"
"CCDC85A","114800","216613","Ccdc85a"
"CCDC85B","11007","240514","Ccdc85b"
"CCDC85C","317762","668158","Ccdc85c"
"CCDC86","79080","108673","Ccdc86"
"CCDC87","55231","399599","Ccdc87"
"CCDC88A","55704","108686","Ccdc88a"
"CCDC88B","283234","78317","Ccdc88b"
"CCDC88C","440193","68339","Ccdc88c"
"CCDC89","220388","70054","Ccdc89"
"CCDC9","26093","243846","Ccdc9"
"CCDC90B","60492","66365","Ccdc90b"
"CCDC91","55297","67015","Ccdc91"
"CCDC92","80212","215707","Ccdc92"
"CCDC92B","101928991","432582","Ccdc92b"
"CCDC93","54520","70829","Ccdc93"
"CCDC96","257236","66717","Ccdc96"
"CCDC97","90324","52132","Ccdc97"
"CCDC9B","388115","214239","Ccdc9b"
"CCER1","196477","66716","Ccer1"
"CCER2","643669","100504112","Ccer2"
"CCHCR1","54535","240084","Cchcr1"
"CCIN","881","442829","Ccin"
"CCK","885","12424","Cck"
"CCKAR","886","12425","Cckar"
"CCKBR","887","12426","Cckbr"
"CCL1","6346","20290","Ccl1"
"CCL1","6346","20307","Ccl8"
"CCL11","6356","20292","Ccl11"
"CCL13","6357","20296","Ccl2"
"CCL17","6361","20295","Ccl17"
"CCL19","6363","24047","Ccl19"
"CCL19","6363","100039789","Gm12407"
"CCL19","6363","100039848","Gm2457"
"CCL19","6363","100039973","Gm13309"
"CCL19","6363","100040035","Gm2564"
"CCL19","6363","100861618","Ccl19-ps1"
"CCL19","6363","100861647","Gm21104"
"CCL20","6364","20297","Ccl20"
"CCL21","6366","18829","Ccl21a"
"CCL21","6366","100042493","Ccl21b"
"CCL21","6366","100504239","Gm10591"
"CCL21","6366","100504346","Gm13304"
"CCL21","6366","100862177","Ccl21d"
"CCL22","6367","20299","Ccl22"
"CCL24","6369","56221","Ccl24"
"CCL25","6370","20300","Ccl25"
"CCL27","10850","100039863","Gm13306"
"CCL27","10850","100040048","Ccl27b"
"CCL28","56477","56838","Ccl28"
"CCL5","6352","20304","Ccl5"
"CCL7","6354","20306","Ccl7"
"CCM2","83605","216527","Ccm2"
"CCM2L","140706","228788","Ccm2l"
"CCN1","3491","16007","Ccn1"
"CCN2","1490","14219","Ccn2"
"CCN3","4856","18133","Ccn3"
"CCN4","8840","22402","Ccn4"
"CCN5","8839","22403","Ccn5"
"CCN6","8838","327743","Ccn6"
"CCNA1","8900","12427","Ccna1"
"CCNA2","890","12428","Ccna2"
"CCNB1","891","268697","Ccnb1"
"CCNB1","891","434175","Ccnb1-ps"
"CCNB1IP1","57820","239083","Ccnb1ip1"
"CCNB2","9133","12442","Ccnb2"
"CCNB3","85417","209091","Ccnb3"
"CCNC","892","51813","Ccnc"
"CCND1","595","12443","Ccnd1"
"CCND2","894","12444","Ccnd2"
"CCND3","896","12445","Ccnd3"
"CCNDBP1","23582","17151","Ccndbp1"
"CCNE1","898","12447","Ccne1"
"CCNE2","9134","12448","Ccne2"
"CCNF","899","12449","Ccnf"
"CCNG1","900","12450","Ccng1"
"CCNG2","901","12452","Ccng2"
"CCNH","902","66671","Ccnh"
"CCNI","10983","12453","Ccni"
"CCNJ","54619","240665","Ccnj"
"CCNJL","79616","380694","Ccnjl"
"CCNK","8812","12454","Ccnk"
"CCNL1","57018","56706","Ccnl1"
"CCNL2","81669","56036","Ccnl2"
"CCNO","10309","218630","Ccno"
"CCNQ","92002","69109","Ccnq"
"CCNT1","904","12455","Ccnt1"
"CCNT2","905","72949","Ccnt2"
"CCNY","219771","67974","Ccny"
"CCNYL1","151195","227210","Ccnyl1"
"CCP110","9738","101565","Ccp110"
"CCPG1","9236","72278","Ccpg1"
"CCR1","1230","12768","Ccr1"
"CCR1","1230","12770","Ccr1l1"
"CCR10","2826","12777","Ccr10"
"CCR2","729230","12772","Ccr2"
"CCR4","1233","12773","Ccr4"
"CCR5","1234","12774","Ccr5"
"CCR6","1235","12458","Ccr6"
"CCR7","1236","12775","Ccr7"
"CCR8","1237","12776","Ccr8"
"CCR9","10803","12769","Ccr9"
"CCRL2","9034","54199","Ccrl2"
"CCS","9973","12460","Ccs"
"CCSAP","126731","73420","Ccsap"
"CCSER1","401145","232035","Ccser1"
"CCSER2","54462","72972","Ccser2"
"CCT2","10576","12461","Cct2"
"CCT3","7203","12462","Cct3"
"CCT4","10575","12464","Cct4"
"CCT5","22948","12465","Cct5"
"CCT6A","908","12466","Cct6a"
"CCT6B","10693","12467","Cct6b"
"CCT7","10574","12468","Cct7"
"CCT8","10694","12469","Cct8"
"CCT8L2","150160","242891","Cct8l1"
"CD101","9398","630146","Cd101"
"CD109","135228","235505","Cd109"
"CD14","929","12475","Cd14"
"CD151","977","12476","Cd151"
"CD160","11126","54215","Cd160"
"CD163","9332","93671","Cd163"
"CD164","8763","53599","Cd164"
"CD164L2","388611","69655","Cd164l2"
"CD177","57126","68891","Cd177"
"CD180","4064","17079","Cd180"
"CD19","930","12478","Cd19"
"CD1D","912","12479","Cd1d1"
"CD2","914","12481","Cd2"
"CD200","4345","17470","Cd200"
"CD200R1L","344807","239849","Cd200r4"
"CD200R1L","344807","271375","Cd200r2"
"CD200R1L","344807","74603","Cd200r3"
"CD207","50489","246278","Cd207"
"CD209","30835","170780","Cd209e"
"CD209","30835","170776","Cd209c"
"CD209","30835","69165","Cd209b"
"CD209","30835","170779","Cd209d"
"CD22","933","12483","Cd22"
"CD226","10666","225825","Cd226"
"CD24","100133941","12484","Cd24a"
"CD244","51744","18106","Cd244a"
"CD247","919","12503","Cd247"
"CD248","57124","70445","Cd248"
"CD27","939","21940","Cd27"
"CD274","29126","60533","Cd274"
"CD276","80381","102657","Cd276"
"CD28","940","12487","Cd28"
"CD2AP","23607","12488","Cd2ap"
"CD2BP2","10421","70233","Cd2bp2"
"CD300A","11314","217303","Cd300a"
"CD300C","10871","387565","Cd300c"
"CD300C","10871","140497","Cd300c2"
"CD300E","342510","217306","Cd300e"
"CD300LB","124599","217304","Cd300lb"
"CD300LD","100131439","217305","Cd300ld"
"CD300LF","146722","246746","Cd300lf"
"CD300LG","146894","52685","Cd300lg"
"CD302","9936","66205","Cd302"
"CD320","51293","54219","Cd320"
"CD34","947","12490","Cd34"
"CD36","948","12491","Cd36"
"CD37","951","12493","Cd37"
"CD38","952","12494","Cd38"
"CD3D","915","12500","Cd3d"
"CD3E","916","12501","Cd3e"
"CD3G","917","12502","Cd3g"
"CD4","920","12504","Cd4"
"CD40","958","21939","Cd40"
"CD40LG","959","21947","Cd40lg"
"CD44","960","12505","Cd44"
"CD46","4179","17221","Cd46"
"CD47","961","16423","Cd47"
"CD48","962","12506","Cd48"
"CD5","921","12507","Cd5"
"CD52","1043","23833","Cd52"
"CD53","963","12508","Cd53"
"CD55","1604","13136","Cd55"
"CD55","1604","13137","Cd55b"
"CD59","966","333883","Cd59b"
"CD59","966","12509","Cd59a"
"CD5L","922","11801","Cd5l"
"CD6","923","12511","Cd6"
"CD63","967","12512","Cd63"
"CD68","968","12514","Cd68"
"CD69","969","12515","Cd69"
"CD7","924","12516","Cd7"
"CD70","970","21948","Cd70"
"CD72","971","12517","Cd72"
"CD74","972","16149","Cd74"
"CD79A","973","12518","Cd79a"
"CD79B","974","15985","Cd79b"
"CD80","941","12519","Cd80"
"CD81","975","12520","Cd81"
"CD82","3732","12521","Cd82"
"CD83","9308","12522","Cd83"
"CD84","8832","12523","Cd84"
"CD86","942","12524","Cd86"
"CD8A","925","12525","Cd8a"
"CD9","928","12527","Cd9"
"CD93","22918","17064","Cd93"
"CD96","10225","84544","Cd96"
"CD99L2","83692","171486","Cd99l2"
"CDA","978","72269","Cda"
"CDADC1","81602","71891","Cdadc1"
"CDAN1","146059","68968","Cdan1"
"CDC123","8872","98828","Cdc123"
"CDC14A","8556","229776","Cdc14a"
"CDC16","8881","69957","Cdc16"
"CDC20","991","107995","Cdc20"
"CDC20B","166979","238896","Cdc20b"
"CDC23","8697","52563","Cdc23"
"CDC25A","993","12530","Cdc25a"
"CDC25B","994","12531","Cdc25b"
"CDC25C","995","12532","Cdc25c"
"CDC26","246184","66440","Cdc26"
"CDC27","996","217232","Cdc27"
"CDC34","997","216150","Cdc34"
"CDC37","11140","12539","Cdc37"
"CDC37L1","55664","67072","Cdc37l1"
"CDC40","51362","71713","Cdc40"
"CDC42","998","12540","Cdc42"
"CDC42BPA","8476","226751","Cdc42bpa"
"CDC42BPB","9578","217866","Cdc42bpb"
"CDC42BPG","55561","240505","Cdc42bpg"
"CDC42EP1","11135","104445","Cdc42ep1"
"CDC42EP2","10435","104252","Cdc42ep2"
"CDC42EP3","10602","260409","Cdc42ep3"
"CDC42EP4","23580","56699","Cdc42ep4"
"CDC42EP5","148170","58804","Cdc42ep5"
"CDC42SE1","56882","57912","Cdc42se1"
"CDC42SE2","56990","72729","Cdc42se2"
"CDC45","8318","12544","Cdc45"
"CDC5L","988","71702","Cdc5l"
"CDC5L","988","668209","Gm9046"
"CDC5L","988","668203","Gm9044"
"CDC5L","988","102635473","Gm32802"
"CDC5L","988","102635357","Gm32717"
"CDC5L","988","668213","Gm9048"
"CDC6","990","23834","Cdc6"
"CDC7","8317","12545","Cdc7"
"CDC73","79577","214498","Cdc73"
"CDCA2","157313","108912","Cdca2"
"CDCA3","83461","14793","Cdca3"
"CDCA4","55038","71963","Cdca4"
"CDCA5","113130","67849","Cdca5"
"CDCA7","83879","66953","Cdca7"
"CDCA7L","55536","217946","Cdca7l"
"CDCA8","55143","52276","Cdca8"
"CDCP1","64866","109332","Cdcp1"
"CDCP2","200008","242603","Cdcp2"
"CDH1","999","12550","Cdh1"
"CDH10","1008","320873","Cdh10"
"CDH11","1009","12552","Cdh11"
"CDH12","1010","215654","Cdh12"
"CDH13","1012","12554","Cdh13"
"CDH15","1013","12555","Cdh15"
"CDH16","1014","12556","Cdh16"
"CDH17","1015","12557","Cdh17"
"CDH18","1016","320865","Cdh18"
"CDH19","28513","227485","Cdh19"
"CDH2","1000","12558","Cdh2"
"CDH20","28316","23836","Cdh20"
"CDH22","64405","104010","Cdh22"
"CDH23","64072","22295","Cdh23"
"CDH24","64403","239096","Cdh24"
"CDH26","60437","381409","Cdh26"
"CDH3","1001","12560","Cdh3"
"CDH4","1002","12561","Cdh4"
"CDH5","1003","12562","Cdh5"
"CDH6","1004","12563","Cdh6"
"CDH7","1005","241201","Cdh7"
"CDH8","1006","12564","Cdh8"
"CDH9","1007","12565","Cdh9"
"CDHR1","92211","170677","Cdhr1"
"CDHR2","54825","268663","Cdhr2"
"CDHR3","222256","68764","Cdhr3"
"CDHR4","389118","69398","Cdhr4"
"CDHR5","53841","72040","Cdhr5"
"CDIN1","84529","399568","Cdin1"
"CDIP1","29965","66626","Cdip1"
"CDIPT","10423","52858","Cdipt"
"CDK1","983","12534","Cdk1"
"CDK10","8558","234854","Cdk10"
"CDK12","51755","69131","Cdk12"
"CDK13","8621","69562","Cdk13"
"CDK14","5218","18647","Cdk14"
"CDK15","65061","271697","Cdk15"
"CDK16","5127","18555","Cdk16"
"CDK17","5128","237459","Cdk17"
"CDK18","5129","18557","Cdk18"
"CDK19","23097","78334","Cdk19"
"CDK2","1017","12566","Cdk2"
"CDK20","23552","105278","Cdk20"
"CDK2AP1","8099","13445","Cdk2ap1"
"CDK2AP2","10263","52004","Cdk2ap2"
"CDK4","1019","12567","Cdk4"
"CDK5","1020","12568","Cdk5"
"CDK5R1","8851","12569","Cdk5r1"
"CDK5R2","8941","12570","Cdk5r2"
"CDK5RAP1","51654","66971","Cdk5rap1"
"CDK5RAP2","55755","214444","Cdk5rap2"
"CDK5RAP3","80279","80280","Cdk5rap3"
"CDK6","1021","12571","Cdk6"
"CDK7","1022","12572","Cdk7"
"CDK8","1024","264064","Cdk8"
"CDK9","1025","107951","Cdk9"
"CDKAL1","54901","68916","Cdkal1"
"CDKL1","8814","71091","Cdkl1"
"CDKL2","8999","53886","Cdkl2"
"CDKL3","51265","213084","Cdkl3"
"CDKL4","344387","381113","Cdkl4"
"CDKL5","6792","382253","Cdkl5"
"CDKN1A","1026","12575","Cdkn1a"
"CDKN1B","1027","12576","Cdkn1b"
"CDKN1C","1028","12577","Cdkn1c"
"CDKN2A","1029","12578","Cdkn2a"
"CDKN2AIP","55602","70925","Cdkn2aip"
"CDKN2AIPNL","91368","52626","Cdkn2aipnl"
"CDKN2B","1030","12579","Cdkn2b"
"CDKN2C","1031","12580","Cdkn2c"
"CDKN2D","1032","12581","Cdkn2d"
"CDKN3","1033","72391","Cdkn3"
"CDNF","441549","227526","Cdnf"
"CDO1","1036","12583","Cdo1"
"CDON","50937","57810","Cdon"
"CDPF1","150383","72355","Cdpf1"
"CDR1","1038","631990","Cdr1"
"CDR2","1039","12585","Cdr2"
"CDR2L","30850","237988","Cdr2l"
"CDRT4","284040","66338","Cdrt4"
"CDS1","1040","74596","Cds1"
"CDS2","8760","110911","Cds2"
"CDSN","1041","386463","Cdsn"
"CDT1","81620","67177","Cdt1"
"CDV3","55573","321022","Cdv3"
"CDV3","55573","102639170","Cdv3-ps"
"CDX1","1044","12590","Cdx1"
"CDX2","1045","12591","Cdx2"
"CDX4","1046","12592","Cdx4"
"CDYL","9425","12593","Cdyl"
"CDYL2","124359","75796","Cdyl2"
"CEACAM1","634","26365","Ceacam1"
"CEACAM1","634","26367","Ceacam2"
"CEACAM16","388551","330483","Ceacam16"
"CEACAM18","729767","72431","Ceacam18"
"CEACAM19","56971","319930","Ceacam19"
"CEACAM20","125931","71601","Ceacam20"
"CEACAM21","90273","26436","Psg16"
"CEACAM21","90273","114868","Psg25"
"CEACAM21","90273","73250","Ceacam5"
"CEACAM21","90273","381852","Gm5155"
"CEACAM21","90273","67315","Ceacam12"
"CEACAM21","90273","26438","Psg18"
"CEACAM21","90273","384557","Ceacam3"
"CEACAM21","90273","56868","Psg23"
"CEACAM21","90273","114871","Psg28"
"CEACAM21","90273","69785","Ceacam13"
"CEACAM21","90273","66996","Ceacam11"
"CEACAM21","90273","114872","Psg29"
"CEACAM21","90273","67084","Ceacam14"
"CEACAM21","90273","574429","Psg26"
"CEACAM21","90273","26368","Ceacam9"
"CEACAM21","90273","545925","Psg27"
"CEACAM21","90273","101434","Ceacam15"
"CEACAM21","90273","26437","Psg17"
"CEACAM21","90273","26366","Ceacam10"
"CEACAM21","90273","26439","Psg19"
"CEACAM21","90273","72242","Psg21"
"CEACAM21","90273","243862","Psg22"
"CEACAM21","90273","434540","Psg20"
"CEBPA","1050","12606","Cebpa"
"CEBPB","1051","12608","Cebpb"
"CEBPD","1052","12609","Cebpd"
"CEBPE","1053","110794","Cebpe"
"CEBPG","1054","12611","Cebpg"
"CEBPZ","10153","12607","Cebpz"
"CEBPZOS","100505876","68554","Cebpzos"
"CECR2","27443","330409","Cecr2"
"CEL","1056","12613","Cel"
"CELA1","1990","109901","Cela1"
"CELA3A","10136","242711","Cela3a"
"CELA3B","23436","67868","Cela3b"
"CELF1","10658","13046","Celf1"
"CELF2","10659","14007","Celf2"
"CELF3","11189","78784","Celf3"
"CELF4","56853","108013","Celf4"
"CELF5","60680","319586","Celf5"
"CELF6","60677","76183","Celf6"
"CELSR1","9620","12614","Celsr1"
"CELSR2","1952","53883","Celsr2"
"CELSR3","1951","107934","Celsr3"
"CEMIP","57214","80982","Cemip"
"CEMIP2","23670","83921","Cemip2"
"CENATAC","338657","382073","Ccdc84"
"CEND1","51286","57754","Cend1"
"CENPA","1058","12615","Cenpa"
"CENPB","1059","12616","Cenpb"
"CENPC","1060","12617","Cenpc1"
"CENPE","1062","229841","Cenpe"
"CENPF","1063","108000","Cenpf"
"CENPH","64946","26886","Cenph"
"CENPI","2491","102920","Cenpi"
"CENPJ","55835","219103","Cenpj"
"CENPK","64105","60411","Cenpk"
"CENPL","91687","70454","Cenpl"
"CENPM","79019","66570","Cenpm"
"CENPN","55839","72155","Cenpn"
"CENPO","79172","52504","Cenpo"
"CENPP","401541","66336","Cenpp"
"CENPQ","55166","83815","Cenpq"
"CENPT","80152","320394","Cenpt"
"CENPU","79682","71876","Cenpu"
"CENPV","201161","73139","Cenpv"
"CENPW","387103","66311","Cenpw"
"CENPX","201254","20892","Cenpx"
"CEP104","9731","230967","Cep104"
"CEP112","201134","76380","Cep112"
"CEP120","153241","225523","Cep120"
"CEP126","57562","234915","Cep126"
"CEP128","145508","75216","Cep128"
"CEP131","22994","12009","Cep131"
"CEP135","9662","381644","Cep135"
"CEP152","22995","99100","Cep152"
"CEP162","22832","382090","Cep162"
"CEP164","22897","214552","Cep164"
"CEP170B","283638","217882","Cep170b"
"CEP19","84984","66994","Cep19"
"CEP192","55125","70799","Cep192"
"CEP20","123811","66086","Cep20"
"CEP250","11190","16328","Cep250"
"CEP290","80184","216274","Cep290"
"CEP295","85459","319675","Cep295"
"CEP295NL","100653515","58251","Cep295nl"
"CEP350","9857","74081","Cep350"
"CEP41","95681","83922","Cep41"
"CEP43","11116","75296","Cep43"
"CEP44","80817","382010","Cep44"
"CEP55","55165","74107","Cep55"
"CEP57","9702","74360","Cep57"
"CEP57L1","285753","103268","Cep57l1"
"CEP63","80254","28135","Cep63"
"CEP68","23177","216543","Cep68"
"CEP70","80321","68121","Cep70"
"CEP72","55722","74470","Cep72"
"CEP76","79959","225659","Cep76"
"CEP78","84131","208518","Cep78"
"CEP83","51134","77048","Cep83"
"CEP85","64793","70012","Cep85"
"CEP85L","387119","100038725","Cep85l"
"CEP89","84902","72140","Cep89"
"CEP95","90799","320162","Cep95"
"CEP97","79598","74201","Cep97"
"CEPT1","10390","99712","Cept1"
"CER1","9350","12622","Cer1"
"CERCAM","51148","99151","Cercam"
"CERK","64781","223753","Cerk"
"CERKL","375298","228094","Cerkl"
"CERS1","10715","93898","Cers1"
"CERS2","29956","76893","Cers2"
"CERS3","204219","545975","Cers3"
"CERS4","79603","67260","Cers4"
"CERS5","91012","71949","Cers5"
"CERS6","253782","241447","Cers6"
"CERT1","10087","68018","Cert1"
"CES1","1066","104158","Ces1d"
"CES1","1066","13884","Ces1c"
"CES1","1066","382044","Ces1b"
"CES1","1066","75704","Ces1h"
"CES1","1066","12623","Ces1g"
"CES2","8824","436059","Ces2h"
"CES2","8824","71903","Ces2f"
"CES2","8824","234673","Ces2e"
"CES2","8824","234671","Ces2c"
"CES2","8824","234669","Ces2b"
"CES2","8824","72361","Ces2g"
"CES2","8824","102022","Ces2a"
"CES3","23491","13909","Ces3b"
"CES3","23491","382053","Ces3a"
"CES4A","283848","234677","Ces4a"
"CES5A","221223","67935","Ces5a"
"CETN1","1068","26369","Cetn1"
"CETN2","1069","26370","Cetn2"
"CETN3","1070","12626","Cetn3"
"CFAP100","348807","243538","Cfap100"
"CFAP126","257177","75472","Cfap126"
"CFAP157","286207","227736","Cfap157"
"CFAP161","161502","75556","Cfap161"
"CFAP20","29105","14894","Cfap20"
"CFAP206","154313","69329","Cfap206"
"CFAP20DC","200844","74430","Cfap20dc"
"CFAP221","200373","226356","Cfap221"
"CFAP251","144406","269701","Wdr66"
"CFAP299","255119","75784","Cfap299"
"CFAP300","85016","234912","Cfap300"
"CFAP36","112942","216618","Cfap36"
"CFAP410","755","67884","Cfap410"
"CFAP43","80217","100048534","Cfap43"
"CFAP44","55779","212517","Cfap44"
"CFAP45","25790","71870","Cfap45"
"CFAP46","54777","212124","Cfap46"
"CFAP52","146845","71860","Cfap52"
"CFAP53","220136","74453","Cfap53"
"CFAP54","144535","380654","Cfap54"
"CFAP57","149465","68625","Cfap57"
"CFAP58","159686","381229","Cfap58"
"CFAP61","26074","78774","Cfap61"
"CFAP65","255101","241116","Cfap65"
"CFAP69","79846","207686","Cfap69"
"CFAP70","118491","76670","Cfap70"
"CFAP73","387885","546886","Cfap73"
"CFAP74","85452","544678","Cfap74"
"CFAP77","389799","329375","Cfap77"
"CFAP91","89876","320214","Cfap91"
"CFAP92","57501","613264","1810020O05Rik"
"CFAP97","57587","66756","Cfap97"
"CFAP97D1","284067","75437","Cfap97d1"
"CFAP97D2","101929355","403185","Cfap97d2"
"CFAP99","402160","100862066","Cfap99"
"CFB","629","14962","Cfb"
"CFD","1675","11537","Cfd"
"CFDP1","10428","23837","Cfdp1"
"CFH","3075","12628","Cfh"
"CFI","3426","12630","Cfi"
"CFL1","1072","12631","Cfl1"
"CFL2","1073","12632","Cfl2"
"CFLAR","8837","12633","Cflar"
"CFP","5199","18636","Cfp"
"CFTR","1080","12638","Cftr"
"CGA","1081","12640","Cga"
"CGAS","115004","214763","Cgas"
"CGGBP1","8545","106143","Cggbp1"
"CGN","57530","70737","Cgn"
"CGNL1","84952","68178","Cgnl1"
"CGREF1","10669","68567","Cgref1"
"CGRRF1","10668","68755","Cgrrf1"
"CH25H","9023","12642","Ch25h"
"CHAC1","79094","69065","Chac1"
"CHAC2","494143","68044","Chac2"
"CHAD","1101","12643","Chad"
"CHADL","150356","214685","Chadl"
"CHAF1A","10036","27221","Chaf1a"
"CHAF1B","8208","110749","Chaf1b"
"CHAMP1","283489","101994","Champ1"
"CHAT","1103","12647","Chat"
"CHCHD1","118487","66121","Chchd1"
"CHCHD10","400916","103172","Chchd10"
"CHCHD2","51142","14004","Chchd2"
"CHCHD2","51142","433806","Chchd2-ps"
"CHCHD3","54927","66075","Chchd3"
"CHCHD4","131474","72170","Chchd4"
"CHCHD5","84269","66170","Chchd5"
"CHCHD6","84303","66098","Chchd6"
"CHCHD7","79145","66433","Chchd7"
"CHD1","1105","12648","Chd1"
"CHD1L","9557","68058","Chd1l"
"CHD2","1106","244059","Chd2"
"CHD3","1107","216848","Chd3"
"CHD4","1108","107932","Chd4"
"CHD5","26038","269610","Chd5"
"CHD6","84181","71389","Chd6"
"CHD7","55636","320790","Chd7"
"CHD8","57680","67772","Chd8"
"CHD9","80205","109151","Chd9"
"CHDH","55349","218865","Chdh"
"CHEK1","1111","12649","Chek1"
"CHEK2","11200","50883","Chek2"
"CHERP","10523","27967","Cherp"
"CHFR","55743","231600","Chfr"
"CHGA","1113","12652","Chga"
"CHGB","1114","12653","Chgb"
"CHI3L1","1116","12654","Chil1"
"CHIA","27159","81600","Chia1"
"CHIA","27159","104183","Chil4"
"CHIA","27159","229687","Chil5"
"CHIA","27159","229688","Chil6"
"CHIA","27159","12655","Chil3"
"CHIC1","53344","12212","Chic1"
"CHIC2","26511","74277","Chic2"
"CHID1","66005","68038","Chid1"
"CHIT1","1118","71884","Chit1"
"CHKA","1119","12660","Chka"
"CHKB","1120","12651","Chkb"
"CHL1","10752","12661","Chl1"
"CHM","1121","12662","Chm"
"CHMP1A","5119","234852","Chmp1a"
"CHMP1B","57132","67064","Chmp1b"
"CHMP2A","27243","68953","Chmp2a"
"CHMP2B","25978","68942","Chmp2b"
"CHMP4B","128866","75608","Chmp4b"
"CHMP4C","92421","66371","Chmp4c"
"CHMP5","51510","76959","Chmp5"
"CHMP6","79643","208092","Chmp6"
"CHMP7","91782","105513","Chmp7"
"CHN1","1123","108699","Chn1"
"CHN2","1124","69993","Chn2"
"CHODL","140578","246048","Chodl"
"CHORDC1","26973","66917","Chordc1"
"CHP1","11261","56398","Chp1"
"CHP2","63928","70261","Chp2"
"CHPF","79586","74241","Chpf"
"CHPF2","54480","100910","Chpf2"
"CHPT1","56994","212862","Chpt1"
"CHRAC1","54108","93696","Chrac1"
"CHRD","8646","12667","Chrd"
"CHRDL1","91851","83453","Chrdl1"
"CHRDL2","25884","69121","Chrdl2"
"CHRM1","1128","12669","Chrm1"
"CHRM2","1129","243764","Chrm2"
"CHRM3","1131","12671","Chrm3"
"CHRM4","1132","12672","Chrm4"
"CHRM5","1133","213788","Chrm5"
"CHRNA1","1134","11435","Chrna1"
"CHRNA10","57053","504186","Chrna10"
"CHRNA2","1135","110902","Chrna2"
"CHRNA3","1136","110834","Chrna3"
"CHRNA4","1137","11438","Chrna4"
"CHRNA5","1138","110835","Chrna5"
"CHRNA6","8973","11440","Chrna6"
"CHRNA9","55584","231252","Chrna9"
"CHRNB1","1140","11443","Chrnb1"
"CHRNB2","1141","11444","Chrnb2"
"CHRNB3","1142","108043","Chrnb3"
"CHRNB4","1143","108015","Chrnb4"
"CHRND","1144","11447","Chrnd"
"CHRNE","1145","11448","Chrne"
"CHRNG","1146","11449","Chrng"
"CHST1","8534","76969","Chst1"
"CHST10","9486","98388","Chst10"
"CHST11","50515","58250","Chst11"
"CHST12","55501","59031","Chst12"
"CHST13","166012","71797","Chst13"
"CHST14","113189","72136","Chst14"
"CHST15","51363","77590","Chst15"
"CHST2","9435","54371","Chst2"
"CHST3","9469","53374","Chst3"
"CHST4","10164","26887","Chst4"
"CHST6","4166","56773","Chst5"
"CHST7","56548","60322","Chst7"
"CHST8","64377","68947","Chst8"
"CHST9","83539","71367","Chst9"
"CHSY1","22856","269941","Chsy1"
"CHSY3","337876","78923","Chsy3"
"CHTF18","63922","214901","Chtf18"
"CHTF8","54921","214987","Chtf8"
"CHTOP","26097","66511","Chtop"
"CHUK","1147","12675","Chuk"
"CHURC1","91612","211151","Churc1"
"CIAO1","9391","26371","Ciao1"
"CIAO2A","84191","68250","Ciao2a"
"CIAO2B","51647","68523","Ciao2b"
"CIAO3","64428","67563","Ciao3"
"CIAPIN1","57019","109006","Ciapin1"
"CIART","148523","229599","Ciart"
"CIB1","10519","23991","Cib1"
"CIB2","10518","56506","Cib2"
"CIB3","117286","234421","Cib3"
"CIB4","130106","73259","Cib4"
"CIBAR1","137392","68099","Cibar1"
"CIBAR2","339145","436062","Cibar2"
"CIC","23152","71722","Cic"
"CIDEA","1149","12683","Cidea"
"CIDEB","27141","12684","Cideb"
"CIDEC","63924","14311","Cidec"
"CIITA","4261","12265","Ciita"
"CILK1","22858","56542","Cilk1"
"CILP","8483","214425","Cilp"
"CILP2","148113","68709","Cilp2"
"CINP","51550","67236","Cinp"
"CIP2A","57650","224171","Cip2a"
"CIPC","85457","217732","Cipc"
"CIR1","9541","66935","Cir1"
"CIRBP","1153","12696","Cirbp"
"CISD1","55847","52637","Cisd1"
"CISD2","493856","67006","Cisd2"
"CISD3","284106","217149","Cisd3"
"CISD3","284106","100504524","Cisd3b"
"CISH","1154","12700","Cish"
"CIT","11113","12704","Cit"
"CITED1","4435","12705","Cited1"
"CITED2","10370","17684","Cited2"
"CITED4","163732","56222","Cited4"
"CIZ1","25792","68379","Ciz1"
"CKAP2","26586","80986","Ckap2"
"CKAP2L","150468","70466","Ckap2l"
"CKAP4","10970","216197","Ckap4"
"CKAP5","9793","75786","Ckap5"
"CKB","1152","12709","Ckb"
"CKLF","51192","75458","Cklf"
"CKM","1158","12715","Ckm"
"CKMT2","1160","76722","Ckmt2"
"CKS1B","1163","54124","Cks1b"
"CKS2","1164","66197","Cks2"
"CLASP1","23332","76707","Clasp1"
"CLASP2","23122","76499","Clasp2"
"CLASRP","11129","53609","Clasrp"
"CLBA1","122616","217887","Clba1"
"CLCA1","1179","23844","Clca1"
"CLCA2","9635","229933","Clca2"
"CLCA4","22802","99663","Clca4a"
"CLCA4","22802","99709","Clca4b"
"CLCC1","23155","229725","Clcc1"
"CLCF1","23529","56708","Clcf1"
"CLCN1","1180","12723","Clcn1"
"CLCN2","1181","12724","Clcn2"
"CLCN3","1182","12725","Clcn3"
"CLCN4","1183","12727","Clcn4"
"CLCN5","1184","12728","Clcn5"
"CLCN6","1185","26372","Clcn6"
"CLCN7","1186","26373","Clcn7"
"CLCNKA","1187","12733","Clcnka"
"CLCNKB","1188","56365","Clcnkb"
"CLDN1","9076","12737","Cldn1"
"CLDN10","9071","58187","Cldn10"
"CLDN11","5010","18417","Cldn11"
"CLDN12","9069","64945","Cldn12"
"CLDN14","23562","56173","Cldn14"
"CLDN15","24146","60363","Cldn15"
"CLDN16","10686","114141","Cldn16"
"CLDN17","26285","239931","Cldn17"
"CLDN18","51208","56492","Cldn18"
"CLDN19","149461","242653","Cldn19"
"CLDN2","9075","12738","Cldn2"
"CLDN20","49861","621628","Cldn20"
"CLDN22","53842","75677","Cldn22"
"CLDN23","137075","71908","Cldn23"
"CLDN24","100132463","100039801","Cldn24"
"CLDN3","1365","12739","Cldn3"
"CLDN34","100288814","628893","Cldn34-ps"
"CLDN34","100288814","100039763","Gm2411"
"CLDN34","100288814","625591","Cldn34c2"
"CLDN34","100288814","74987","Cldn34d"
"CLDN34","100288814","73347","Cldn34b2"
"CLDN34","100288814","100040937","Cldn34b1"
"CLDN34","100288814","635396","Cldn34a"
"CLDN34","100288814","619294","Cldn34b4"
"CLDN34","100288814","73934","Cldn34c4"
"CLDN34","100288814","238829","Cldn34b3"
"CLDN4","1364","12740","Cldn4"
"CLDN4","1364","57255","Cldn13"
"CLDN5","7122","12741","Cldn5"
"CLDN6","9074","54419","Cldn6"
"CLDN7","1366","53624","Cldn7"
"CLDN8","9073","54420","Cldn8"
"CLDN9","9080","56863","Cldn9"
"CLDND1","56650","224250","Cldnd1"
"CLDND2","125875","74276","Cldnd2"
"CLEC10A","10462","17312","Clec10a"
"CLEC10A","10462","216864","Mgl2"
"CLEC11A","6320","20256","Clec11a"
"CLEC12A","160364","232413","Clec12a"
"CLEC12B","387837","71183","Clec12b"
"CLEC14A","161198","66864","Clec14a"
"CLEC16A","23274","74374","Clec16a"
"CLEC1A","51267","243653","Clec1a"
"CLEC1B","51266","56760","Clec1b"
"CLEC2A","387836","435921","Clec2f"
"CLEC2D","29121","93694","Clec2d"
"CLEC2D","29121","93675","Clec2i"
"CLEC2D","29121","94071","Clec2h"
"CLEC2D","29121","232409","Clec2e"
"CLEC2D","29121","70809","Clec2g"
"CLEC2L","154790","665180","Clec2l"
"CLEC3A","10143","403395","Clec3a"
"CLEC3B","7123","21922","Clec3b"
"CLEC4C","170482","69810","Clec4b1"
"CLEC4C","170482","73149","Clec4a3"
"CLEC4C","170482","381809","Clec4b2"
"CLEC4C","170482","474145","Clec4a4"
"CLEC4D","338339","17474","Clec4d"
"CLEC4E","26253","56619","Clec4e"
"CLEC4F","165530","51811","Clec4f"
"CLEC4G","339390","75863","Clec4g"
"CLEC4M","10332","70192","Cd209g"
"CLEC4M","10332","69142","Cd209f"
"CLEC5A","23601","23845","Clec5a"
"CLEC6A","93978","56620","Clec4n"
"CLEC7A","64581","56644","Clec7a"
"CLEC9A","283420","232414","Clec9a"
"CLGN","1047","12745","Clgn"
"CLHC1","130162","73324","Clhc1"
"CLIC1","1192","114584","Clic1"
"CLIC3","9022","69454","Clic3"
"CLIC4","25932","29876","Clic4"
"CLIC5","53405","224796","Clic5"
"CLIC6","54102","209195","Clic6"
"CLINT1","9685","216705","Clint1"
"CLIP1","6249","56430","Clip1"
"CLIP2","7461","269713","Clip2"
"CLIP3","25999","76686","Clip3"
"CLIP4","79745","78785","Clip4"
"CLK1","1195","12747","Clk1"
"CLK2","1196","12748","Clk2"
"CLK3","1198","102414","Clk3"
"CLK4","57396","12750","Clk4"
"CLMN","79789","94040","Clmn"
"CLMP","79827","71566","Clmp"
"CLN3","1201","12752","Cln3"
"CLN5","1203","211286","Cln5"
"CLN6","54982","76524","Cln6"
"CLN8","2055","26889","Cln8"
"CLNK","116449","27278","Clnk"
"CLNS1A","1207","12729","Clns1a"
"CLOCK","9575","12753","Clock"
"CLP1","10978","98985","Clp1"
"CLPB","81570","20480","Clpb"
"CLPP","8192","53895","Clpp"
"CLPS","1208","109791","Clps"
"CLPSL2","389383","328788","Clpsl2"
"CLPTM1","1209","56457","Clptm1"
"CLPTM1L","81037","218335","Clptm1l"
"CLPX","10845","270166","Clpx"
"CLRN1","7401","229320","Clrn1"
"CLRN2","645104","624224","Clrn2"
"CLRN3","119467","212070","Clrn3"
"CLSPN","63967","269582","Clspn"
"CLSTN1","22883","65945","Clstn1"
"CLSTN2","64084","64085","Clstn2"
"CLSTN3","9746","232370","Clstn3"
"CLTA","1211","12757","Clta"
"CLTB","1212","74325","Cltb"
"CLTC","1213","67300","Cltc"
"CLTRN","57393","57394","Cltrn"
"CLU","1191","12759","Clu"
"CLUAP1","23059","76779","Cluap1"
"CLUH","23277","74148","Cluh"
"CLVS1","157807","74438","Clvs1"
"CLVS2","134829","215890","Clvs2"
"CLYBL","171425","69634","Clybl"
"CMA1","1215","17228","Cma1"
"CMAS","55907","12764","Cmas"
"CMBL","134147","69574","Cmbl"
"CMC1","152100","67899","Cmc1"
"CMC2","56942","66531","Cmc2"
"CMC4","100272147","105886298","Cmc4"
"CMIP","80790","74440","Cmip"
"CMKLR1","1240","14747","Cmklr1"
"CMPK1","51727","66588","Cmpk1"
"CMPK2","129607","22169","Cmpk2"
"CMSS1","84319","66497","Cmss1"
"CMTM1","113540","100504164","Cmtm1"
"CMTM2","146225","75502","Cmtm2b"
"CMTM2","146225","73381","Cmtm2a"
"CMTM3","123920","68119","Cmtm3"
"CMTM4","146223","97487","Cmtm4"
"CMTM5","116173","67272","Cmtm5"
"CMTM6","54918","67213","Cmtm6"
"CMTM7","112616","102545","Cmtm7"
"CMTM8","152189","70031","Cmtm8"
"CMTR1","23070","74157","Cmtr1"
"CMTR2","55783","234728","Cmtr2"
"CMYA5","202333","76469","Cmya5"
"CNBD1","168975","435772","Cnbd1"
"CNBD2","140894","70873","Cnbd2"
"CNBP","7555","12785","Cnbp"
"CNDP1","84735","338403","Cndp1"
"CNDP2","55748","66054","Cndp2"
"CNEP1R1","255919","382030","Cnep1r1"
"CNFN","84518","72383","Cnfn"
"CNGA1","1259","12788","Cnga1"
"CNGA2","1260","12789","Cnga2"
"CNGA3","1261","12790","Cnga3"
"CNGA4","1262","233649","Cnga4"
"CNGB1","1258","333329","Cngb1"
"CNGB3","54714","30952","Cngb3"
"CNIH1","10175","12793","Cnih1"
"CNIH2","254263","12794","Cnih2"
"CNIH3","149111","72978","Cnih3"
"CNIH4","29097","98417","Cnih4"
"CNKSR1","10256","194231","Cnksr1"
"CNKSR2","22866","245684","Cnksr2"
"CNKSR3","154043","215748","Cnksr3"
"CNMD","11061","16840","Cnmd"
"CNN1","1264","12797","Cnn1"
"CNN2","1265","12798","Cnn2"
"CNN3","1266","71994","Cnn3"
"CNNM1","26507","83674","Cnnm1"
"CNNM2","54805","94219","Cnnm2"
"CNNM3","26505","94218","Cnnm3"
"CNNM4","26504","94220","Cnnm4"
"CNOT1","23019","234594","Cnot1"
"CNOT10","25904","78893","Cnot10"
"CNOT11","55571","52846","Cnot11"
"CNOT2","4848","72068","Cnot2"
"CNOT3","4849","232791","Cnot3"
"CNOT4","4850","53621","Cnot4"
"CNOT6","57472","104625","Cnot6"
"CNOT6L","246175","231464","Cnot6l"
"CNOT7","29883","18983","Cnot7"
"CNOT8","9337","69125","Cnot8"
"CNOT9","9125","58184","Cnot9"
"CNP","1267","12799","Cnp"
"CNPPD1","27013","69171","Cnppd1"
"CNPY1","285888","269637","Cnpy1"
"CNPY2","10330","56530","Cnpy2"
"CNPY3","10695","72029","Cnpy3"
"CNPY4","245812","66455","Cnpy4"
"CNR1","1268","12801","Cnr1"
"CNR2","1269","12802","Cnr2"
"CNRIP1","25927","380686","Cnrip1"
"CNST","163882","226744","Cnst"
"CNTD1","124817","68107","Cntd1"
"CNTF","1270","12803","Cntf"
"CNTFR","1271","12804","Cntfr"
"CNTLN","54875","338349","Cntln"
"CNTN1","1272","12805","Cntn1"
"CNTN2","6900","21367","Cntn2"
"CNTN3","5067","18488","Cntn3"
"CNTN4","152330","269784","Cntn4"
"CNTN5","53942","244682","Cntn5"
"CNTN6","27255","53870","Cntn6"
"CNTNAP1","8506","53321","Cntnap1"
"CNTNAP2","26047","66797","Cntnap2"
"CNTNAP4","85445","170571","Cntnap4"
"CNTNAP5","129684","636808","Cntnap5a"
"CNTRL","11064","26920","Cntrl"
"CNTROB","116840","216846","Cntrob"
"COA3","28958","52469","Coa3"
"COA4","51287","68185","Coa4"
"COA5","493753","76178","Coa5"
"COA6","388753","67892","Coa6"
"COA7","65260","69893","Coa7"
"COA8","84334","68020","Coa8"
"COASY","80347","71743","Coasy"
"COBL","23242","12808","Cobl"
"COBLL1","22837","319876","Cobll1"
"COCH","1690","12810","Coch"
"COG1","9382","16834","Cog1"
"COG2","22796","76332","Cog2"
"COG3","83548","338337","Cog3"
"COG4","25839","102339","Cog4"
"COG5","10466","238123","Cog5"
"COG6","57511","67542","Cog6"
"COG7","91949","233824","Cog7"
"COG8","84342","97484","Cog8"
"COIL","8161","12812","Coil"
"COL10A1","1300","12813","Col10a1"
"COL11A1","1301","12814","Col11a1"
"COL11A2","1302","12815","Col11a2"
"COL12A1","1303","12816","Col12a1"
"COL13A1","1305","12817","Col13a1"
"COL14A1","7373","12818","Col14a1"
"COL15A1","1306","12819","Col15a1"
"COL16A1","1307","107581","Col16a1"
"COL17A1","1308","12821","Col17a1"
"COL18A1","80781","12822","Col18a1"
"COL19A1","1310","12823","Col19a1"
"COL1A1","1277","12842","Col1a1"
"COL1A2","1278","12843","Col1a2"
"COL20A1","57642","73368","Col20a1"
"COL22A1","169044","69700","Col22a1"
"COL23A1","91522","237759","Col23a1"
"COL24A1","255631","71355","Col24a1"
"COL25A1","84570","77018","Col25a1"
"COL26A1","136227","140709","Col26a1"
"COL27A1","85301","373864","Col27a1"
"COL28A1","340267","213945","Col28a1"
"COL2A1","1280","12824","Col2a1"
"COL3A1","1281","12825","Col3a1"
"COL4A1","1282","12826","Col4a1"
"COL4A2","1284","12827","Col4a2"
"COL4A3","1285","12828","Col4a3"
"COL4A4","1286","12829","Col4a4"
"COL4A5","1287","12830","Col4a5"
"COL4A6","1288","94216","Col4a6"
"COL5A1","1289","12831","Col5a1"
"COL5A2","1290","12832","Col5a2"
"COL5A3","50509","53867","Col5a3"
"COL6A1","1291","12833","Col6a1"
"COL6A2","1292","12834","Col6a2"
"COL6A3","1293","12835","Col6a3"
"COL6A5","256076","665033","Col6a5"
"COL6A6","131873","245026","Col6a6"
"COL7A1","1294","12836","Col7a1"
"COL8A1","1295","12837","Col8a1"
"COL8A2","1296","329941","Col8a2"
"COL9A1","1297","12839","Col9a1"
"COL9A2","1298","12840","Col9a2"
"COL9A3","1299","12841","Col9a3"
"COLCA2","120376","100502940","Colca2"
"COLEC10","10584","239447","Colec10"
"COLEC11","78989","71693","Colec11"
"COLEC12","81035","140792","Colec12"
"COLGALT1","79709","234407","Colgalt1"
"COLGALT2","23127","269132","Colgalt2"
"COMMD1","150684","17846","Commd1"
"COMMD10","51397","69456","Commd10"
"COMMD2","51122","52245","Commd2"
"COMMD3","23412","12238","Commd3"
"COMMD4","54939","66199","Commd4"
"COMMD5","28991","66398","Commd5"
"COMMD6","170622","66200","Commd6"
"COMMD7","149951","99311","Commd7"
"COMMD8","54951","27784","Commd8"
"COMMD9","29099","76501","Commd9"
"COMP","1311","12845","Comp"
"COMT","1312","12846","Comt"
"COMTD1","118881","69156","Comtd1"
"COP1","64326","26374","Cop1"
"COPA","1314","12847","Copa"
"COPB1","1315","70349","Copb1"
"COPB2","9276","50797","Copb2"
"COPE","11316","59042","Cope"
"COPG1","22820","54161","Copg1"
"COPG2","26958","54160","Copg2"
"COPRS","55352","66423","Coprs"
"COPS2","9318","12848","Cops2"
"COPS3","8533","26572","Cops3"
"COPS4","51138","26891","Cops4"
"COPS5","10987","26754","Cops5"
"COPS6","10980","26893","Cops6"
"COPS7A","50813","26894","Cops7a"
"COPS7B","64708","26895","Cops7b"
"COPS8","10920","108679","Cops8"
"COPS9","150678","66915","Cops9"
"COPZ1","22818","56447","Copz1"
"COPZ2","51226","56358","Copz2"
"COQ10A","93058","210582","Coq10a"
"COQ10B","80219","67876","Coq10b"
"COQ2","27235","71883","Coq2"
"COQ3","51805","230027","Coq3"
"COQ4","51117","227683","Coq4"
"COQ5","84274","52064","Coq5"
"COQ6","51004","217707","Coq6"
"COQ7","10229","12850","Coq7"
"COQ8A","56997","67426","Coq8a"
"COQ8B","79934","76889","Coq8b"
"COQ9","57017","67914","Coq9"
"CORIN","10699","53419","Corin"
"CORO1A","11151","12721","Coro1a"
"CORO1B","57175","23789","Coro1b"
"CORO1C","23603","23790","Coro1c"
"CORO2A","7464","107684","Coro2a"
"CORO2B","10391","235431","Coro2b"
"CORO6","84940","216961","Coro6"
"CORT","1325","12854","Cort"
"COTL1","23406","72042","Cotl1"
"COX1","4512","17708","COX1"
"COX10","1352","70383","Cox10"
"COX11","1353","69802","Cox11"
"COX14","84987","66379","Cox14"
"COX15","1355","226139","Cox15"
"COX16","51241","66272","Cox16"
"COX17","10063","12856","Cox17"
"COX18","285521","231430","Cox18"
"COX19","90639","68033","Cox19"
"COX2","4513","17709","COX2"
"COX20","116228","66359","Cox20"
"COX3","4514","17710","COX3"
"COX4I1","1327","12857","Cox4i1"
"COX4I2","84701","84682","Cox4i2"
"COX5A","9377","12858","Cox5a"
"COX5B","1329","12859","Cox5b"
"COX6A1","1337","12861","Cox6a1"
"COX6A2","1339","12862","Cox6a2"
"COX6B1","1340","110323","Cox6b1"
"COX6B2","125965","333182","Cox6b2"
"COX6C","1345","12864","Cox6c"
"COX6C","1345","102640946","Cox6c2"
"COX7A1","1346","12865","Cox7a1"
"COX7A2","1347","12866","Cox7a2"
"COX7A2L","9167","20463","Cox7a2l"
"COX7B","1349","66142","Cox7b"
"COX7B2","170712","78174","Cox7b2"
"COX7C","1350","12867","Cox7c"
"COX8A","1351","12868","Cox8a"
"CP","1356","12870","Cp"
"CPA1","1357","109697","Cpa1"
"CPA2","1358","232680","Cpa2"
"CPA3","1359","12873","Cpa3"
"CPA4","51200","71791","Cpa4"
"CPA5","93979","74649","Cpa5"
"CPA6","57094","329093","Cpa6"
"CPB1","1360","76703","Cpb1"
"CPB2","1361","56373","Cpb2"
"CPD","1362","12874","Cpd"
"CPE","1363","12876","Cpe"
"CPEB1","64506","12877","Cpeb1"
"CPEB2","132864","231207","Cpeb2"
"CPEB3","22849","208922","Cpeb3"
"CPEB4","80315","67579","Cpeb4"
"CPED1","79974","214642","Cped1"
"CPHXL","105371346","105594","Cphx1"
"CPLANE1","65250","73692","Cplane1"
"CPLANE2","79363","76166","Cplane2"
"CPLX1","10815","12889","Cplx1"
"CPLX2","10814","12890","Cplx2"
"CPLX3","594855","235415","Cplx3"
"CPLX4","339302","225644","Cplx4"
"CPM","1368","70574","Cpm"
"CPN1","1369","93721","Cpn1"
"CPN2","1370","71756","Cpn2"
"CPNE1","8904","266692","Cpne1"
"CPNE2","221184","234577","Cpne2"
"CPNE3","8895","70568","Cpne3"
"CPNE4","131034","74020","Cpne4"
"CPNE5","57699","240058","Cpne5"
"CPNE6","9362","12891","Cpne6"
"CPNE7","27132","102278","Cpne7"
"CPNE8","144402","66871","Cpne8"
"CPNE9","151835","211232","Cpne9"
"CPOX","1371","12892","Cpox"
"CPPED1","55313","223978","Cpped1"
"CPQ","10404","54381","Cpq"
"CPS1","1373","227231","Cps1"
"CPSF1","29894","94230","Cpsf1"
"CPSF2","53981","51786","Cpsf2"
"CPSF3","51692","54451","Cpsf3"
"CPSF4","10898","54188","Cpsf4"
"CPSF4L","642843","52670","Cpsf4l"
"CPSF6","11052","432508","Cpsf6"
"CPSF7","79869","269061","Cpsf7"
"CPT1A","1374","12894","Cpt1a"
"CPT1B","1375","12895","Cpt1b"
"CPT1C","126129","78070","Cpt1c"
"CPT2","1376","12896","Cpt2"
"CPTP","80772","79554","Cptp"
"CPVL","54504","71287","Cpvl"
"CPXCR1","53336","382239","Cpxcr1"
"CPXM1","56265","56264","Cpxm1"
"CPXM2","119587","55987","Cpxm2"
"CPZ","8532","242939","Cpz"
"CR2","1380","12902","Cr2"
"CRABP1","1381","12903","Crabp1"
"CRABP2","1382","12904","Crabp2"
"CRACD","57482","320827","Cracd"
"CRACDL","343990","72097","Cracdl"
"CRACR2A","84766","381812","Cracr2a"
"CRACR2B","283229","213573","Cracr2b"
"CRADD","8738","12905","Cradd"
"CRAMP1","57585","57354","Cramp1"
"CRAT","1384","12908","Crat"
"CRB1","23418","170788","Crb1"
"CRB2","286204","241324","Crb2"
"CRB3","92359","224912","Crb3"
"CRBN","51185","58799","Crbn"
"CRCP","27297","12909","Crcp"
"CREB1","1385","12912","Creb1"
"CREB3","10488","12913","Creb3"
"CREB3L1","90993","26427","Creb3l1"
"CREB3L2","64764","208647","Creb3l2"
"CREB3L3","84699","208677","Creb3l3"
"CREB3L4","148327","78284","Creb3l4"
"CREB5","9586","231991","Creb5"
"CREBBP","1387","12914","Crebbp"
"CREBL2","1389","232430","Crebl2"
"CREBRF","153222","77128","Crebrf"
"CREBZF","58487","233490","Crebzf"
"CREG1","8804","433375","Creg1"
"CREG2","200407","263764","Creg2"
"CRELD1","78987","171508","Creld1"
"CRELD2","79174","76737","Creld2"
"CREM","1390","12916","Crem"
"CRH","1392","12918","Crh"
"CRHBP","1393","12919","Crhbp"
"CRHR2","1395","12922","Crhr2"
"CRIM1","51232","50766","Crim1"
"CRIP1","1396","12925","Crip1"
"CRIP2","1397","68337","Crip2"
"CRIP3","401262","114570","Crip3"
"CRIPT","9419","56724","Cript"
"CRISP1","167","78081","Crisp4"
"CRISP2","7180","22024","Crisp2"
"CRISP3","10321","11572","Crisp3"
"CRISP3","10321","11571","Crisp1"
"CRISPLD1","83690","83691","Crispld1"
"CRISPLD2","83716","78892","Crispld2"
"CRK","1398","12928","Crk"
"CRKL","1399","12929","Crkl"
"CRLF1","9244","12931","Crlf1"
"CRLF2","64109","57914","Crlf2"
"CRLF3","51379","54394","Crlf3"
"CRLS1","54675","66586","Crls1"
"CRMP1","1400","12933","Crmp1"
"CRNKL1","51340","66877","Crnkl1"
"CRNN","49860","381457","Crnn"
"CROCC","9696","230872","Crocc"
"CROCC2","728763","381284","Crocc2"
"CROT","54677","74114","Crot"
"CRP","1401","12944","Crp"
"CRPPA","729920","75847","Crppa"
"CRTAC1","55118","72832","Crtac1"
"CRTAM","56253","54698","Crtam"
"CRTAP","10491","56693","Crtap"
"CRTC1","23373","382056","Crtc1"
"CRTC2","200186","74343","Crtc2"
"CRTC3","64784","70461","Crtc3"
"CRX","1406","12951","Crx"
"CRY1","1407","12952","Cry1"
"CRY2","1408","12953","Cry2"
"CRYAB","1410","12955","Cryab"
"CRYBA1","1411","12957","Cryba1"
"CRYBA2","1412","12958","Cryba2"
"CRYBA4","1413","12959","Cryba4"
"CRYBB1","1414","12960","Crybb1"
"CRYBB2","1415","12961","Crybb2"
"CRYBB3","1417","12962","Crybb3"
"CRYBG1","202","11630","Crybg1"
"CRYBG2","55057","230806","Crybg2"
"CRYBG3","131544","224273","Crybg3"
"CRYGA","1418","12964","Cryga"
"CRYGB","1419","12965","Crygb"
"CRYGC","1420","12966","Crygc"
"CRYGD","1421","12967","Crygd"
"CRYGN","155051","214301","Crygn"
"CRYGS","1427","12970","Crygs"
"CRYL1","51084","68631","Cryl1"
"CRYM","1428","12971","Crym"
"CRYZ","1429","12972","Cryz"
"CRYZL1","9946","66609","Cryzl1"
"CS","1431","12974","Cs"
"CS","1431","71832","Csl"
"CSAD","51380","246277","Csad"
"CSDC2","27254","105859","Csdc2"
"CSDE1","7812","229663","Csde1"
"CSE1L","1434","110750","Cse1l"
"CSF1","1435","12977","Csf1"
"CSF1R","1436","12978","Csf1r"
"CSF2","1437","12981","Csf2"
"CSF2RA","1438","12982","Csf2ra"
"CSF2RB","1439","12983","Csf2rb"
"CSF2RB","1439","12984","Csf2rb2"
"CSF3","1440","12985","Csf3"
"CSF3R","1441","12986","Csf3r"
"CSGALNACT1","55790","234356","Csgalnact1"
"CSGALNACT2","55454","78752","Csgalnact2"
"CSK","1445","12988","Csk"
"CSMD1","64478","94109","Csmd1"
"CSMD2","114784","329942","Csmd2"
"CSMD3","114788","239420","Csmd3"
"CSN1S1","1446","12990","Csn1s1"
"CSN2","1447","12991","Csn2"
"CSN3","1448","12994","Csn3"
"CSNK1A1","1452","93687","Csnk1a1"
"CSNK1D","1453","104318","Csnk1d"
"CSNK1G1","53944","214897","Csnk1g1"
"CSNK1G2","1455","103236","Csnk1g2"
"CSNK1G3","1456","70425","Csnk1g3"
"CSNK2A2","1459","13000","Csnk2a2"
"CSNK2B","1460","13001","Csnk2b"
"CSNKA2IP","111064647","224291","Csnka2ip"
"CSPG4","1464","121021","Cspg4"
"CSPG5","10675","29873","Cspg5"
"CSPP1","79848","211660","Cspp1"
"CSRNP1","64651","215418","Csrnp1"
"CSRNP2","81566","207785","Csrnp2"
"CSRNP3","80034","77771","Csrnp3"
"CSRP1","1465","13007","Csrp1"
"CSRP2","1466","13008","Csrp2"
"CSRP3","8048","13009","Csrp3"
"CST11","140880","78240","Cst11"
"CST3","1471","13010","Cst3"
"CST5","1473","58214","Cst10"
"CST6","1474","73720","Cst6"
"CST7","8530","13011","Cst7"
"CST8","10047","13012","Cst8"
"CST9L","128821","13013","Cst9"
"CST9L","128821","77705","Cstdc2"
"CSTA","1475","76770","Csta2"
"CSTA","1475","209294","Csta1"
"CSTA","1475","433016","Cstdc4"
"CSTA","1475","268885","Stfa2l1"
"CSTA","1475","20862","Stfa2"
"CSTA","1475","20861","Stfa1"
"CSTA","1475","20863","Stfa3"
"CSTA","1475","408196","Csta3"
"CSTA","1475","100038854","Cstdc6"
"CSTA","1475","100034684","Cstdc5"
"CSTB","1476","13014","Cstb"
"CSTF1","1477","67337","Cstf1"
"CSTF2","1478","108062","Cstf2"
"CSTF2T","23283","83410","Cstf2t"
"CSTF3","1479","228410","Cstf3"
"CSTL1","128817","228756","Cstl1"
"CTBP1","1487","13016","Ctbp1"
"CTBP2","1488","13017","Ctbp2"
"CTBS","1486","74245","Ctbs"
"CTC1","80169","68964","Ctc1"
"CTCF","10664","13018","Ctcf"
"CTCFL","140690","664799","Ctcfl"
"CTDNEP1","23399","67181","Ctdnep1"
"CTDP1","9150","67655","Ctdp1"
"CTDSP1","58190","227292","Ctdsp1"
"CTDSP2","10106","52468","Ctdsp2"
"CTDSPL","10217","69274","Ctdspl"
"CTDSPL2","51496","329506","Ctdspl2"
"CTF1","1489","13019","Ctf1"
"CTH","1491","107869","Cth"
"CTHRC1","115908","68588","Cthrc1"
"CTIF","9811","269037","Ctif"
"CTLA4","1493","12477","Ctla4"
"CTNNA1","1495","12385","Ctnna1"
"CTNNA2","1496","12386","Ctnna2"
"CTNNA3","29119","216033","Ctnna3"
"CTNNAL1","8727","54366","Ctnnal1"
"CTNNB1","1499","12387","Ctnnb1"
"CTNNBIP1","56998","67087","Ctnnbip1"
"CTNNBL1","56259","66642","Ctnnbl1"
"CTNND1","1500","12388","Ctnnd1"
"CTNND2","1501","18163","Ctnnd2"
"CTNS","1497","83429","Ctns"
"CTPS1","1503","51797","Ctps"
"CTPS2","56474","55936","Ctps2"
"CTR9","9646","22083","Ctr9"
"CTRC","11330","76701","Ctrc"
"CTRL","1506","109660","Ctrl"
"CTSA","5476","19025","Ctsa"
"CTSB","1508","13030","Ctsb"
"CTSC","1075","13032","Ctsc"
"CTSD","1509","13033","Ctsd"
"CTSE","1510","13034","Ctse"
"CTSF","8722","56464","Ctsf"
"CTSG","1511","13035","Ctsg"
"CTSH","1512","13036","Ctsh"
"CTSK","1513","13038","Ctsk"
"CTSO","1519","229445","Ctso"
"CTSS","1520","13040","Ctss"
"CTSV","1515","13039","Ctsl"
"CTSW","1521","13041","Ctsw"
"CTSZ","1522","64138","Ctsz"
"CTTN","2017","13043","Cttn"
"CTTNBP2","83992","30785","Cttnbp2"
"CTTNBP2NL","55917","80281","Cttnbp2nl"
"CTU1","90353","233189","Ctu1"
"CTU2","348180","66965","Ctu2"
"CTXN1","404217","330695","Ctxn1"
"CTXN2","399697","381418","Ctxn2"
"CTXN3","613212","629147","Ctxn3"
"CTXND1","100996492","100039239","Gm2115"
"CTXND2","100996521","67654","4930558C23Rik"
"CUBN","8029","65969","Cubn"
"CUEDC2","79004","67116","Cuedc2"
"CUL1","8454","26965","Cul1"
"CUL2","8453","71745","Cul2"
"CUL3","8452","26554","Cul3"
"CUL4A","8451","99375","Cul4a"
"CUL4B","8450","72584","Cul4b"
"CUL5","8065","75717","Cul5"
"CUL7","9820","66515","Cul7"
"CUL9","23113","78309","Cul9"
"CUTA","51596","67675","Cuta"
"CUTC","51076","66388","Cutc"
"CUX1","1523","13047","Cux1"
"CUX2","23316","13048","Cux2"
"CUZD1","50624","16433","Cuzd1"
"CWC15","51503","66070","Cwc15"
"CWC22","57703","80744","Cwc22"
"CWC25","54883","67480","Cwc25"
"CWC27","10283","67285","Cwc27"
"CWF19L1","55280","72502","Cwf19l1"
"CWF19L2","143884","244672","Cwf19l2"
"CWH43","80157","231293","Cwh43"
"CX3CL1","6376","20312","Cx3cl1"
"CX3CR1","1524","13051","Cx3cr1"
"CXADR","1525","13052","Cxadr"
"CXADR","1525","382097","Gm1123"
"CXCL10","3627","15945","Cxcl10"
"CXCL12","6387","20315","Cxcl12"
"CXCL13","10563","55985","Cxcl13"
"CXCL14","9547","57266","Cxcl14"
"CXCL16","58191","66102","Cxcl16"
"CXCL17","284340","232983","Cxcl17"
"CXCL2","2920","14825","Cxcl1"
"CXCL3","2921","20310","Cxcl2"
"CXCL6","6372","20311","Cxcl5"
"CXCL9","4283","17329","Cxcl9"
"CXCR1","3577","227288","Cxcr1"
"CXCR2","3579","12765","Cxcr2"
"CXCR3","2833","12766","Cxcr3"
"CXCR4","7852","12767","Cxcr4"
"CXCR5","643","12145","Cxcr5"
"CXCR6","10663","80901","Cxcr6"
"CXorf38","159013","69155","1810030O07Rik"
"CXorf65","158830","245536","Gm614"
"CXorf66","347487","631784","Gm7073"
"CXXC1","30827","74322","Cxxc1"
"CXXC4","80319","319478","Cxxc4"
"CXXC5","51523","67393","Cxxc5"
"CYB561","1534","13056","Cyb561"
"CYB561A3","220002","225912","Cyb561a3"
"CYB561D1","284613","72023","Cyb561d1"
"CYB561D2","11068","56368","Cyb561d2"
"CYB5A","1528","109672","Cyb5a"
"CYB5B","80777","66427","Cyb5b"
"CYB5D1","124637","327951","Cyb5d1"
"CYB5D2","124936","192986","Cyb5d2"
"CYB5R1","51706","72017","Cyb5r1"
"CYB5R2","51700","320635","Cyb5r2"
"CYB5R3","1727","109754","Cyb5r3"
"CYB5R4","51167","266690","Cyb5r4"
"CYB5RL","606495","230582","Cyb5rl"
"CYBA","1535","13057","Cyba"
"CYBB","1536","13058","Cybb"
"CYBC1","79415","217370","Cybc1"
"CYBRD1","79901","73649","Cybrd1"
"CYC1","1537","66445","Cyc1"
"CYCS","54205","13063","Cycs"
"CYFIP1","23191","20430","Cyfip1"
"CYFIP2","26999","76884","Cyfip2"
"CYGB","114757","114886","Cygb"
"CYHR1","50626","54151","Cyhr1"
"CYLC1","1538","67407","Cylc1"
"CYLC2","1539","74914","Cylc2"
"CYLD","1540","74256","Cyld"
"CYP11A1","1583","13070","Cyp11a1"
"CYP11B1","1584","13072","Cyp11b2"
"CYP11B2","1585","110115","Cyp11b1"
"CYP17A1","1586","13074","Cyp17a1"
"CYP19A1","1588","13075","Cyp19a1"
"CYP1A1","1543","13076","Cyp1a1"
"CYP1A2","1544","13077","Cyp1a2"
"CYP1B1","1545","13078","Cyp1b1"
"CYP20A1","57404","77951","Cyp20a1"
"CYP21A2","1589","13079","Cyp21a1"
"CYP24A1","1591","13081","Cyp24a1"
"CYP26A1","1592","13082","Cyp26a1"
"CYP26B1","56603","232174","Cyp26b1"
"CYP26C1","340665","546726","Cyp26c1"
"CYP27A1","1593","104086","Cyp27a1"
"CYP27B1","1594","13115","Cyp27b1"
"CYP2B6","1555","13088","Cyp2b10"
"CYP2C18","1562","72082","Cyp2c55"
"CYP2C8","1558","13095","Cyp2c29"
"CYP2C8","1558","13097","Cyp2c38"
"CYP2C8","1558","13098","Cyp2c39"
"CYP2C9","1559","69888","Cyp2c66"
"CYP2C9","1559","72303","Cyp2c65"
"CYP2E1","1571","13106","Cyp2e1"
"CYP2F1","1572","13107","Cyp2f2"
"CYP2J2","1573","13110","Cyp2j6"
"CYP2J2","1573","74519","Cyp2j9"
"CYP2J2","1573","230459","Cyp2j13"
"CYP2R1","120227","244209","Cyp2r1"
"CYP2S1","29785","74134","Cyp2s1"
"CYP2U1","113612","71519","Cyp2u1"
"CYP2W1","54905","545817","Cyp2w1"
"CYP39A1","51302","56050","Cyp39a1"
"CYP3A5","1577","13112","Cyp3a11"
"CYP3A5","1577","13114","Cyp3a16"
"CYP3A5","1577","53973","Cyp3a41a"
"CYP3A5","1577","337924","Cyp3a44"
"CYP3A5","1577","100041375","Cyp3a41b"
"CYP46A1","10858","13116","Cyp46a1"
"CYP4A22","284541","13118","Cyp4a12b"
"CYP4A22","284541","277753","Cyp4a12a"
"CYP4B1","1580","13120","Cyp4b1"
"CYP4F22","126410","320997","Cyp4f39"
"CYP4F8","11283","677156","Cyp4f37"
"CYP4F8","11283","208285","Cyp4f17"
"CYP4F8","11283","70101","Cyp4f16"
"CYP4V2","285440","102294","Cyp4v3"
"CYP4X1","260293","81906","Cyp4x1"
"CYP51A1","1595","13121","Cyp51"
"CYP7A1","1581","13122","Cyp7a1"
"CYP7B1","9420","13123","Cyp7b1"
"CYP8B1","1582","13124","Cyp8b1"
"CYREN","78996","78412","Cyren"
"CYRIA","81553","76820","Cyria"
"CYRIB","51571","223601","Cyrib"
"CYS1","192668","12879","Cys1"
"CYSLTR1","10800","58861","Cysltr1"
"CYSLTR2","57105","70086","Cysltr2"
"CYSRT1","375791","67859","Cysrt1"
"CYSTM1","84418","66060","Cystm1"
"CYTB","4519","17711","CYTB"
"CYTH1","9267","19157","Cyth1"
"CYTH2","9266","19158","Cyth2"
"CYTH3","9265","19159","Cyth3"
"CYTH4","27128","72318","Cyth4"
"CYTIP","9595","227929","Cytip"
"CYTL1","54360","231162","Cytl1"
"CYYR1","116159","224405","Cyyr1"
"CZIB","54987","74098","Czib"
"D2HGDH","728294","98314","D2hgdh"
"DAAM1","23002","208846","Daam1"
"DAAM2","23500","76441","Daam2"
"DAB1","1600","13131","Dab1"
"DAB2IP","153090","69601","Dab2ip"
"DACH1","1602","13134","Dach1"
"DACH2","117154","93837","Dach2"
"DACT1","51339","59036","Dact1"
"DACT2","168002","240025","Dact2"
"DACT3","147906","629378","Dact3"
"DAD1","1603","13135","Dad1"
"DAG1","1605","13138","Dag1"
"DAGLA","747","269060","Dagla"
"DAGLB","221955","231871","Daglb"
"DALRD3","55152","67789","Dalrd3"
"DAND5","199699","23863","Dand5"
"DAO","1610","13142","Dao"
"DAP","1611","223453","Dap"
"DAP3","7818","65111","Dap3"
"DAPK1","1612","69635","Dapk1"
"DAPK2","23604","13143","Dapk2"
"DAPK3","1613","13144","Dapk3"
"DAPL1","92196","76747","Dapl1"
"DAPP1","27071","26377","Dapp1"
"DARS1","1615","226414","Dars"
"DARS2","55157","226539","Dars2"
"DAW1","164781","71227","Daw1"
"DAZAP1","26528","70248","Dazap1"
"DAZAP2","9802","23994","Dazap2"
"DBF4","10926","27214","Dbf4"
"DBH","1621","13166","Dbh"
"DBI","1622","13167","Dbi"
"DBN1","1627","56320","Dbn1"
"DBNDD1","79007","72185","Dbndd1"
"DBNDD2","55861","52840","Dbndd2"
"DBNL","28988","13169","Dbnl"
"DBP","1628","13170","Dbp"
"DBR1","51163","83703","Dbr1"
"DBT","1629","13171","Dbt"
"DBX1","120237","13172","Dbx1"
"DBX2","440097","223843","Dbx2"
"DCAF1","9730","321006","Dcaf1"
"DCAF10","79269","242418","Dcaf10"
"DCAF11","80344","28199","Dcaf11"
"DCAF12","25853","68970","Dcaf12"
"DCAF12L2","340578","245403","Dcaf12l2"
"DCAF12L2","340578","245404","Dcaf12l1"
"DCAF13","25879","223499","Dcaf13"
"DCAF15","90379","212123","Dcaf15"
"DCAF17","80067","75763","Dcaf17"
"DCAF5","8816","320808","Dcaf5"
"DCAF6","55827","74106","Dcaf6"
"DCAF7","10238","71833","Dcaf7"
"DCAF8","50717","98193","Dcaf8"
"DCAKD","79877","68087","Dcakd"
"DCBLD1","285761","66686","Dcbld1"
"DCBLD2","131566","73379","Dcbld2"
"DCC","1630","13176","Dcc"
"DCDC2","51473","195208","Dcdc2a"
"DCDC2B","149069","100504491","Dcdc2b"
"DCDC2C","728597","68511","Dcdc2c"
"DCHS1","8642","233651","Dchs1"
"DCHS2","54798","100534287","Dchs2"
"DCK","1633","13178","Dck"
"DCLK1","9201","13175","Dclk1"
"DCLK2","166614","70762","Dclk2"
"DCLK3","85443","245038","Dclk3"
"DCLRE1A","9937","55947","Dclre1a"
"DCLRE1B","64858","140917","Dclre1b"
"DCLRE1C","64421","227525","Dclre1c"
"DCN","1634","13179","Dcn"
"DCP1A","55802","75901","Dcp1a"
"DCP1B","196513","319618","Dcp1b"
"DCP2","167227","70640","Dcp2"
"DCPS","28960","69305","Dcps"
"DCST1","149095","77772","Dcst1"
"DCST2","127579","329702","Dcst2"
"DCSTAMP","81501","75766","Dcstamp"
"DCT","1638","13190","Dct"
"DCTD","1635","320685","Dctd"
"DCTN1","1639","13191","Dctn1"
"DCTN2","10540","69654","Dctn2"
"DCTN3","11258","53598","Dctn3"
"DCTN4","51164","67665","Dctn4"
"DCTN5","84516","59288","Dctn5"
"DCTN6","10671","22428","Dctn6"
"DCTPP1","79077","66422","Dctpp1"
"DCUN1D1","54165","114893","Dcun1d1"
"DCUN1D2","55208","102323","Dcun1d2"
"DCUN1D3","123879","233805","Dcun1d3"
"DCUN1D4","23142","100737","Dcun1d4"
"DCUN1D5","84259","76863","Dcun1d5"
"DCX","1641","13193","Dcx"
"DCXR","51181","67880","Dcxr"
"DDA1","79016","66498","Dda1"
"DDAH1","23576","69219","Ddah1"
"DDAH2","23564","51793","Ddah2"
"DDB1","1642","13194","Ddb1"
"DDB2","1643","107986","Ddb2"
"DDC","1644","13195","Ddc"
"DDHD1","80821","114874","Ddhd1"
"DDHD2","23259","72108","Ddhd2"
"DDI1","414301","71829","Ddi1"
"DDI2","84301","68817","Ddi2"
"DDIAS","220042","74041","Ddias"
"DDIT3","1649","13198","Ddit3"
"DDIT4","54541","74747","Ddit4"
"DDIT4L","115265","73284","Ddit4l"
"DDN","23109","13199","Ddn"
"DDO","8528","70503","Ddo"
"DDOST","1650","13200","Ddost"
"DDR1","780","12305","Ddr1"
"DDR2","4921","18214","Ddr2"
"DDRGK1","65992","77006","Ddrgk1"
"DDX1","1653","104721","Ddx1"
"DDX10","1662","77591","Ddx10"
"DDX11","1663","320209","Ddx11"
"DDX17","10521","67040","Ddx17"
"DDX18","8886","66942","Ddx18"
"DDX19A","55308","13680","Ddx19a"
"DDX19B","11269","234733","Ddx19b"
"DDX20","11218","53975","Ddx20"
"DDX21","9188","56200","Ddx21"
"DDX23","9416","74351","Ddx23"
"DDX24","57062","27225","Ddx24"
"DDX25","29118","30959","Ddx25"
"DDX27","55661","228889","Ddx27"
"DDX28","55794","71986","Ddx28"
"DDX31","64794","227674","Ddx31"
"DDX39A","10212","68278","Ddx39a"
"DDX39B","7919","53817","Ddx39b"
"DDX3X","1654","13205","Ddx3x"
"DDX3Y","8653","26900","Ddx3y"
"DDX4","54514","13206","Ddx4"
"DDX41","51428","72935","Ddx41"
"DDX42","11325","72047","Ddx42"
"DDX43","55510","100048658","Ddx43"
"DDX46","9879","212880","Ddx46"
"DDX47","51202","67755","Ddx47"
"DDX49","54555","234374","Ddx49"
"DDX5","1655","13207","Ddx5"
"DDX50","79009","94213","Ddx50"
"DDX51","317781","69663","Ddx51"
"DDX52","11056","78394","Ddx52"
"DDX54","79039","71990","Ddx54"
"DDX55","57696","67848","Ddx55"
"DDX56","54606","52513","Ddx56"
"DDX58","23586","230073","Ddx58"
"DDX59","83479","67997","Ddx59"
"DDX6","1656","13209","Ddx6"
"DDX60","55601","234311","Ddx60"
"DEAF1","10522","54006","Deaf1"
"DECR1","1666","67460","Decr1"
"DECR2","26063","26378","Decr2"
"DEDD","9191","21945","Dedd"
"DEDD2","162989","67379","Dedd2"
"DEF6","50619","23853","Def6"
"DEF8","54849","23854","Def8"
"DEFB110","245913","77673","Defb41"
"DEFB113","245927","654460","Defb18"
"DEFB115","245929","545475","Defb28"
"DEFB116","245930","75400","Defb29"
"DEFB118","117285","403172","Defb21"
"DEFB119","245932","246700","Defb19"
"DEFB123","245936","266620","Defb36"
"DEFB124","245937","654459","Defb25"
"DEFB125","245938","654457","Defb26"
"DEFB128","245939","319579","Defb20"
"DEFB129","140881","629114","Defb23"
"DEFB135","613209","73670","Defb30"
"DEFB136","613210","619548","Defb42"
"DEGS1","8560","13244","Degs1"
"DEGS1","8560","619326","9130409I23Rik"
"DEGS2","123099","70059","Degs2"
"DEK","7913","110052","Dek"
"DELE1","9812","66839","Dele1"
"DENND10","404636","67894","Dennd10"
"DENND11","57189","243780","Dennd11"
"DENND1A","57706","227801","Dennd1a"
"DENND1B","163486","329260","Dennd1b"
"DENND1C","79958","70785","Dennd1c"
"DENND2A","27147","209773","Dennd2a"
"DENND2B","6764","76954","Denn2b"
"DENND2C","163259","329727","Dennd2c"
"DENND2D","79961","72121","Dennd2d"
"DENND3","22898","105841","Dennd3"
"DENND4A","10260","102442","Dennd4a"
"DENND4B","9909","229541","Dennd4b"
"DENND4C","55667","329877","Dennd4c"
"DENND5A","23258","19347","Dennd5a"
"DENND5B","160518","320560","Dennd5b"
"DENND6A","201627","211922","Dennd6a"
"DENND6B","414918","69440","Dennd6b"
"DENR","8562","68184","Denr"
"DEPDC1","55635","76131","Depdc1a"
"DEPDC1B","55789","218581","Depdc1b"
"DEPDC5","9681","277854","Depdc5"
"DEPDC7","91614","211896","Depdc7"
"DEPP1","11067","213393","Depp1"
"DEPTOR","64798","97998","Deptor"
"DERA","51071","232449","Dera"
"DERL1","79139","67819","Derl1"
"DERL2","51009","116891","Derl2"
"DERL3","91319","70377","Derl3"
"DERPC","113455421","116621581","Derpc"
"DES","1674","13346","Des"
"DESI1","27351","28075","Desi1"
"DESI2","51029","78825","Desi2"
"DET1","55070","76375","Det1"
"DEUP1","159989","234964","Deup1"
"DEXI","28955","58239","Dexi"
"DFFA","1676","13347","Dffa"
"DFFB","1677","13368","Dffb"
"DGAT1","8694","13350","Dgat1"
"DGAT2","84649","67800","Dgat2"
"DGAT2L6","347516","668257","Dgat2l6"
"DGCR2","9993","13356","Dgcr2"
"DGCR8","54487","94223","Dgcr8"
"DGKA","1606","13139","Dgka"
"DGKB","1607","217480","Dgkb"
"DGKD","8527","227333","Dgkd"
"DGKE","8526","56077","Dgke"
"DGKG","1608","110197","Dgkg"
"DGKH","160851","380921","Dgkh"
"DGKI","9162","320127","Dgki"
"DGKK","139189","331374","Dgkk"
"DGKQ","1609","110524","Dgkq"
"DGKZ","8525","104418","Dgkz"
"DGLUCY","80017","217830","Dglucy"
"DGUOK","1716","27369","Dguok"
"DHCR24","1718","74754","Dhcr24"
"DHCR7","1717","13360","Dhcr7"
"DHDDS","79947","67422","Dhdds"
"DHDH","27294","71755","Dhdh"
"DHH","50846","13363","Dhh"
"DHODH","1723","56749","Dhodh"
"DHPS","1725","330817","Dhps"
"DHRS1","115817","52585","Dhrs1"
"DHRS11","79154","192970","Dhrs11"
"DHRS13","147015","70451","Dhrs13"
"DHRS2","10202","71412","Dhrs2"
"DHRS3","9249","20148","Dhrs3"
"DHRS7","51635","66375","Dhrs7"
"DHRS7B","25979","216820","Dhrs7b"
"DHRS7C","201140","68460","Dhrs7c"
"DHRS9","10170","241452","Dhrs9"
"DHRSX","207063","236082","Dhrsx"
"DHTKD1","55526","209692","Dhtkd1"
"DHX15","1665","13204","Dhx15"
"DHX16","8449","69192","Dhx16"
"DHX29","54505","218629","Dhx29"
"DHX30","22907","72831","Dhx30"
"DHX32","55760","101437","Dhx32"
"DHX33","56919","216877","Dhx33"
"DHX34","9704","71723","Dhx34"
"DHX35","60625","71715","Dhx35"
"DHX36","170506","72162","Dhx36"
"DHX37","57647","208144","Dhx37"
"DHX38","9785","64340","Dhx38"
"DHX40","79665","67487","Dhx40"
"DHX57","90957","106794","Dhx57"
"DHX58","79132","80861","Dhx58"
"DHX8","1659","217207","Dhx8"
"DHX9","1660","13211","Dhx9"
"DIABLO","56616","66593","Diablo"
"DIAPH1","1729","13367","Diaph1"
"DIAPH2","1730","54004","Diaph2"
"DIAPH3","81624","56419","Diaph3"
"DICER1","23405","192119","Dicer1"
"DIDO1","11083","23856","Dido1"
"DIMT1","27292","66254","Dimt1"
"DIO1","1733","13370","Dio1"
"DIO2","1734","13371","Dio2"
"DIO3","1735","107585","Dio3"
"DIP2A","23181","64451","Dip2a"
"DIP2B","57609","239667","Dip2b"
"DIP2C","22982","208440","Dip2c"
"DIPK1A","388650","67266","Dipk1a"
"DIPK1B","138311","56279","Dipk1b"
"DIPK1C","125704","240479","Dipk1c"
"DIPK2A","205428","68861","Dipk2a"
"DIPK2B","79742","75905","Dipk2b"
"DIRAS1","148252","208666","Diras1"
"DIRAS2","54769","68203","Diras2"
"DIS3","22894","72662","Dis3"
"DIS3L","115752","213550","Dis3l"
"DIS3L2","129563","208718","Dis3l2"
"DISC1","27185","244667","Disc1"
"DISP1","84976","68897","Disp1"
"DISP2","85455","214240","Disp2"
"DISP3","57540","242748","Disp3"
"DIXDC1","85458","330938","Dixdc1"
"DKC1","1736","245474","Dkc1"
"DKK1","22943","13380","Dkk1"
"DKK2","27123","56811","Dkk2"
"DKK3","27122","50781","Dkk3"
"DKK4","27121","234130","Dkk4"
"DKKL1","27120","50722","Dkkl1"
"DLAT","1737","235339","Dlat"
"DLC1","10395","50768","Dlc1"
"DLD","1738","13382","Dld"
"DLEC1","9940","320256","Dlec1"
"DLG1","1739","13383","Dlg1"
"DLG2","1740","23859","Dlg2"
"DLG3","1741","53310","Dlg3"
"DLG4","1742","13385","Dlg4"
"DLG5","9231","71228","Dlg5"
"DLGAP1","9229","224997","Dlgap1"
"DLGAP2","9228","244310","Dlgap2"
"DLGAP3","58512","242667","Dlgap3"
"DLGAP4","22839","228836","Dlgap4"
"DLGAP5","9787","218977","Dlgap5"
"DLK1","8788","13386","Dlk1"
"DLK2","65989","106565","Dlk2"
"DLL1","28514","13388","Dll1"
"DLL3","10683","13389","Dll3"
"DLL4","54567","54485","Dll4"
"DLST","1743","78920","Dlst"
"DLX1","1745","13390","Dlx1"
"DLX2","1746","13392","Dlx2"
"DLX3","1747","13393","Dlx3"
"DLX4","1748","13394","Dlx4"
"DLX5","1749","13395","Dlx5"
"DLX6","1750","13396","Dlx6"
"DMAC1","90871","66928","Dmac1"
"DMAC2","55101","66349","Dmac2"
"DMAC2L","27109","68055","Dmac2l"
"DMAP1","55929","66233","Dmap1"
"DMBT1","1755","12945","Dmbt1"
"DMBX1","127343","140477","Dmbx1"
"DMC1","11144","13404","Dmc1"
"DMD","1756","13405","Dmd"
"DMGDH","29958","74129","Dmgdh"
"DMKN","93099","73712","Dmkn"
"DMP1","1758","13406","Dmp1"
"DMPK","1760","13400","Dmpk"
"DMRT1","1761","50796","Dmrt1"
"DMRT2","10655","226049","Dmrt2"
"DMRT3","58524","240590","Dmrt3"
"DMRTA1","63951","242523","Dmrta1"
"DMRTA2","63950","242620","Dmrta2"
"DMRTB1","63948","56296","Dmrtb1"
"DMRTC2","63946","71241","Dmrtc2"
"DMTF1","9988","23857","Dmtf1"
"DMTF1","9988","237029","4932411N23Rik"
"DMTN","2039","13829","Dmtn"
"DMWD","1762","13401","Dmwd"
"DMXL1","1657","240283","Dmxl1"
"DMXL2","23312","235380","Dmxl2"
"DNA2","1763","327762","Dna2"
"DNAAF1","123872","68270","Dnaaf1"
"DNAAF10","116143","103784","Wdr92"
"DNAAF11","23639","54562","Lrrc6"
"DNAAF2","55172","109065","Dnaaf2"
"DNAAF3","352909","436022","Dnaaf3"
"DNAAF4","161582","67685","Dnaaf4"
"DNAAF5","54919","433956","Dnaaf5"
"DNAAF6","139212","74708","Dnaaf6"
"DNAAF6","139212","331537","Dnaaf6b"
"DNAAF9","25943","228602","Dnaaf9"
"DNAAF9","25943","228602","4930402H24Rik"
"DNAH1","25981","110084","Dnah1"
"DNAH10","196385","56087","Dnah10"
"DNAH11","8701","13411","Dnah11"
"DNAH12","201625","110083","Dnah12"
"DNAH14","127602","240960","Dnah14"
"DNAH17","8632","69926","Dnah17"
"DNAH2","146754","327954","Dnah2"
"DNAH3","55567","381917","Dnah3"
"DNAH5","1767","110082","Dnah5"
"DNAH6","1768","330355","Dnah6"
"DNAH7","56171","227058","Dnah7b"
"DNAH7","56171","627872","Dnah7a"
"DNAH7","56171","100101919","Dnah7c"
"DNAH8","1769","13417","Dnah8"
"DNAH9","1770","237806","Dnah9"
"DNAI1","27019","68922","Dnai1"
"DNAI2","64446","432611","Dnai2"
"DNAI3","126820","242253","Dnai3"
"DNAI4","79819","242584","Dnai4"
"DNAI7","55259","320662","Casc1"
"DNAJA1","3301","15502","Dnaja1"
"DNAJA2","10294","56445","Dnaja2"
"DNAJA3","9093","83945","Dnaja3"
"DNAJA4","55466","58233","Dnaja4"
"DNAJB1","3337","81489","Dnajb1"
"DNAJB11","51726","67838","Dnajb11"
"DNAJB12","54788","56709","Dnajb12"
"DNAJB13","374407","69387","Dnajb13"
"DNAJB14","79982","70604","Dnajb14"
"DNAJB2","3300","56812","Dnajb2"
"DNAJB4","11080","67035","Dnajb4"
"DNAJB5","25822","56323","Dnajb5"
"DNAJB6","10049","23950","Dnajb6"
"DNAJB7","150353","57755","Dnajb7"
"DNAJB8","165721","56691","Dnajb8"
"DNAJB9","4189","27362","Dnajb9"
"DNAJC1","64215","13418","Dnajc1"
"DNAJC10","54431","66861","Dnajc10"
"DNAJC11","55735","230935","Dnajc11"
"DNAJC12","56521","30045","Dnajc12"
"DNAJC13","23317","235567","Dnajc13"
"DNAJC14","85406","74330","Dnajc14"
"DNAJC15","29103","66148","Dnajc15"
"DNAJC16","23341","214063","Dnajc16"
"DNAJC17","55192","69408","Dnajc17"
"DNAJC18","202052","76594","Dnajc18"
"DNAJC19","131118","67713","Dnajc19"
"DNAJC19","131118","100503724","Dnajc19-ps"
"DNAJC2","27000","22791","Dnajc2"
"DNAJC21","134218","78244","Dnajc21"
"DNAJC22","79962","72778","Dnajc22"
"DNAJC24","120526","99349","Dnajc24"
"DNAJC25","548645","72429","Dnajc25"
"DNAJC27","51277","217378","Dnajc27"
"DNAJC28","54943","246738","Dnajc28"
"DNAJC3","5611","100037258","Dnajc3"
"DNAJC30","84277","66114","Dnajc30"
"DNAJC4","3338","57431","Dnajc4"
"DNAJC5","80331","13002","Dnajc5"
"DNAJC5B","85479","66326","Dnajc5b"
"DNAJC5G","285126","231098","Dnajc5g"
"DNAJC6","9829","72685","Dnajc6"
"DNAJC7","7266","56354","Dnajc7"
"DNAJC8","22826","68598","Dnajc8"
"DNAJC9","23234","108671","Dnajc9"
"DNAL1","83544","105000","Dnal1"
"DNAL4","10126","54152","Dnal4"
"DNALI1","7802","75563","Dnali1"
"DNASE1","1773","13419","Dnase1"
"DNASE1L1","1774","69537","Dnase1l1"
"DNASE1L2","1775","66705","Dnase1l2"
"DNASE1L3","1776","13421","Dnase1l3"
"DNASE2B","58511","56629","Dnase2b"
"DND1","373863","213236","Dnd1"
"DNER","92737","227325","Dner"
"DNHD1","144132","77505","Dnhd1"
"DNLZ","728489","52838","Dnlz"
"DNM1","1759","13429","Dnm1"
"DNM1L","10059","74006","Dnm1l"
"DNM2","1785","13430","Dnm2"
"DNM3","26052","103967","Dnm3"
"DNMBP","23268","71972","Dnmbp"
"DNMT1","1786","13433","Dnmt1"
"DNMT3A","1788","13435","Dnmt3a"
"DNMT3B","1789","13436","Dnmt3b"
"DNMT3L","29947","54427","Dnmt3l"
"DNPEP","23549","13437","Dnpep"
"DNPH1","10591","381101","Dnph1"
"DNTT","1791","21673","Dntt"
"DNTTIP1","116092","76233","Dnttip1"
"DNTTIP2","30836","99480","Dnttip2"
"DOC2A","8448","13446","Doc2a"
"DOC2B","8447","13447","Doc2b"
"DOCK1","1793","330662","Dock1"
"DOCK10","55619","210293","Dock10"
"DOCK11","139818","75974","Dock11"
"DOCK2","1794","94176","Dock2"
"DOCK3","1795","208869","Dock3"
"DOCK4","9732","238130","Dock4"
"DOCK5","80005","68813","Dock5"
"DOCK6","57572","319899","Dock6"
"DOCK7","85440","67299","Dock7"
"DOCK8","81704","76088","Dock8"
"DOCK9","23348","105445","Dock9"
"DOHH","83475","102115","Dohh"
"DOK1","1796","13448","Dok1"
"DOK2","9046","13449","Dok2"
"DOK3","79930","27261","Dok3"
"DOK4","55715","114255","Dok4"
"DOK5","55816","76829","Dok5"
"DOK6","220164","623279","Dok6"
"DOK7","285489","231134","Dok7"
"DOLK","22845","227697","Dolk"
"DOLPP1","57171","57170","Dolpp1"
"DONSON","29980","60364","Donson"
"DOP1A","23033","320615","Dop1a"
"DOP1B","9980","70028","Dop1b"
"DOT1L","84444","208266","Dot1l"
"DPAGT1","1798","13478","Dpagt1"
"DPCD","25911","226162","Dpcd"
"DPEP1","1800","13479","Dpep1"
"DPEP2","64174","319446","Dpep2"
"DPEP3","64180","71854","Dpep3"
"DPF1","8193","29861","Dpf1"
"DPF2","5977","19708","Dpf2"
"DPF3","8110","70127","Dpf3"
"DPH1","1801","116905","Dph1"
"DPH2","1802","67728","Dph2"
"DPH3","285381","105638","Dph3"
"DPH5","51611","69740","Dph5"
"DPH6","89978","66632","Dph6"
"DPH7","92715","67228","Dph7"
"DPM1","8813","13480","Dpm1"
"DPM2","8818","13481","Dpm2"
"DPM3","54344","68563","Dpm3"
"DPP10","57628","269109","Dpp10"
"DPP3","10072","75221","Dpp3"
"DPP4","1803","13482","Dpp4"
"DPP6","1804","13483","Dpp6"
"DPP7","29952","83768","Dpp7"
"DPP8","54878","74388","Dpp8"
"DPP9","91039","224897","Dpp9"
"DPPA2","151871","73703","Dppa2"
"DPPA3","359787","73708","Dppa3"
"DPPA4","55211","73693","Dppa4"
"DPPA5","340168","434423","Dppa5a"
"DPT","1805","56429","Dpt"
"DPY19L1","23333","244745","Dpy19l1"
"DPY19L2","283417","320752","Dpy19l2"
"DPY19L3","147991","233115","Dpy19l3"
"DPY19L4","286148","381510","Dpy19l4"
"DPY30","84661","66310","Dpy30"
"DPYD","1806","99586","Dpyd"
"DPYS","1807","64705","Dpys"
"DPYSL2","1808","12934","Dpysl2"
"DPYSL3","1809","22240","Dpysl3"
"DPYSL4","10570","26757","Dpysl4"
"DPYSL5","56896","65254","Dpysl5"
"DQX1","165545","93838","Dqx1"
"DR1","1810","13486","Dr1"
"DRAM1","55332","71712","Dram1"
"DRAM2","128338","67171","Dram2"
"DRAP1","10589","66556","Drap1"
"DRAXIN","374946","70433","Draxin"
"DRC1","92749","381738","Drc1"
"DRC3","83450","74665","Drc3"
"DRC7","84229","330830","Drc7"
"DRD1","1812","13488","Drd1"
"DRD2","1813","13489","Drd2"
"DRD3","1814","13490","Drd3"
"DRD4","1815","13491","Drd4"
"DRD5","1816","13492","Drd5"
"DRG1","4733","13494","Drg1"
"DRG2","1819","13495","Drg2"
"DRGX","644168","107751","Prrxl1"
"DROSHA","29102","14000","Drosha"
"DRP2","1821","13497","Drp2"
"DSC1","1823","13505","Dsc1"
"DSC2","1824","13506","Dsc2"
"DSC3","1825","13507","Dsc3"
"DSCAM","1826","13508","Dscam"
"DSCAML1","57453","114873","Dscaml1"
"DSCC1","79075","72107","Dscc1"
"DSE","29940","212898","Dse"
"DSEL","92126","319901","Dsel"
"DSG1","1828","13510","Dsg1a"
"DSG1","1828","225256","Dsg1b"
"DSG1","1828","211924","Dsg1c"
"DSG2","1829","13511","Dsg2"
"DSG3","1830","13512","Dsg3"
"DSG4","147409","16769","Dsg4"
"DSN1","79980","66934","Dsn1"
"DSP","1832","109620","Dsp"
"DSPP","1834","666279","Dspp"
"DST","667","13518","Dst"
"DSTN","11034","56431","Dstn"
"DSTYK","25778","213452","Dstyk"
"DTD1","92675","66044","Dtd1"
"DTD2","112487","328092","Dtd2"
"DTHD1","401124","100322896","Dthd1"
"DTL","51514","76843","Dtl"
"DTNA","1837","13527","Dtna"
"DTNB","1838","13528","Dtnb"
"DTNBP1","84062","94245","Dtnbp1"
"DTWD1","56986","69185","Dtwd1"
"DTWD2","285605","68857","Dtwd2"
"DTX1","1840","14357","Dtx1"
"DTX2","113878","74198","Dtx2"
"DTX3","196403","80904","Dtx3"
"DTX3L","151636","209200","Dtx3l"
"DTX4","23220","207521","Dtx4"
"DTYMK","1841","21915","Dtymk"
"DUOX1","53905","99439","Duox1"
"DUOX2","50506","214593","Duox2"
"DUOXA1","90527","213696","Duoxa1"
"DUOXA2","405753","66811","Duoxa2"
"DUS1L","64118","68730","Dus1l"
"DUS2","54920","66369","Dus2"
"DUS3L","56931","224907","Dus3l"
"DUS4L","11062","71916","Dus4l"
"DUSP1","1843","19252","Dusp1"
"DUSP10","11221","63953","Dusp10"
"DUSP11","8446","72102","Dusp11"
"DUSP12","11266","80915","Dusp12"
"DUSP13","51207","27389","Dusp13"
"DUSP14","11072","56405","Dusp14"
"DUSP15","128853","252864","Dusp15"
"DUSP16","80824","70686","Dusp16"
"DUSP18","150290","75219","Dusp18"
"DUSP19","142679","68082","Dusp19"
"DUSP2","1844","13537","Dusp2"
"DUSP21","63904","73547","Dusp21"
"DUSP22","56940","105352","Dusp22"
"DUSP23","54935","68440","Dusp23"
"DUSP26","78986","66959","Dusp26"
"DUSP28","285193","67446","Dusp28"
"DUSP29","338599","435391","Dupd1"
"DUSP3","1845","72349","Dusp3"
"DUSP4","1846","319520","Dusp4"
"DUSP5","1847","240672","Dusp5"
"DUSP6","1848","67603","Dusp6"
"DUSP7","1849","235584","Dusp7"
"DUSP8","1850","18218","Dusp8"
"DUSP9","1852","75590","Dusp9"
"DUT","1854","110074","Dut"
"DUX4","100288687","278672","Duxbl1"
"DVL1","1855","13542","Dvl1"
"DVL2","1856","13543","Dvl2"
"DVL3","1857","13544","Dvl3"
"DXO","1797","112403","Dxo"
"DYDC1","143241","69496","Dydc1"
"DYDC2","84332","71200","Dydc2"
"DYM","54808","69190","Dym"
"DYNC1H1","1778","13424","Dync1h1"
"DYNC1I1","1780","13426","Dync1i1"
"DYNC1I2","1781","13427","Dync1i2"
"DYNC1LI1","51143","235661","Dync1li1"
"DYNC1LI2","1783","234663","Dync1li2"
"DYNC2H1","79659","110350","Dync2h1"
"DYNC2I1","55112","217935","Dync2i1"
"DYNC2I2","89891","71820","Dync2i2"
"DYNC2LI1","51626","213575","Dync2li1"
"DYNLL1","8655","56455","Dynll1"
"DYNLL1","8655","408058","BC048507"
"DYNLL2","140735","68097","Dynll2"
"DYNLRB1","83658","67068","Dynlrb1"
"DYNLRB2","83657","75465","Dynlrb2"
"DYNLT1","6993","21648","Dynlt1b"
"DYNLT1","6993","100040531","Dynlt1f"
"DYNLT1","6993","100040563","Dynlt1c"
"DYNLT1","6993","100310872","Dynlt1a"
"DYNLT2","6991","21647","Dynlt2a1"
"DYNLT2","6991","100041586","Dynlt2a3"
"DYNLT2","6991","100041639","Dynlt2a2"
"DYNLT2B","255758","66061","Dynlt2b"
"DYNLT3","6990","67117","Dynlt3"
"DYNLT4","343521","242646","Dynlt4"
"DYNLT5","200132","67344","Dynlt5"
"DYRK1A","1859","13548","Dyrk1a"
"DYRK1B","9149","13549","Dyrk1b"
"DYRK2","8445","69181","Dyrk2"
"DYRK3","8444","226419","Dyrk3"
"DYRK4","8798","101320","Dyrk4"
"DYSF","8291","26903","Dysf"
"DYTN","391475","241073","Dytn"
"DZANK1","55184","241688","Dzank1"
"DZIP1","22873","66573","Dzip1"
"DZIP1L","199221","72507","Dzip1l"
"DZIP3","9666","224170","Dzip3"
"E2F1","1869","13555","E2f1"
"E2F2","1870","242705","E2f2"
"E2F3","1871","13557","E2f3"
"E2F4","1874","104394","E2f4"
"E2F5","1875","13559","E2f5"
"E2F6","1876","50496","E2f6"
"E2F7","144455","52679","E2f7"
"E2F8","79733","108961","E2f8"
"E4F1","1877","13560","E4f1"
"EAF1","85403","74427","Eaf1"
"EAF2","55840","106389","Eaf2"
"EAPP","55837","66266","Eapp"
"EARS2","124454","67417","Ears2"
"EBAG9","9166","55960","Ebag9"
"EBF1","1879","13591","Ebf1"
"EBF2","64641","13592","Ebf2"
"EBF3","253738","13593","Ebf3"
"EBF4","57593","228598","Ebf4"
"EBI3","10148","50498","Ebi3"
"EBNA1BP2","10969","69072","Ebna1bp2"
"EBP","10682","13595","Ebp"
"EBPL","84650","68177","Ebpl"
"ECD","11319","70601","Ecd"
"ECE1","1889","230857","Ece1"
"ECEL1","9427","13599","Ecel1"
"ECH1","1891","51798","Ech1"
"ECHDC1","55862","52665","Echdc1"
"ECHDC2","55268","52430","Echdc2"
"ECHDC3","79746","67856","Echdc3"
"ECHS1","1892","93747","Echs1"
"ECI1","1632","13177","Eci1"
"ECI2","10455","23986","Eci2"
"ECI2","10455","69123","Eci3"
"ECM1","1893","13601","Ecm1"
"ECM2","1842","407800","Ecm2"
"ECPAS","23392","230249","Ecpas"
"ECRG4","84417","78896","Ecrg4"
"ECSCR","641700","68545","Ecscr"
"ECSIT","51295","26940","Ecsit"
"ECT2","1894","13605","Ect2"
"ECT2L","345930","100045792","Ect2l"
"EDA","1896","13607","Eda"
"EDA2R","60401","245527","Eda2r"
"EDAR","10913","13608","Edar"
"EDARADD","128178","171211","Edaradd"
"EDC3","80153","353190","Edc3"
"EDC4","23644","234699","Edc4"
"EDDM13","100506374","627821","Epp13"
"EDEM1","9695","192193","Edem1"
"EDEM3","80267","66967","Edem3"
"EDF1","8721","59022","Edf1"
"EDIL3","10085","13612","Edil3"
"EDN1","1906","13614","Edn1"
"EDN2","1907","13615","Edn2"
"EDN3","1908","13616","Edn3"
"EDNRA","1909","13617","Ednra"
"EDNRB","1910","13618","Ednrb"
"EDRF1","26098","214764","Edrf1"
"EEA1","8411","216238","Eea1"
"EED","8726","13626","Eed"
"EEF1A1","1915","13627","Eef1a1"
"EEF1A2","1917","13628","Eef1a2"
"EEF1AKMT1","221143","68043","Eef1akmt1"
"EEF1AKMT2","399818","72096","Eef1akmt2"
"EEF1AKMT3","25895","100504608","Eef1akmt3"
"EEF1AKMT4","110599564","110599566","Eef1akmt4"
"EEF1AKMT4-ECE2","110599583","110599584","Gm49333"
"EEF1B2","1933","55949","Eef1b2"
"EEF1D","1936","66656","Eef1d"
"EEF1E1","9521","66143","Eef1e1"
"EEF1G","1937","67160","Eef1g"
"EEF2","1938","13629","Eef2"
"EEF2K","29904","13631","Eef2k"
"EEFSEC","60678","65967","Eefsec"
"EEPD1","80820","67484","Eepd1"
"EFCAB1","79645","66793","Efcab1"
"EFCAB10","100130771","75040","Efcab10"
"EFCAB11","90141","78767","Efcab11"
"EFCAB12","90288","212516","Efcab12"
"EFCAB14","9813","230648","Efcab14"
"EFCAB2","84288","68226","Efcab2"
"EFCAB3","146779","70894","Efcab3"
"EFCAB5","374786","319634","Efcab5"
"EFCAB6","64800","77627","Efcab6"
"EFCAB7","84455","230500","Efcab7"
"EFCAB8","388795","100504221","Efcab8"
"EFCAB9","285588","69306","Efcab9"
"EFCC1","79825","58229","Efcc1"
"EFEMP1","2202","216616","Efemp1"
"EFEMP2","30008","58859","Efemp2"
"EFHB","151651","211482","Efhb"
"EFHC1","114327","71877","Efhc1"
"EFHC2","80258","74405","Efhc2"
"EFHD1","80303","98363","Efhd1"
"EFHD2","79180","27984","Efhd2"
"EFL1","79631","101592","Efl1"
"EFNA1","1942","13636","Efna1"
"EFNA2","1943","13637","Efna2"
"EFNA3","1944","13638","Efna3"
"EFNA4","1945","13639","Efna4"
"EFNA5","1946","13640","Efna5"
"EFNB1","1947","13641","Efnb1"
"EFNB2","1948","13642","Efnb2"
"EFNB3","1949","13643","Efnb3"
"EFR3A","23167","76740","Efr3a"
"EFR3B","22979","668212","Efr3b"
"EFS","10278","13644","Efs"
"EFTUD2","9343","20624","Eftud2"
"EGF","1950","13645","Egf"
"EGFL6","25975","54156","Egfl6"
"EGFL7","51162","353156","Egfl7"
"EGFL8","80864","81701","Egfl8"
"EGFLAM","133584","268780","Egflam"
"EGFR","1956","13649","Egfr"
"EGLN1","54583","112405","Egln1"
"EGLN2","112398","112406","Egln2"
"EGLN3","112399","112407","Egln3"
"EGR1","1958","13653","Egr1"
"EGR2","1959","13654","Egr2"
"EGR3","1960","13655","Egr3"
"EGR4","1961","13656","Egr4"
"EHBP1","23301","216565","Ehbp1"
"EHBP1L1","254102","114601","Ehbp1l1"
"EHD1","10938","13660","Ehd1"
"EHD2","30846","259300","Ehd2"
"EHD3","30845","57440","Ehd3"
"EHD4","30844","98878","Ehd4"
"EHF","26298","13661","Ehf"
"EHHADH","1962","74147","Ehhadh"
"EHMT1","79813","77683","Ehmt1"
"EHMT2","10919","110147","Ehmt2"
"EI24","9538","13663","Ei24"
"EID1","23741","58521","Eid1"
"EID2","163126","386655","Eid2"
"EID2B","126272","434156","Eid2b"
"EID3","493861","66341","Eid3"
"EIF1","10209","20918","Eif1"
"EIF1AD","84285","69860","Eif1ad"
"EIF1AX","1964","13664","Eif1a"
"EIF1B","10289","68969","Eif1b"
"EIF2A","83939","229317","Eif2a"
"EIF2AK1","27102","15467","Eif2ak1"
"EIF2AK2","5610","19106","Eif2ak2"
"EIF2AK3","9451","13666","Eif2ak3"
"EIF2AK4","440275","27103","Eif2ak4"
"EIF2B1","1967","209354","Eif2b1"
"EIF2B2","8892","217715","Eif2b2"
"EIF2B3","8891","108067","Eif2b3"
"EIF2B4","8890","13667","Eif2b4"
"EIF2B5","8893","224045","Eif2b5"
"EIF2D","1939","16865","Eif2d"
"EIF2S1","1965","13665","Eif2s1"
"EIF2S2","8894","67204","Eif2s2"
"EIF3A","8661","13669","Eif3a"
"EIF3B","8662","27979","Eif3b"
"EIF3D","8664","55944","Eif3d"
"EIF3E","3646","16341","Eif3e"
"EIF3F","8665","66085","Eif3f"
"EIF3G","8666","53356","Eif3g"
"EIF3H","8667","68135","Eif3h"
"EIF3I","8668","54709","Eif3i"
"EIF3J","8669","78655","Eif3j1"
"EIF3J","8669","100042807","Eif3j2"
"EIF3K","27335","73830","Eif3k"
"EIF3L","51386","223691","Eif3l"
"EIF3M","10480","98221","Eif3m"
"EIF4A1","1973","13681","Eif4a1"
"EIF4A2","1974","13682","Eif4a2"
"EIF4A3","9775","192170","Eif4a3"
"EIF4A3","9775","668137","Eif4a3l1"
"EIF4B","1975","75705","Eif4b"
"EIF4E","1977","13684","Eif4e"
"EIF4E1B","253314","218268","Eif4e1b"
"EIF4E2","9470","26987","Eif4e2"
"EIF4E3","317649","66892","Eif4e3"
"EIF4EBP1","1978","13685","Eif4ebp1"
"EIF4EBP2","1979","13688","Eif4ebp2"
"EIF4EBP3","8637","108112","Eif4ebp3"
"EIF4ENIF1","56478","74203","Eif4enif1"
"EIF4G1","1981","208643","Eif4g1"
"EIF4G2","1982","13690","Eif4g2"
"EIF4G3","8672","230861","Eif4g3"
"EIF4H","7458","22384","Eif4h"
"EIF5","1983","217869","Eif5"
"EIF5A2","56648","208691","Eif5a2"
"EIF5B","9669","226982","Eif5b"
"EIF6","3692","16418","Eif6"
"EIPR1","7260","380752","Eipr1"
"ELAC1","55520","114615","Elac1"
"ELAC2","60528","68626","Elac2"
"ELANE","1991","50701","Elane"
"ELAPOR1","57535","229722","Elapor1"
"ELAPOR2","222223","231014","Elapor2"
"ELAVL1","1994","15568","Elavl1"
"ELAVL2","1993","15569","Elavl2"
"ELAVL3","1995","15571","Elavl3"
"ELAVL4","1996","15572","Elavl4"
"ELF1","1997","13709","Elf1"
"ELF2","1998","69257","Elf2"
"ELF3","1999","13710","Elf3"
"ELF4","2000","56501","Elf4"
"ELF5","2001","13711","Elf5"
"ELFN1","392617","243312","Elfn1"
"ELFN2","114794","207393","Elfn2"
"ELK1","2002","13712","Elk1"
"ELK3","2004","13713","Elk3"
"ELK4","2005","13714","Elk4"
"ELL","8178","13716","Ell"
"ELL2","22936","192657","Ell2"
"ELL3","80237","269344","Ell3"
"ELMO1","9844","140580","Elmo1"
"ELMO2","63916","140579","Elmo2"
"ELMO3","79767","234683","Elmo3"
"ELMOD1","55531","270162","Elmod1"
"ELMOD2","255520","244548","Elmod2"
"ELMOD3","84173","232089","Elmod3"
"ELN","2006","13717","Eln"
"ELOA","6924","27224","Eloa"
"ELOB","6923","217066","Elobl"
"ELOC","6921","67923","Eloc"
"ELOF1","84337","66126","Elof1"
"ELOVL1","64834","54325","Elovl1"
"ELOVL2","54898","54326","Elovl2"
"ELOVL3","83401","12686","Elovl3"
"ELOVL4","6785","83603","Elovl4"
"ELOVL5","60481","68801","Elovl5"
"ELOVL6","79071","170439","Elovl6"
"ELOVL7","79993","74559","Elovl7"
"ELP1","8518","230233","Elp1"
"ELP2","55250","58523","Elp2"
"ELP3","55140","74195","Elp3"
"ELP4","26610","77766","Elp4"
"ELP5","23587","54351","Elp5"
"ELP6","54859","72341","Elp6"
"EMB","133418","13723","Emb"
"EMC1","23065","230866","Emc1"
"EMC10","284361","69683","Emc10"
"EMC2","9694","66736","Emc2"
"EMC3","55831","66087","Emc3"
"EMC4","51234","68032","Emc4"
"EMC6","83460","66048","Emc6"
"EMC7","56851","73024","Emc7"
"EMC8","10328","18117","Emc8"
"EMC9","51016","85308","Emc9"
"EMCN","51705","59308","Emcn"
"EMD","2010","13726","Emd"
"EME1","146956","268465","Eme1"
"EME2","197342","193838","Eme2"
"EMG1","10436","14791","Emg1"
"EMID1","129080","140703","Emid1"
"EMILIN1","11117","100952","Emilin1"
"EMILIN2","84034","246707","Emilin2"
"EMILIN3","90187","280635","Emilin3"
"EML1","2009","68519","Eml1"
"EML2","24139","72205","Eml2"
"EML3","256364","225898","Eml3"
"EML4","27436","78798","Eml4"
"EML5","161436","319670","Eml5"
"EML6","400954","237711","Eml6"
"EMP1","2012","13730","Emp1"
"EMP2","2013","13731","Emp2"
"EMP3","2014","13732","Emp3"
"EMSY","56946","233545","Emsy"
"EMX1","2016","13796","Emx1"
"EMX2","2018","13797","Emx2"
"EN1","2019","13798","En1"
"EN2","2020","13799","En2"
"ENAH","55740","13800","Enah"
"ENAM","10117","13801","Enam"
"ENC1","8507","13803","Enc1"
"ENDOD1","23052","71946","Endod1"
"ENDOG","2021","13804","Endog"
"ENDOU","8909","19011","Endou"
"ENDOV","284131","338371","Endov"
"ENG","2022","13805","Eng"
"ENGASE","64772","217364","Engase"
"ENHO","375704","69638","Enho"
"ENKD1","84080","102124","Enkd1"
"ENKUR","219670","71233","Enkur"
"ENO1","2023","13806","Eno1"
"ENO1","2023","433182","Eno1b"
"ENO2","2026","13807","Eno2"
"ENO3","2027","13808","Eno3"
"ENO4","387712","226265","Eno4"
"ENOPH1","58478","67870","Enoph1"
"ENOX1","55068","239188","Enox1"
"ENOX2","10495","209224","Enox2"
"ENPEP","2028","13809","Enpep"
"ENPP1","5167","18605","Enpp1"
"ENPP2","5168","18606","Enpp2"
"ENPP3","5169","209558","Enpp3"
"ENPP4","22875","224794","Enpp4"
"ENPP5","59084","83965","Enpp5"
"ENPP6","133121","320981","Enpp6"
"ENPP7","339221","238011","Enpp7"
"ENSA","2029","56205","Ensa"
"ENTHD1","150350","383075","Enthd1"
"ENTPD1","953","12495","Entpd1"
"ENTPD2","954","12496","Entpd2"
"ENTPD3","956","215446","Entpd3"
"ENTPD4","9583","67464","Entpd4"
"ENTPD4","9583","100862375","Entpd4b"
"ENTPD5","957","12499","Entpd5"
"ENTPD6","955","12497","Entpd6"
"ENTPD7","57089","93685","Entpd7"
"ENTPD8","377841","72090","Entpd8"
"ENTR1","10807","68112","Entr1"
"ENY2","56943","223527","Eny2"
"EOGT","285203","101351","Eogt"
"EOMES","8320","13813","Eomes"
"EP300","2033","328572","Ep300"
"EP400","57634","75560","Ep400"
"EPAS1","2034","13819","Epas1"
"EPB41","2035","269587","Epb41"
"EPB41L1","2036","13821","Epb41l1"
"EPB41L2","2037","13822","Epb41l2"
"EPB41L3","23136","13823","Epb41l3"
"EPB41L4A","64097","13824","Epb41l4a"
"EPB41L4B","54566","54357","Epb41l4b"
"EPB41L5","57669","226352","Epb41l5"
"EPB42","2038","13828","Epb42"
"EPC1","80314","13831","Epc1"
"EPC2","26122","227867","Epc2"
"EPCAM","4072","17075","Epcam"
"EPDR1","54749","105298","Epdr1"
"EPG5","57724","100502841","Epg5"
"EPGN","255324","71920","Epgn"
"EPHA1","2041","13835","Epha1"
"EPHA10","284656","230735","Epha10"
"EPHA2","1969","13836","Epha2"
"EPHA3","2042","13837","Epha3"
"EPHA4","2043","13838","Epha4"
"EPHA5","2044","13839","Epha5"
"EPHA6","285220","13840","Epha6"
"EPHA7","2045","13841","Epha7"
"EPHA8","2046","13842","Epha8"
"EPHB1","2047","270190","Ephb1"
"EPHB2","2048","13844","Ephb2"
"EPHB3","2049","13845","Ephb3"
"EPHB4","2050","13846","Ephb4"
"EPHB6","2051","13848","Ephb6"
"EPHX1","2052","13849","Ephx1"
"EPHX2","2053","13850","Ephx2"
"EPHX3","79852","71932","Ephx3"
"EPHX4","253152","384214","Ephx4"
"EPM2A","7957","13853","Epm2a"
"EPM2AIP1","9852","77781","Epm2aip1"
"EPN1","29924","13854","Epn1"
"EPN2","22905","13855","Epn2"
"EPN3","55040","71889","Epn3"
"EPO","2056","13856","Epo"
"EPOP","100170841","103551","Epop"
"EPOR","2057","13857","Epor"
"EPPIN","57119","209351","Wfdc6a"
"EPPK1","83481","223650","Eppk1"
"EPRS1","2058","107508","Eprs"
"EPS15","2060","13858","Eps15"
"EPS15L1","58513","13859","Eps15l1"
"EPS8","2059","13860","Eps8"
"EPS8L1","54869","67425","Eps8l1"
"EPS8L2","64787","98845","Eps8l2"
"EPS8L3","79574","99662","Eps8l3"
"EPSTI1","94240","108670","Epsti1"
"EPX","8288","13861","Epx"
"EPYC","1833","13516","Epyc"
"EQTN","54586","67753","Eqtn"
"ERAL1","26284","57837","Eral1"
"ERAP1","51752","80898","Erap1"
"ERAS","3266","353283","Eras"
"ERBB2","2064","13866","Erbb2"
"ERBB3","2065","13867","Erbb3"
"ERBB4","2066","13869","Erbb4"
"ERBIN","55914","59079","Erbin"
"ERC1","23085","111173","Erc1"
"ERC2","26059","238988","Erc2"
"ERCC1","2067","13870","Ercc1"
"ERCC2","2068","13871","Ercc2"
"ERCC3","2071","13872","Ercc3"
"ERCC4","2072","50505","Ercc4"
"ERCC6","2074","319955","Ercc6"
"ERCC6L","54821","236930","Ercc6l"
"ERCC6L2","375748","76251","Ercc6l2"
"ERCC8","1161","71991","Ercc8"
"EREG","2069","13874","Ereg"
"ERF","2077","13875","Erf"
"ERFE","151176","227358","Erfe"
"ERFL","390937","232974","Erfl"
"ERG","2078","13876","Erg"
"ERG28","11161","58520","Erg28"
"ERGIC1","57222","67458","Ergic1"
"ERGIC2","51290","67456","Ergic2"
"ERGIC3","51614","66366","Ergic3"
"ERH","2079","13877","Erh"
"ERI1","90459","67276","Eri1"
"ERI2","112479","71151","Eri2"
"ERI3","79033","140546","Eri3"
"ERICH1","157697","234086","Erich1"
"ERICH2","285141","66748","Erich2"
"ERICH3","127254","209601","Erich3"
"ERICH4","100170765","632778","Erich4"
"ERICH5","203111","239368","Erich5"
"ERICH6","131831","545527","Erich6"
"ERICH6B","220081","75272","Erich6b"
"ERLEC1","27248","66753","Erlec1"
"ERLIN1","10613","226144","Erlin1"
"ERLIN2","11160","244373","Erlin2"
"ERMAP","114625","27028","Ermap"
"ERMARD","55780","381062","Ermard"
"ERMARD","55780","100041574","9030025P20Rik"
"ERMARD","55780","100041621","Gm3435"
"ERMN","57471","77767","Ermn"
"ERMP1","79956","226090","Ermp1"
"ERN1","2081","78943","Ern1"
"ERN2","10595","26918","Ern2"
"ERO1A","30001","50527","Ero1a"
"ERO1B","56605","67475","Ero1b"
"ERP27","121506","69187","Erp27"
"ERP29","10961","67397","Erp29"
"ERP44","23071","76299","Erp44"
"ERRFI1","54206","74155","Errfi1"
"ERVFRD-1","405754","214292","Syna"
"ESAM","90952","69524","Esam"
"ESCO1","114799","77805","Esco1"
"ESCO2","157570","71988","Esco2"
"ESD","2098","13885","Esd"
"ESD","2098","100040682","Esd-ps"
"ESF1","51575","66580","Esf1"
"ESM1","11082","71690","Esm1"
"ESPL1","9700","105988","Espl1"
"ESPN","83715","56226","Espn"
"ESPNL","339768","227357","Espnl"
"ESR1","2099","13982","Esr1"
"ESR2","2100","13983","Esr2"
"ESRP1","54845","207920","Esrp1"
"ESRP2","80004","77411","Esrp2"
"ESRRA","2101","26379","Esrra"
"ESRRB","2103","26380","Esrrb"
"ESRRG","2104","26381","Esrrg"
"ESS2","8220","27886","Ess2"
"ESX1","80712","13984","Esx1"
"ESYT1","23344","23943","Esyt1"
"ESYT2","57488","52635","Esyt2"
"ESYT3","83850","272636","Esyt3"
"ETAA1","54465","68145","Etaa1"
"ETF1","2107","225363","Etf1"
"ETFA","2108","110842","Etfa"
"ETFB","2109","110826","Etfb"
"ETFBKMT","254013","320204","Etfbkmt"
"ETFDH","2110","66841","Etfdh"
"ETFRF1","144363","67636","Etfrf1"
"ETHE1","23474","66071","Ethe1"
"ETNK1","55500","75320","Etnk1"
"ETNK2","55224","214253","Etnk2"
"ETNPPL","64850","71760","Etnppl"
"ETS1","2113","23871","Ets1"
"ETS2","2114","23872","Ets2"
"ETV1","2115","14009","Etv1"
"ETV2","2116","14008","Etv2"
"ETV3","2117","27049","Etv3"
"ETV3L","440695","546801","Etv3l"
"ETV4","2118","18612","Etv4"
"ETV5","2119","104156","Etv5"
"ETV6","2120","14011","Etv6"
"EVA1A","84141","232146","Eva1a"
"EVA1B","55194","230752","Eva1b"
"EVA1C","59271","70967","Eva1c"
"EVC","2121","59056","Evc"
"EVC2","132884","68525","Evc2"
"EVI2A","2123","14017","Evi2a"
"EVI2B","2124","216984","Evi2b"
"EVI2B","2124","101488212","Evi2"
"EVI5","7813","14020","Evi5"
"EVI5L","115704","213027","Evi5l"
"EVL","51466","14026","Evl"
"EVPL","2125","14027","Evpl"
"EVX1","2128","14028","Evx1"
"EVX2","344191","14029","Evx2"
"EWSR1","2130","14030","Ewsr1"
"EXD1","161829","241624","Exd1"
"EXD2","55218","97827","Exd2"
"EXO1","9156","26909","Exo1"
"EXO5","64789","73172","Exo5"
"EXOC1","55763","69940","Exoc1"
"EXOC2","55770","66482","Exoc2"
"EXOC3","11336","211446","Exoc3"
"EXOC3L1","283849","277978","Exoc3l"
"EXOC3L2","90332","74463","Exoc3l2"
"EXOC3L4","91828","74190","Exoc3l4"
"EXOC4","60412","20336","Exoc4"
"EXOC5","10640","105504","Exoc5"
"EXOC6","54536","107371","Exoc6"
"EXOC6B","23233","75914","Exoc6b"
"EXOC7","23265","53413","Exoc7"
"EXOC8","149371","102058","Exoc8"
"EXOG","9941","208194","Exog"
"EXOSC1","51013","66583","Exosc1"
"EXOSC10","5394","50912","Exosc10"
"EXOSC2","23404","227715","Exosc2"
"EXOSC3","51010","66362","Exosc3"
"EXOSC4","54512","109075","Exosc4"
"EXOSC5","56915","27998","Exosc5"
"EXOSC6","118460","72544","Exosc6"
"EXOSC7","23016","66446","Exosc7"
"EXOSC8","11340","69639","Exosc8"
"EXOSC9","5393","50911","Exosc9"
"EXPH5","23086","320051","Exph5"
"EXT1","2131","14042","Ext1"
"EXT2","2132","14043","Ext2"
"EXTL1","2134","56219","Extl1"
"EXTL2","2135","58193","Extl2"
"EXTL3","2137","54616","Extl3"
"EYA1","2138","14048","Eya1"
"EYA2","2139","14049","Eya2"
"EYA3","2140","14050","Eya3"
"EYA4","2070","14051","Eya4"
"EZH1","2145","14055","Ezh1"
"EZH2","2146","14056","Ezh2"
"EZR","7430","22350","Ezr"
"F10","2159","14058","F10"
"F11","2160","109821","F11"
"F11R","50848","16456","F11r"
"F12","2161","58992","F12"
"F13A1","2162","74145","F13a1"
"F13B","2165","14060","F13b"
"F2","2147","14061","F2"
"F2R","2149","14062","F2r"
"F2RL1","2150","14063","F2rl1"
"F2RL2","2151","14064","F2rl2"
"F2RL3","9002","14065","F2rl3"
"F3","2152","14066","F3"
"F5","2153","14067","F5"
"F7","2155","14068","F7"
"F8","2157","14069","F8"
"F9","2158","14071","F9"
"FA2H","79152","338521","Fa2h"
"FAAH","2166","14073","Faah"
"FAAP100","80233","71885","Faap100"
"FAAP20","199990","67513","Faap20"
"FAAP24","91442","101831","Faap24"
"FABP1","2168","14080","Fabp1"
"FABP12","646486","75497","Fabp12"
"FABP2","2169","14079","Fabp2"
"FABP3","2170","14077","Fabp3"
"FABP4","2167","11770","Fabp4"
"FABP5","2171","16592","Fabp5"
"FABP6","2172","16204","Fabp6"
"FABP7","2173","12140","Fabp7"
"FABP9","646480","21884","Fabp9"
"FADD","8772","14082","Fadd"
"FADS1","3992","76267","Fads1"
"FADS2","9415","56473","Fads2"
"FADS3","3995","60527","Fads3"
"FADS6","283985","328035","Fads6"
"FAF1","11124","14084","Faf1"
"FAF2","23197","76577","Faf2"
"FAH","2184","14085","Fah"
"FAHD1","81889","68636","Fahd1"
"FAIM","55179","23873","Faim"
"FAIM2","23017","72393","Faim2"
"FAM102A","399665","98952","Fam102a"
"FAM102B","284611","329739","Fam102b"
"FAM107A","11170","268709","Fam107a"
"FAM107B","83641","66540","Fam107b"
"FAM110A","83541","73847","Fam110a"
"FAM110B","90362","242297","Fam110b"
"FAM110C","642273","104943","Fam110c"
"FAM110D","79927","72690","Fam110d"
"FAM111A","63901","107373","Fam111a"
"FAM114A1","92689","68303","Fam114a1"
"FAM114A2","10827","67726","Fam114a2"
"FAM117A","81558","215512","Fam117a"
"FAM117B","150864","72750","Fam117b"
"FAM118A","55007","73225","Fam118a"
"FAM118B","79607","109229","Fam118b"
"FAM120A","23196","218236","Fam120a"
"FAM120B","84498","67544","Fam120b"
"FAM120C","54954","207375","Fam120c"
"FAM124A","220108","629059","Fam124a"
"FAM124B","79843","241128","Fam124b"
"FAM126A","84668","84652","Fam126a"
"FAM126B","285172","213056","Fam126b"
"FAM131A","131408","78408","Fam131a"
"FAM131B","9715","76156","Fam131b"
"FAM131C","348487","277743","Fam131c"
"FAM133B","257415","68152","Fam133b"
"FAM135A","57579","68187","Fam135a"
"FAM135B","51059","70363","Fam135b"
"FAM13A","10144","58909","Fam13a"
"FAM13B","51306","225358","Fam13b"
"FAM13C","220965","71721","Fam13c"
"FAM149A","25854","212326","Fam149a"
"FAM149B1","317662","105428","Fam149b"
"FAM151A","338094","230579","Fam151a"
"FAM151B","167555","73942","Fam151b"
"FAM161A","84140","73873","Fam161a"
"FAM161B","145483","217705","Fam161b"
"FAM162A","26355","70186","Fam162a"
"FAM162B","221303","77296","Fam162b"
"FAM163A","148753","329274","Fam163a"
"FAM163B","642968","109349","Fam163b"
"FAM166A","401565","68222","Fam166a"
"FAM166B","730112","329831","Fam166b"
"FAM166C","339778","75434","Fam166c"
"FAM167A","83648","219148","Fam167a"
"FAM167B","84734","230766","Fam167b"
"FAM168A","23201","319604","Fam168a"
"FAM168B","130074","214469","Fam168b"
"FAM169A","26049","320557","Fam169a"
"FAM170A","340069","225497","Fam170a"
"FAM170B","170370","105511","Fam170b"
"FAM171A1","221061","269233","Fam171a1"
"FAM171A2","284069","217219","Fam171a2"
"FAM171B","165215","241520","Fam171b"
"FAM172A","83989","68675","Fam172a"
"FAM174A","345757","67698","Fam174a"
"FAM174B","400451","100038347","Fam174b"
"FAM174C","55009","69770","Fam174c"
"FAM177A1","283635","73385","Fam177a"
"FAM177A1","283635","100101807","Fam177a2"
"FAM178B","51252","381337","Fam178b"
"FAM180A","389558","208164","Fam180a"
"FAM181A","90050","100504156","Fam181a"
"FAM181B","220382","58238","Fam181b"
"FAM183A","440585","75429","Fam183b"
"FAM184A","79632","75906","Fam184a"
"FAM184B","27146","58227","Fam184b"
"FAM185A","222234","330050","Fam185a"
"FAM186A","121006","72277","Fam186a"
"FAM186B","84070","545136","Fam186b"
"FAM187A","100528020","66784","Fam187a"
"FAM187B","148109","76415","Fam187b"
"FAM189A1","23359","70638","Fam189a1"
"FAM189A2","9413","381217","Fam189a2"
"FAM189B","10712","68521","Fam189b"
"FAM193A","8603","231128","Fam193a"
"FAM193B","54540","212483","Fam193b"
"FAM199X","139231","245622","Fam199x"
"FAM204A","63877","76539","Fam204a"
"FAM205A","259308","433698","Fam205a1"
"FAM205A","259308","545611","Fam205a2"
"FAM20A","54757","208659","Fam20a"
"FAM20B","9917","215015","Fam20b"
"FAM20C","56975","80752","Fam20c"
"FAM210A","125228","108654","Fam210a"
"FAM210B","116151","67017","Fam210b"
"FAM214A","56204","235493","Fam214a"
"FAM214B","80256","230088","Fam214b"
"FAM216A","29902","68948","Fam216a"
"FAM216B","144809","219170","Fam216b"
"FAM217A","222826","71864","Fam217a"
"FAM217B","63939","71532","Fam217b"
"FAM219A","203259","71901","Fam219a"
"FAM219B","57184","78323","Fam219b"
"FAM220A","84792","67238","Fam220a"
"FAM221A","340277","231946","Fam221a"
"FAM221B","392307","242408","Fam221b"
"FAM222A","84915","433940","Fam222a"
"FAM222B","55731","216971","Fam222b"
"FAM227A","646851","75729","Fam227a"
"FAM227B","196951","75823","Fam227b"
"FAM228A","653140","74855","Fam228a"
"FAM228B","375190","207921","Fam228b"
"FAM229A","100128071","68233","Fam229a"
"FAM229B","619208","66337","Fam229b"
"FAM234A","83986","106581","Fam234a"
"FAM234B","57613","74525","Fam234b"
"FAM237A","200726","105243944","Gm39653"
"FAM237B","107986818","667705","Gm8773"
"FAM240A","100132146","235634","Fam240a"
"FAM240B","110806297","68880","Fam240b"
"FAM241A","132720","70617","Fam241a"
"FAM241B","219738","69894","Fam241b"
"FAM32A","26017","67922","Fam32a"
"FAM3A","60343","66294","Fam3a"
"FAM3B","54097","52793","Fam3b"
"FAM3C","10447","27999","Fam3c"
"FAM3D","131177","18300","Fam3d"
"FAM43A","131583","224093","Fam43a"
"FAM43B","163933","625638","Fam43b"
"FAM47A","158724","70864","Fam47c"
"FAM50A","9130","108160","Fam50a"
"FAM50B","26240","108161","Fam50b"
"FAM53A","152877","74504","Fam53a"
"FAM53B","9679","77938","Fam53b"
"FAM71A","149647","619288","Fam71a"
"FAM71B","153745","432552","Fam71b"
"FAM71D","161142","70897","Fam71d"
"FAM71E1","112703","75538","Fam71e1"
"FAM71E2","284418","243822","Fam71e2"
"FAM71F1","84691","330277","Fam71f1"
"FAM71F2","346653","245884","Fam71f2"
"FAM76A","199870","230789","Fam76a"
"FAM76B","143684","72826","Fam76b"
"FAM78A","286336","241303","Fam78a"
"FAM78B","149297","226610","Fam78b"
"FAM81A","145773","76886","Fam81a"
"FAM81B","153643","238726","Fam81b"
"FAM83A","84985","239463","Fam83a"
"FAM83B","222584","208994","Fam83b"
"FAM83C","128876","71405","Fam83c"
"FAM83D","81610","71878","Fam83d"
"FAM83E","54854","73813","Fam83e"
"FAM83F","113828","213956","Fam83f"
"FAM83G","644815","69640","Fam83g"
"FAM83H","286077","105732","Fam83h"
"FAM89A","375061","69627","Fam89a"
"FAM89B","23625","17826","Fam89b"
"FAM8A1","51439","97863","Fam8a1"
"FAM91A1","157769","210998","Fam91a1"
"FAM98A","25940","72722","Fam98a"
"FAM98B","283742","68215","Fam98b"
"FAM98C","147965","73833","Fam98c"
"FAN1","22909","330554","Fan1"
"FANCA","2175","14087","Fanca"
"FANCB","2187","237211","Fancb"
"FANCC","2176","14088","Fancc"
"FANCD2","2177","211651","Fancd2"
"FANCD2OS","115795","70979","Fancd2os"
"FANCE","2178","72775","Fance"
"FANCF","2188","100040608","Fancf"
"FANCG","2189","60534","Fancg"
"FANCI","55215","208836","Fanci"
"FANCL","55120","67030","Fancl"
"FANCM","57697","104806","Fancm"
"FANK1","92565","66930","Fank1"
"FAP","2191","14089","Fap"
"FAR1","84188","67420","Far1"
"FAR2","55711","330450","Far2"
"FARP1","10160","223254","Farp1"
"FARP2","9855","227377","Farp2"
"FARS2","10667","69955","Fars2"
"FARSA","2193","66590","Farsa"
"FARSB","10056","23874","Farsb"
"FAS","355","14102","Fas"
"FASLG","356","14103","Fasl"
"FASN","2194","14104","Fasn"
"FASTK","10922","66587","Fastk"
"FASTKD1","79675","320720","Fastkd1"
"FASTKD2","22868","75619","Fastkd2"
"FASTKD3","79072","69577","Fastkd3"
"FASTKD5","60493","380601","Fastkd5"
"FAT1","2195","14107","Fat1"
"FAT2","2196","245827","Fat2"
"FAT3","120114","270120","Fat3"
"FAT4","79633","329628","Fat4"
"FAU","2197","14109","Fau"
"FAXC","84553","76132","Faxc"
"FAXDC2","10826","676527","Gm12248"
"FBF1","85302","217335","Fbf1"
"FBH1","84893","50755","Fbh1"
"FBL","2091","14113","Fbl"
"FBLIM1","54751","74202","Fblim1"
"FBLL1","345630","237730","Fbll1"
"FBLN1","2192","14114","Fbln1"
"FBLN2","2199","14115","Fbln2"
"FBLN5","10516","23876","Fbln5"
"FBLN7","129804","70370","Fbln7"
"FBN1","2200","14118","Fbn1"
"FBN2","2201","14119","Fbn2"
"FBP1","2203","14121","Fbp1"
"FBP2","8789","14120","Fbp2"
"FBRS","64319","14123","Fbrs"
"FBRSL1","57666","381668","Fbrsl1"
"FBXL12","54850","30843","Fbxl12"
"FBXL13","222235","320118","Fbxl13"
"FBXL14","144699","101358","Fbxl14"
"FBXL15","79176","68431","Fbxl15"
"FBXL16","146330","214931","Fbxl16"
"FBXL17","64839","50758","Fbxl17"
"FBXL18","80028","231863","Fbxl18"
"FBXL19","54620","233902","Fbxl19"
"FBXL2","25827","72179","Fbxl2"
"FBXL20","84961","72194","Fbxl20"
"FBXL21P","26223","213311","Fbxl21"
"FBXL22","283807","74165","Fbxl22"
"FBXL3","26224","50789","Fbxl3"
"FBXL4","26235","269514","Fbxl4"
"FBXL5","26234","242960","Fbxl5"
"FBXL6","26233","30840","Fbxl6"
"FBXL7","23194","448987","Fbxl7"
"FBXL8","55336","50788","Fbxl8"
"FBXO10","26267","269529","Fbxo10"
"FBXO11","80204","225055","Fbxo11"
"FBXO15","201456","50764","Fbxo15"
"FBXO16","157574","50759","Fbxo16"
"FBXO17","115290","50760","Fbxo17"
"FBXO2","26232","230904","Fbxo2"
"FBXO21","23014","231670","Fbxo21"
"FBXO22","26263","71999","Fbxo22"
"FBXO24","26261","71176","Fbxo24"
"FBXO25","26260","66822","Fbxo25"
"FBXO27","126433","233040","Fbxo27"
"FBXO28","23219","67948","Fbxo28"
"FBXO3","26273","57443","Fbxo3"
"FBXO30","84085","71865","Fbxo30"
"FBXO31","79791","76454","Fbxo31"
"FBXO32","114907","67731","Fbxo32"
"FBXO33","254170","70611","Fbxo33"
"FBXO34","55030","78938","Fbxo34"
"FBXO36","130888","66153","Fbxo36"
"FBXO38","81545","107035","Fbxo38"
"FBXO39","162517","628100","Fbxo39"
"FBXO4","26272","106052","Fbxo4"
"FBXO40","51725","207215","Fbxo40"
"FBXO41","150726","330369","Fbxo41"
"FBXO42","54455","213499","Fbxo42"
"FBXO43","286151","78803","Fbxo43"
"FBXO44","93611","230903","Fbxo44"
"FBXO45","200933","268882","Fbxo45"
"FBXO46","23403","243867","Fbxo46"
"FBXO47","494188","72973","Fbxo47"
"FBXO48","554251","319701","Fbxo48"
"FBXO5","26271","67141","Fbxo5"
"FBXO6","26270","50762","Fbxo6"
"FBXO7","25793","69754","Fbxo7"
"FBXO8","26269","50753","Fbxo8"
"FBXO9","26268","71538","Fbxo9"
"FBXW11","23291","103583","Fbxw11"
"FBXW12","285231","211305","Fbxw13"
"FBXW12","285231","382109","Fbxw26"
"FBXW12","285231","546161","Fbxw18"
"FBXW12","285231","546160","Fbxw25"
"FBXW12","285231","382106","Fbxw24"
"FBXW12","285231","320082","Fbxw21"
"FBXW12","285231","76998","Fbxw27"
"FBXW12","285231","235612","Fbxw19"
"FBXW12","285231","382156","Fbxw22"
"FBXW12","285231","320083","Fbxw16"
"FBXW12","285231","382105","Fbxw15"
"FBXW12","285231","50757","Fbxw14"
"FBXW12","285231","668758","Fbxw28"
"FBXW12","285231","434440","Fbxw20"
"FBXW2","26190","30050","Fbxw2"
"FBXW4","6468","30838","Fbxw4"
"FBXW5","54461","30839","Fbxw5"
"FBXW7","55294","50754","Fbxw7"
"FBXW8","26259","231672","Fbxw8"
"FBXW9","84261","68628","Fbxw9"
"FCAMR","83953","64435","Fcamr"
"FCER1A","2205","14125","Fcer1a"
"FCER1G","2207","14127","Fcer1g"
"FCER2","2208","14128","Fcer2a"
"FCF1","51077","73736","Fcf1"
"FCGBP","8857","215384","Fcgbp"
"FCGR1A","2209","14129","Fcgr1"
"FCGR2A","2212","14131","Fcgr3"
"FCGRT","2217","14132","Fcgrt"
"FCHO1","23149","74015","Fcho1"
"FCHO2","115548","218503","Fcho2"
"FCHSD1","89848","319262","Fchsd1"
"FCHSD2","9873","207278","Fchsd2"
"FCMR","9214","69169","Fcmr"
"FCN1","2219","14134","Fcnb"
"FCRL1","115350","229499","Fcrl1"
"FCRL2","79368","80891","Fcrls"
"FCRL5","83416","329693","Fcrl5"
"FCRL6","343413","677296","Fcrl6"
"FCRLA","84824","98752","Fcrla"
"FCRLB","127943","435653","Fcrlb"
"FCSK","197258","234730","Fcsk"
"FDFT1","2222","14137","Fdft1"
"FDPS","2224","110196","Fdps"
"FDX1","2230","14148","Fdx1"
"FDX2","112812","68165","Fdx2"
"FDXACB1","91893","382137","Fdxacb1"
"FDXR","2232","14149","Fdxr"
"FECH","2235","14151","Fech"
"FEM1A","55527","14154","Fem1a"
"FEM1A","55527","216622","Fem1al"
"FEM1B","10116","14155","Fem1b"
"FEM1C","56929","240263","Fem1c"
"FEN1","2237","14156","Fen1"
"FER","2241","14158","Fer"
"FER1L5","90342","100534273","Fer1l5"
"FER1L6","654463","631797","Fer1l6"
"FERD3L","222894","114712","Ferd3l"
"FERMT1","55612","241639","Fermt1"
"FERMT2","10979","218952","Fermt2"
"FERMT3","83706","108101","Fermt3"
"FES","2242","14159","Fes"
"FETUB","26998","59083","Fetub"
"FEV","54738","260298","Fev"
"FEZ2","9637","225020","Fez2"
"FEZF1","389549","73191","Fezf1"
"FEZF2","55079","54713","Fezf2"
"FFAR1","2864","233081","Ffar1"
"FFAR2","2867","233079","Ffar2"
"FFAR4","338557","107221","Ffar4"
"FGA","2243","14161","Fga"
"FGB","2244","110135","Fgb"
"FGD1","2245","14163","Fgd1"
"FGD2","221472","26382","Fgd2"
"FGD3","89846","30938","Fgd3"
"FGD4","121512","224014","Fgd4"
"FGD5","152273","232237","Fgd5"
"FGD6","55785","13998","Fgd6"
"FGF1","2246","14164","Fgf1"
"FGF10","2255","14165","Fgf10"
"FGF11","2256","14166","Fgf11"
"FGF12","2257","14167","Fgf12"
"FGF13","2258","14168","Fgf13"
"FGF14","2259","14169","Fgf14"
"FGF16","8823","80903","Fgf16"
"FGF17","8822","14171","Fgf17"
"FGF18","8817","14172","Fgf18"
"FGF19","9965","14170","Fgf15"
"FGF2","2247","14173","Fgf2"
"FGF20","26281","80857","Fgf20"
"FGF21","26291","56636","Fgf21"
"FGF22","27006","67112","Fgf22"
"FGF23","8074","64654","Fgf23"
"FGF3","2248","14174","Fgf3"
"FGF4","2249","14175","Fgf4"
"FGF5","2250","14176","Fgf5"
"FGF6","2251","14177","Fgf6"
"FGF7","2252","14178","Fgf7"
"FGF8","2253","14179","Fgf8"
"FGF9","2254","14180","Fgf9"
"FGFBP1","9982","14181","Fgfbp1"
"FGFBP3","143282","72514","Fgfbp3"
"FGFR1","2260","14182","Fgfr1"
"FGFR1OP2","26127","67529","Fgfr1op2"
"FGFR2","2263","14183","Fgfr2"
"FGFR3","2261","14184","Fgfr3"
"FGFR4","2264","14186","Fgfr4"
"FGFRL1","53834","116701","Fgfrl1"
"FGG","2266","99571","Fgg"
"FGGY","55277","75578","Fggy"
"FGL1","2267","234199","Fgl1"
"FGL2","10875","14190","Fgl2"
"FGR","2268","14191","Fgr"
"FH","2271","14194","Fh1"
"FHAD1","114827","329977","Fhad1"
"FHDC1","85462","229474","Fhdc1"
"FHIP1A","729830","229488","Fam160a1"
"FHIP1B","84067","74349","Fam160a2"
"FHIP2A","57700","226252","Fam160b1"
"FHIP2B","64760","239170","Fam160b2"
"FHIT","2272","14198","Fhit"
"FHL1","2273","14199","Fhl1"
"FHL1","2273","14202","Fhl4"
"FHL2","2274","14200","Fhl2"
"FHL3","2275","14201","Fhl3"
"FHL5","9457","57756","Fhl5"
"FHOD1","29109","234686","Fhod1"
"FHOD3","80206","225288","Fhod3"
"FIBCD1","84929","98970","Fibcd1"
"FIBIN","387758","67606","Fibin"
"FIBP","9158","58249","Fibp"
"FICD","11153","231630","Ficd"
"FIG4","9896","103199","Fig4"
"FIGLA","344018","26910","Figla"
"FIGN","55137","60344","Fign"
"FIGNL1","63979","60530","Fignl1"
"FIGNL2","401720","668225","Fignl2"
"FILIP1","27145","70598","Filip1"
"FILIP1L","11259","78749","Filip1l"
"FIS1","51024","66437","Fis1"
"FITM1","161247","68680","Fitm1"
"FITM2","128486","228859","Fitm2"
"FIZ1","84922","23877","Fiz1"
"FJX1","24147","14221","Fjx1"
"FKBP10","60681","14230","Fkbp10"
"FKBP11","51303","66120","Fkbp11"
"FKBP14","55033","231997","Fkbp14"
"FKBP15","23307","338355","Fkbp15"
"FKBP1A","2280","14225","Fkbp1a"
"FKBP1B","2281","14226","Fkbp1b"
"FKBP2","2286","14227","Fkbp2"
"FKBP3","2287","30795","Fkbp3"
"FKBP4","2288","14228","Fkbp4"
"FKBP5","2289","14229","Fkbp5"
"FKBP6","8468","94244","Fkbp6"
"FKBP7","51661","14231","Fkbp7"
"FKBP8","23770","14232","Fkbp8"
"FKBP9","11328","27055","Fkbp9"
"FKBPL","63943","56299","Fkbpl"
"FKRP","79147","243853","Fkrp"
"FKTN","2218","246179","Fktn"
"FLACC1","130540","108812","Flacc1"
"FLAD1","80308","319945","Flad1"
"FLCN","201163","216805","Flcn"
"FLG2","388698","229574","Flg2"
"FLI1","2313","14247","Fli1"
"FLII","2314","14248","Flii"
"FLNA","2316","192176","Flna"
"FLNB","2317","286940","Flnb"
"FLNC","2318","68794","Flnc"
"FLOT1","10211","14251","Flot1"
"FLOT2","2319","14252","Flot2"
"FLRT1","23769","396184","Flrt1"
"FLRT2","23768","399558","Flrt2"
"FLRT3","23767","71436","Flrt3"
"FLT1","2321","14254","Flt1"
"FLT3","2322","14255","Flt3"
"FLT3LG","2323","14256","Flt3l"
"FLT4","2324","14257","Flt4"
"FLVCR1","28982","226844","Flvcr1"
"FLVCR2","55640","217721","Flvcr2"
"FLYWCH1","84256","224613","Flywch1"
"FLYWCH2","114984","76917","Flywch2"
"FMC1","154791","66117","Fmc1"
"FMN1","342184","14260","Fmn1"
"FMN2","56776","54418","Fmn2"
"FMNL1","752","57778","Fmnl1"
"FMNL2","114793","71409","Fmnl2"
"FMNL3","91010","22379","Fmnl3"
"FMO1","2326","14261","Fmo1"
"FMO2","2327","55990","Fmo2"
"FMO3","2328","14262","Fmo3"
"FMO4","2329","226564","Fmo4"
"FMO5","2330","14263","Fmo5"
"FMOD","2331","14264","Fmod"
"FMR1","2332","14265","Fmr1"
"FMR1NB","158521","207854","Fmr1nb"
"FN1","2335","14268","Fn1"
"FN3K","64122","63828","Fn3k"
"FN3KRP","79672","238024","Fn3krp"
"FNBP1","23048","14269","Fnbp1"
"FNBP1L","54874","214459","Fnbp1l"
"FNBP4","23360","55935","Fnbp4"
"FNDC1","84624","68655","Fndc1"
"FNDC10","643988","230991","Fndc10"
"FNDC11","79025","332713","Fndc11"
"FNDC3A","22862","319448","Fndc3a"
"FNDC3B","64778","72007","Fndc3b"
"FNDC4","64838","64339","Fndc4"
"FNDC5","252995","384061","Fndc5"
"FNDC7","163479","320181","Fndc7"
"FNDC8","54752","78919","Fndc8"
"FNDC9","408263","320116","Fndc9"
"FNIP1","96459","216742","Fnip1"
"FNIP2","57600","329679","Fnip2"
"FNTA","2339","14272","Fnta"
"FOCAD","54914","230393","Focad"
"FOLH1","2346","53320","Folh1"
"FOLR1","2348","14275","Folr1"
"FOS","2353","14281","Fos"
"FOSB","2354","14282","Fosb"
"FOSL1","8061","14283","Fosl1"
"FOSL2","2355","14284","Fosl2"
"FOXA1","3169","15375","Foxa1"
"FOXA2","3170","15376","Foxa2"
"FOXA3","3171","15377","Foxa3"
"FOXB1","27023","64290","Foxb1"
"FOXB2","442425","14240","Foxb2"
"FOXC1","2296","17300","Foxc1"
"FOXC2","2303","14234","Foxc2"
"FOXD1","2297","15229","Foxd1"
"FOXD2","2306","17301","Foxd2"
"FOXD3","27022","15221","Foxd3"
"FOXE1","2304","110805","Foxe1"
"FOXE3","2301","30923","Foxe3"
"FOXF1","2294","15227","Foxf1"
"FOXF2","2295","14238","Foxf2"
"FOXG1","2290","15228","Foxg1"
"FOXH1","8928","14106","Foxh1"
"FOXI1","2299","14233","Foxi1"
"FOXI2","399823","270004","Foxi2"
"FOXI3","344167","232077","Foxi3"
"FOXJ1","2302","15223","Foxj1"
"FOXJ2","55810","60611","Foxj2"
"FOXJ3","22887","230700","Foxj3"
"FOXK1","221937","17425","Foxk1"
"FOXK2","3607","68837","Foxk2"
"FOXL1","2300","14241","Foxl1"
"FOXL2","668","26927","Foxl2"
"FOXM1","2305","14235","Foxm1"
"FOXN1","8456","15218","Foxn1"
"FOXN2","3344","14236","Foxn2"
"FOXN3","1112","71375","Foxn3"
"FOXN4","121643","116810","Foxn4"
"FOXO1","2308","56458","Foxo1"
"FOXO3","2309","56484","Foxo3"
"FOXO4","4303","54601","Foxo4"
"FOXO6","100132074","329934","Foxo6"
"FOXP1","27086","108655","Foxp1"
"FOXP2","93986","114142","Foxp2"
"FOXP3","50943","20371","Foxp3"
"FOXP4","116113","74123","Foxp4"
"FOXQ1","94234","15220","Foxq1"
"FOXR1","283150","382074","Foxr1"
"FOXR2","139628","436240","Foxr2"
"FOXRED1","55572","235169","Foxred1"
"FOXRED2","80020","239554","Foxred2"
"FOXS1","2307","14239","Foxs1"
"FPGS","2356","14287","Fpgs"
"FPGT","8790","75540","Fpgt"
"FPR1","2357","14293","Fpr1"
"FPR2","2358","14289","Fpr2"
"FPR2","2358","14294","Fpr3"
"FRA10AC1","118924","70567","Fra10ac1"
"FRAS1","80144","231470","Fras1"
"FRAT1","10023","14296","Frat1"
"FRAT1","10023","27412","Peg12"
"FRAT2","23401","212398","Frat2"
"FREM1","158326","329872","Frem1"
"FREM2","341640","242022","Frem2"
"FREM3","166752","333315","Frem3"
"FRG1","2483","14300","Frg1"
"FRG2","448831","621364","Frg2f4"
"FRG2","448831","621487","Frg2f9"
"FRG2","448831","621499","Frg2f10"
"FRG2","448831","622052","Frg2f8"
"FRG2","448831","668736","Frg2f5"
"FRG2","448831","668738","Frg2f6"
"FRG2","448831","668739","Frg2f7"
"FRG2","448831","668742","Frg2f3"
"FRG2","448831","668743","Frg2f2"
"FRG2","448831","100043809","Frg2f11"
"FRG2","448831","100043811","Frg2f12"
"FRG2","448831","100043814","Frg2f13"
"FRK","2444","14302","Frk"
"FRMD3","257019","242506","Frmd3"
"FRMD4A","55691","209630","Frmd4a"
"FRMD4B","23150","232288","Frmd4b"
"FRMD5","84978","228564","Frmd5"
"FRMD6","122786","319710","Frmd6"
"FRMD7","90167","385354","Frmd7"
"FRMD8","83786","67457","Frmd8"
"FRMPD1","22844","666060","Frmpd1"
"FRMPD2","143162","268729","Frmpd2"
"FRMPD3","84443","245643","Frmpd3"
"FRMPD4","9758","333605","Frmpd4"
"FRRS1","391059","20321","Frrs1"
"FRRS1L","23732","230235","Frrs1l"
"FRS2","10818","327826","Frs2"
"FRS3","10817","107971","Frs3"
"FRY","10129","320365","Fry"
"FRYL","285527","72313","Fryl"
"FRZB","2487","20378","Frzb"
"FSBP","100861412","100503583","Fsbp"
"FSCB","84075","623046","Fscb"
"FSCN1","6624","14086","Fscn1"
"FSCN2","25794","238021","Fscn2"
"FSCN3","29999","56223","Fscn3"
"FSD1","79187","240121","Fsd1"
"FSD1L","83856","319636","Fsd1l"
"FSD2","123722","244091","Fsd2"
"FSHB","2488","14308","Fshb"
"FSHR","2492","14309","Fshr"
"FSIP1","161835","71313","Fsip1"
"FSIP2","401024","241516","Fsip2"
"FST","10468","14313","Fst"
"FSTL1","11167","14314","Fstl1"
"FSTL3","10272","83554","Fstl3"
"FSTL4","23105","320027","Fstl4"
"FSTL5","56884","213262","Fstl5"
"FTCD","10841","14317","Ftcd"
"FTH1","2495","14319","Fth1"
"FTL","2512","14325","Ftl1"
"FTL","2512","434624","Ftl1-ps2"
"FTL","2512","434624","Ftl1-ps1"
"FTMT","94033","67634","Ftmt"
"FTO","79068","26383","Fto"
"FTSJ1","24140","54632","Ftsj1"
"FTSJ3","117246","56095","Ftsj3"
"FUBP1","8880","51886","Fubp1"
"FUBP3","8939","320267","Fubp3"
"FUCA1","2517","71665","Fuca1"
"FUCA2","2519","66848","Fuca2"
"FUNDC1","139341","72018","Fundc1"
"FUNDC2","65991","67391","Fundc2"
"FUOM","282969","69064","Fuom"
"FURIN","5045","18550","Furin"
"FUS","2521","233908","Fus"
"FUT1","2523","14343","Fut1"
"FUT10","84750","171167","Fut10"
"FUT11","170384","73068","Fut11"
"FUT2","2524","14344","Fut2"
"FUT4","2526","14345","Fut4"
"FUT7","2529","14347","Fut7"
"FUT8","2530","53618","Fut8"
"FUT9","10690","14348","Fut9"
"FUZ","80199","70300","Fuz"
"FXN","2395","14297","Fxn"
"FXR1","8087","14359","Fxr1"
"FXR2","9513","23879","Fxr2"
"FXYD1","5348","56188","Fxyd1"
"FXYD3","5349","17178","Fxyd3"
"FXYD4","53828","108017","Fxyd4"
"FXYD5","53827","18301","Fxyd5"
"FXYD6","53826","59095","Fxyd6"
"FXYD7","53822","57780","Fxyd7"
"FYB1","2533","23880","Fyb"
"FYB2","199920","242594","Fyb2"
"FYCO1","79443","17281","Fyco1"
"FYN","2534","14360","Fyn"
"FYTTD1","84248","69823","Fyttd1"
"FZD1","8321","14362","Fzd1"
"FZD10","11211","93897","Fzd10"
"FZD2","2535","57265","Fzd2"
"FZD3","7976","14365","Fzd3"
"FZD4","8322","14366","Fzd4"
"FZD5","7855","14367","Fzd5"
"FZD6","8323","14368","Fzd6"
"FZD7","8324","14369","Fzd7"
"FZD8","8325","14370","Fzd8"
"FZD9","8326","14371","Fzd9"
"FZR1","51343","56371","Fzr1"
"G0S2","50486","14373","G0s2"
"G2E3","55632","217558","G2e3"
"G3BP1","10146","27041","G3bp1"
"G3BP2","9908","23881","G3bp2"
"G6PC1","2538","14377","G6pc"
"G6PC2","57818","14378","G6pc2"
"G6PC3","92579","68401","G6pc3"
"G6PD","2539","14381","G6pdx"
"G6PD","2539","14380","G6pd2"
"GAA","2548","14387","Gaa"
"GAB1","2549","14388","Gab1"
"GAB2","9846","14389","Gab2"
"GABARAP","11337","56486","Gabarap"
"GABARAPL1","23710","57436","Gabarapl1"
"GABARAPL2","11345","93739","Gabarapl2"
"GABBR1","2550","54393","Gabbr1"
"GABBR2","9568","242425","Gabbr2"
"GABPA","2551","14390","Gabpa"
"GABPB1","2553","14391","Gabpb1"
"GABPB2","126626","213054","Gabpb2"
"GABRA1","2554","14394","Gabra1"
"GABRA2","2555","14395","Gabra2"
"GABRA3","2556","14396","Gabra3"
"GABRA4","2557","14397","Gabra4"
"GABRA5","2558","110886","Gabra5"
"GABRA6","2559","14399","Gabra6"
"GABRB1","2560","14400","Gabrb1"
"GABRB2","2561","14401","Gabrb2"
"GABRB3","2562","14402","Gabrb3"
"GABRD","2563","14403","Gabrd"
"GABRE","2564","14404","Gabre"
"GABRG1","2565","14405","Gabrg1"
"GABRG2","2566","14406","Gabrg2"
"GABRG3","2567","14407","Gabrg3"
"GABRP","2568","216643","Gabrp"
"GABRQ","55879","57249","Gabrq"
"GABRR1","2569","14408","Gabrr1"
"GABRR2","2570","14409","Gabrr2"
"GABRR3","200959","328699","Gabrr3"
"GAD1","2571","14415","Gad1"
"GAD2","2572","14417","Gad2"
"GADD45A","1647","13197","Gadd45a"
"GADD45B","4616","17873","Gadd45b"
"GADD45G","10912","23882","Gadd45g"
"GADD45GIP1","90480","102060","Gadd45gip1"
"GADL1","339896","73748","Gadl1"
"GAK","2580","231580","Gak"
"GAL","51083","14419","Gal"
"GAL3ST1","9514","53897","Gal3st1"
"GAL3ST2","64090","381334","Gal3st2"
"GAL3ST2","64090","619597","Gal3st2c"
"GAL3ST2","64090","100041596","Gal3st2b"
"GAL3ST3","89792","545276","Gal3st3"
"GAL3ST4","79690","330217","Gal3st4"
"GALC","2581","14420","Galc"
"GALE","2582","74246","Gale"
"GALK1","2584","14635","Galk1"
"GALK2","2585","69976","Galk2"
"GALM","130589","319625","Galm"
"GALNS","2588","50917","Galns"
"GALNT1","2589","14423","Galnt1"
"GALNT10","55568","171212","Galnt10"
"GALNT11","63917","231050","Galnt11"
"GALNT12","79695","230145","Galnt12"
"GALNT13","114805","271786","Galnt13"
"GALNT14","79623","71685","Galnt14"
"GALNT15","117248","78754","Galnt15"
"GALNT16","57452","108760","Galnt16"
"GALNT17","64409","212996","Galnt17"
"GALNT18","374378","233733","Galnt18"
"GALNT2","2590","108148","Galnt2"
"GALNT3","2591","14425","Galnt3"
"GALNT5","11227","241391","Galnt5"
"GALNT6","11226","207839","Galnt6"
"GALNT7","51809","108150","Galnt7"
"GALNT9","50614","231605","Galnt9"
"GALNTL5","168391","67909","Galntl5"
"GALNTL6","442117","270049","Galntl6"
"GALP","85569","232836","Galp"
"GALR1","2587","14427","Galr1"
"GALR2","8811","14428","Galr2"
"GALR3","8484","14429","Galr3"
"GALT","2592","14430","Galt"
"GAMT","2593","14431","Gamt"
"GAN","8139","209239","Gan"
"GANAB","23193","14376","Ganab"
"GANC","2595","76051","Ganc"
"GAP43","2596","14432","Gap43"
"GAPDH","2597","14433","Gapdh"
"GAPDH","2597","100042025","Gapdh-ps15"
"GAPDHS","26330","14447","Gapdhs"
"GAPT","202309","238875","Gapt"
"GAPVD1","26130","66691","Gapvd1"
"GAR1","54433","68147","Gar1"
"GAREM1","64762","381126","Garem1"
"GAREM2","150946","242915","Garem2"
"GARNL3","84253","99326","Garnl3"
"GARRE1","9710","233103","Garre1"
"GARS1","2617","353172","Gars"
"GART","2618","14450","Gart"
"GAS1","2619","14451","Gas1"
"GAS2","2620","14453","Gas2"
"GAS2L1","10634","78926","Gas2l1"
"GAS2L2","246176","237891","Gas2l2"
"GAS2L3","283431","237436","Gas2l3"
"GAS6","2621","14456","Gas6"
"GAS7","8522","14457","Gas7"
"GAS8","2622","104346","Gas8"
"GASK1A","729085","245050","Gask1a"
"GASK1B","51313","68659","Gask1b"
"GAST","2520","14459","Gast"
"GATA1","2623","14460","Gata1"
"GATA2","2624","14461","Gata2"
"GATA3","2625","14462","Gata3"
"GATA4","2626","14463","Gata4"
"GATA5","140628","14464","Gata5"
"GATA6","2627","14465","Gata6"
"GATAD1","57798","67210","Gatad1"
"GATAD2A","54815","234366","Gatad2a"
"GATAD2B","57459","229542","Gatad2b"
"GATB","5188","229487","Gatb"
"GATC","283459","384281","Gatc"
"GATD1","347862","213350","Gatd1"
"GATM","2628","67092","Gatm"
"GBA","2629","14466","Gba"
"GBA2","57704","230101","Gba2"
"GBE1","2632","74185","Gbe1"
"GBF1","8729","107338","Gbf1"
"GBGT1","26301","227671","Gbgt1"
"GBP2","2634","14469","Gbp2"
"GBP3","2635","14468","Gbp2b"
"GBP4","115361","55932","Gbp3"
"GBP5","115362","229898","Gbp5"
"GBP6","163351","100702","Gbp6"
"GBP6","163351","17472","Gbp4"
"GBP6","163351","236573","Gbp9"
"GBP6","163351","626578","Gbp10"
"GBP6","163351","634650","Gbp11"
"GBP6","163351","76074","Gbp8"
"GBX1","2636","231044","Gbx1"
"GBX2","2637","14472","Gbx2"
"GC","2638","14473","Gc"
"GCA","25801","227960","Gca"
"GCAT","23464","26912","Gcat"
"GCC1","79571","74375","Gcc1"
"GCC2","9648","70297","Gcc2"
"GCDH","2639","270076","Gcdh"
"GCFC2","6936","330361","Gcfc2"
"GCG","2641","14526","Gcg"
"GCGR","2642","14527","Gcgr"
"GCH1","2643","14528","Gch1"
"GCHFR","2644","320415","Gchfr"
"GCK","2645","103988","Gck"
"GCKR","2646","231103","Gckr"
"GCLC","2729","14629","Gclc"
"GCLM","2730","14630","Gclm"
"GCM1","8521","14531","Gcm1"
"GCM2","9247","107889","Gcm2"
"GCN1","10985","231659","Gcn1"
"GCNT1","2650","14537","Gcnt1"
"GCNT2","2651","14538","Gcnt2"
"GCNT3","9245","72077","Gcnt3"
"GCNT4","51301","218476","Gcnt4"
"GCNT7","140687","654821","Gcnt7"
"GCSAM","257144","14525","Gcsam"
"GCSH","2653","68133","Gcsh"
"GDA","9615","14544","Gda"
"GDAP1","54332","14545","Gdap1"
"GDAP1L1","78997","228858","Gdap1l1"
"GDAP2","54834","14547","Gdap2"
"GDE1","51573","56209","Gde1"
"GDF1","2657","14559","Gdf1"
"GDF10","2662","14560","Gdf10"
"GDF11","10220","14561","Gdf11"
"GDF15","9518","23886","Gdf15"
"GDF2","2658","12165","Gdf2"
"GDF3","9573","14562","Gdf3"
"GDF5","8200","14563","Gdf5"
"GDF6","392255","242316","Gdf6"
"GDF7","151449","238057","Gdf7"
"GDF9","2661","14566","Gdf9"
"GDI1","2664","14567","Gdi1"
"GDI2","2665","14569","Gdi2"
"GDNF","2668","14573","Gdnf"
"GDPD1","284161","66569","Gdpd1"
"GDPD2","54857","71584","Gdpd2"
"GDPD3","79153","68616","Gdpd3"
"GDPD4","220032","233537","Gdpd4"
"GDPD5","81544","233552","Gdpd5"
"GDPGP1","390637","269952","Gdpgp1"
"GEM","2669","14579","Gem"
"GEMIN2","8487","66603","Gemin2"
"GEMIN4","50628","276919","Gemin4"
"GEMIN5","25929","216766","Gemin5"
"GEMIN6","79833","67242","Gemin6"
"GEMIN6","79833","621705","Gemin6-ps"
"GEMIN7","79760","69731","Gemin7"
"GEMIN8","54960","237221","Gemin8"
"GEN1","348654","209334","Gen1"
"GET1","7485","71446","Get1"
"GET1-SH3BGR","106865373","50795","Sh3bgr"
"GET3","439","56495","Get3"
"GET4","51608","67604","Get4"
"GFAP","2670","14580","Gfap"
"GFER","2671","11692","Gfer"
"GFI1","2672","14581","Gfi1"
"GFI1B","8328","14582","Gfi1b"
"GFM1","85476","28030","Gfm1"
"GFM2","84340","320806","Gfm2"
"GFOD1","54438","328232","Gfod1"
"GFOD2","81577","70575","Gfod2"
"GFPT1","2673","14583","Gfpt1"
"GFPT2","9945","14584","Gfpt2"
"GFRA1","2674","14585","Gfra1"
"GFRA2","2675","14586","Gfra2"
"GFRA3","2676","14587","Gfra3"
"GFRA4","64096","14588","Gfra4"
"GFRAL","389400","404194","Gfral"
"GFUS","7264","22122","Gfus"
"GFY","100507003","100039953","Gfy"
"GGA1","26088","106039","Gga1"
"GGA2","23062","74105","Gga2"
"GGA3","23163","260302","Gga3"
"GGACT","87769","223267","Ggact"
"GGCT","79017","110175","Ggct"
"GGCX","2677","56316","Ggcx"
"GGH","8836","14590","Ggh"
"GGN","199720","243897","Ggn"
"GGNBP2","79893","217039","Ggnbp2"
"GGPS1","9453","14593","Ggps1"
"GGT5","2687","23887","Ggt5"
"GGT6","124975","71522","Ggt6"
"GGT7","2686","207182","Ggt7"
"GHDC","84514","80860","Ghdc"
"GHITM","27069","66092","Ghitm"
"GHR","2690","14600","Ghr"
"GHRH","2691","14601","Ghrh"
"GHRHR","2692","14602","Ghrhr"
"GHRL","51738","58991","Ghrl"
"GHSR","2693","208188","Ghsr"
"GID4","79018","66771","Gid4"
"GID8","54994","76425","Gid8"
"GIGYF1","64599","57330","Gigyf1"
"GIGYF2","26058","227331","Gigyf2"
"GIMAP1","170575","16205","Gimap1"
"GIMAP1-GIMAP5","100527949","83408","Gimap3"
"GIMAP4","55303","107526","Gimap4"
"GIMAP6","474344","231931","Gimap6"
"GIMAP7","168537","231932","Gimap7"
"GIMAP8","155038","243374","Gimap8"
"GIMD1","100507096","433653","Gimd1"
"GIN1","54826","252876","Gin1"
"GINM1","116254","215751","Ginm1"
"GINS1","9837","69270","Gins1"
"GINS2","51659","272551","Gins2"
"GINS3","64785","78833","Gins3"
"GINS4","84296","109145","Gins4"
"GIP","2695","14607","Gip"
"GIPC1","10755","67903","Gipc1"
"GIPC2","54810","54120","Gipc2"
"GIPC3","126326","209047","Gipc3"
"GIPR","2696","381853","Gipr"
"GIT1","28964","216963","Git1"
"GIT2","9815","26431","Git2"
"GJA1","2697","14609","Gja1"
"GJA10","84694","14610","Gja10"
"GJA3","2700","14611","Gja3"
"GJA4","2701","14612","Gja4"
"GJA5","2702","14613","Gja5"
"GJA8","2703","14616","Gja8"
"GJB1","2705","14618","Gjb1"
"GJB2","2706","14619","Gjb2"
"GJB3","2707","14620","Gjb3"
"GJB4","127534","14621","Gjb4"
"GJB5","2709","14622","Gjb5"
"GJB6","10804","14623","Gjb6"
"GJC1","10052","14615","Gjc1"
"GJC2","57165","118454","Gjc2"
"GJC3","349149","118446","Gjc3"
"GJD2","57369","14617","Gjd2"
"GJD3","125111","353155","Gjd3"
"GJD4","219770","225152","Gjd4"
"GJE1","100126572","76743","Gje1"
"GK","2710","14933","Gk"
"GK","2710","14625","Gykl1"
"GK2","2712","14626","Gk2"
"GK5","256356","235533","Gk5"
"GKAP1","80318","56278","Gkap1"
"GKN1","56287","66283","Gkn1"
"GKN2","200504","66284","Gkn2"
"GLA","2717","11605","Gla"
"GLB1","2720","12091","Glb1"
"GLB1L","79411","74577","Glb1l"
"GLB1L2","89944","244757","Glb1l2"
"GLB1L3","112937","70893","Glb1l3"
"GLCCI1","113263","170772","Glcci1"
"GLCE","26035","93683","Glce"
"GLDC","2731","104174","Gldc"
"GLDN","342035","235379","Gldn"
"GLE1","2733","74412","Gle1"
"GLG1","2734","20340","Glg1"
"GLI1","2735","14632","Gli1"
"GLI2","2736","14633","Gli2"
"GLI3","2737","14634","Gli3"
"GLIPR1","11010","73690","Glipr1"
"GLIPR1L1","256710","69286","Glipr1l1"
"GLIPR1L1","256710","544736","Glipr1l3"
"GLIPR1L2","144321","67537","Glipr1l2"
"GLIPR2","152007","384009","Glipr2"
"GLIS1","148979","230587","Glis1"
"GLIS2","84662","83396","Glis2"
"GLIS3","169792","226075","Glis3"
"GLMN","11146","170823","Glmn"
"GLMP","112770","56700","Glmp"
"GLO1","2739","109801","Glo1"
"GLOD4","51031","67201","Glod4"
"GLOD5","392465","69824","Glod5"
"GLP1R","2740","14652","Glp1r"
"GLP2R","9340","93896","Glp2r"
"GLRA1","2741","14654","Glra1"
"GLRA2","2742","237213","Glra2"
"GLRA3","8001","110304","Glra3"
"GLRA4","441509","14657","Glra4"
"GLRB","2743","14658","Glrb"
"GLRX","2745","93692","Glrx"
"GLRX2","51022","69367","Glrx2"
"GLRX3","10539","30926","Glrx3"
"GLRX5","51218","73046","Glrx5"
"GLS","2744","14660","Gls"
"GLS2","27165","216456","Gls2"
"GLT1D1","144423","319804","Glt1d1"
"GLT6D1","360203","71103","Glt6d1"
"GLT8D1","55830","76485","Glt8d1"
"GLT8D2","83468","74782","Glt8d2"
"GLTP","51228","56356","Gltp"
"GLTPD2","388323","216871","Gltpd2"
"GLUL","2752","14645","Glul"
"GLYAT","10249","107146","Glyat"
"GLYATL3","389396","435528","Glyatl3"
"GLYCTK","132158","235582","Glyctk"
"GLYR1","84656","74022","Glyr1"
"GM2A","2760","14667","Gm2a"
"GMDS","2762","218138","Gmds"
"GMEB1","10691","56809","Gmeb1"
"GMEB2","26205","229004","Gmeb2"
"GMFB","2764","63985","Gmfb"
"GMFG","9535","63986","Gmfg"
"GMFG","9535","100040018","Gmfg-ps"
"GMIP","51291","78816","Gmip"
"GML","2765","625599","Gml"
"GML","2765","15202","Gml2"
"GMNC","647309","239789","Gmnc"
"GMNN","51053","57441","Gmnn"
"GMPPA","29926","69080","Gmppa"
"GMPPB","29925","331026","Gmppb"
"GMPR","2766","66355","Gmpr"
"GMPR2","51292","105446","Gmpr2"
"GMPS","8833","229363","Gmps"
"GNA11","2767","14672","Gna11"
"GNA12","2768","14673","Gna12"
"GNA13","10672","14674","Gna13"
"GNA14","9630","14675","Gna14"
"GNA15","2769","14676","Gna15"
"GNAI1","2770","14677","Gnai1"
"GNAI2","2771","14678","Gnai2"
"GNAI3","2773","14679","Gnai3"
"GNAL","2774","14680","Gnal"
"GNAO1","2775","14681","Gnao1"
"GNAQ","2776","14682","Gnaq"
"GNAS","2778","14683","Gnas"
"GNAT1","2779","14685","Gnat1"
"GNAT2","2780","14686","Gnat2"
"GNAT3","346562","242851","Gnat3"
"GNAZ","2781","14687","Gnaz"
"GNB1","2782","14688","Gnb1"
"GNB1L","54584","13972","Gnb1l"
"GNB2","2783","14693","Gnb2"
"GNB3","2784","14695","Gnb3"
"GNB4","59345","14696","Gnb4"
"GNB5","10681","14697","Gnb5"
"GNE","10020","50798","Gne"
"GNG10","2790","14700","Gng10"
"GNG11","2791","66066","Gng11"
"GNG12","55970","14701","Gng12"
"GNG13","51764","64337","Gng13"
"GNG2","54331","14702","Gng2"
"GNG3","2785","14704","Gng3"
"GNG4","2786","14706","Gng4"
"GNG5","2787","14707","Gng5"
"GNG5","2787","100043507","Gng5-ps"
"GNG7","2788","14708","Gng7"
"GNG8","94235","14709","Gng8"
"GNGT1","2792","14699","Gngt1"
"GNGT2","2793","14710","Gngt2"
"GNL1","2794","14670","Gnl1"
"GNL2","29889","230737","Gnl2"
"GNL3","26354","30877","Gnl3"
"GNL3L","54552","237107","Gnl3l"
"GNPAT","8443","14712","Gnpat"
"GNPDA1","10007","26384","Gnpda1"
"GNPDA2","132789","67980","Gnpda2"
"GNPNAT1","64841","54342","Gnpnat1"
"GNPTAB","79158","432486","Gnptab"
"GNPTG","84572","214505","Gnptg"
"GNRH1","2796","14714","Gnrh1"
"GNRHR","2798","14715","Gnrhr"
"GNS","2799","75612","Gns"
"GOLGA1","2800","76899","Golga1"
"GOLGA2","2801","99412","Golga2"
"GOLGA3","2802","269682","Golga3"
"GOLGA4","2803","54214","Golga4"
"GOLGA5","9950","27277","Golga5"
"GOLGA7B","401647","71146","Golga7b"
"GOLGB1","2804","224139","Golgb1"
"GOLIM4","27333","73124","Golim4"
"GOLM1","51280","105348","Golm1"
"GOLM2","113201","319996","Golm2"
"GOLPH3","64083","66629","Golph3"
"GOLPH3L","55204","229593","Golph3l"
"GOLT1A","127845","68338","Golt1a"
"GOLT1B","51026","66964","Golt1b"
"GON7","84520","100233175","Gon7"
"GON7","84520","100859931","Gm20604"
"GOPC","57120","94221","Gopc"
"GORAB","92344","98376","Gorab"
"GORASP1","64689","74498","Gorasp1"
"GORASP2","26003","70231","Gorasp2"
"GOSR1","9527","53334","Gosr1"
"GOSR2","9570","56494","Gosr2"
"GOT1","2805","14718","Got1"
"GOT1L1","137362","76615","Got1l1"
"GOT2","2806","14719","Got2"
"GP1BA","2811","14723","Gp1ba"
"GP1BB","2812","14724","Gp1bb"
"GP2","2813","67133","Gp2"
"GP5","2814","14729","Gp5"
"GP6","51206","243816","Gp6"
"GP9","2815","54368","Gp9"
"GPA33","10223","59290","Gpa33"
"GPAA1","8733","14731","Gpaa1"
"GPALPP1","55425","67467","Gpalpp1"
"GPAM","57678","14732","Gpam"
"GPANK1","7918","81845","Gpank1"
"GPAT2","150763","215456","Gpat2"
"GPAT3","84803","231510","Gpat3"
"GPAT4","137964","102247","Gpat4"
"GPATCH1","55094","67471","Gpatch1"
"GPATCH11","253635","53951","Gpatch11"
"GPATCH2","55105","67769","Gpatch2"
"GPATCH2L","55668","70373","Gpatch2l"
"GPATCH3","63906","242691","Gpatch3"
"GPATCH4","54865","66614","Gpatch4"
"GPATCH8","23131","237943","Gpatch8"
"GPBAR1","151306","227289","Gpbar1"
"GPBP1","65056","73274","Gpbp1"
"GPBP1L1","60313","77110","Gpbp1l1"
"GPC1","2817","14733","Gpc1"
"GPC2","221914","71951","Gpc2"
"GPC3","2719","14734","Gpc3"
"GPC4","2239","14735","Gpc4"
"GPC5","2262","103978","Gpc5"
"GPC6","10082","23888","Gpc6"
"GPCPD1","56261","74182","Gpcpd1"
"GPD1","2819","14555","Gpd1"
"GPD1L","23171","333433","Gpd1l"
"GPD2","2820","14571","Gpd2"
"GPER1","2852","76854","Gper1"
"GPHA2","170589","170458","Gpha2"
"GPHB5","122876","217674","Gphb5"
"GPHN","10243","268566","Gphn"
"GPI","2821","14751","Gpi1"
"GPIHBP1","338328","68453","Gpihbp1"
"GPKOW","27238","209416","Gpkow"
"GPLD1","2822","14756","Gpld1"
"GPM6A","2823","234267","Gpm6a"
"GPM6B","2824","14758","Gpm6b"
"GPN1","11321","74254","Gpn1"
"GPN2","54707","100210","Gpn2"
"GPN3","51184","68080","Gpn3"
"GPNMB","10457","93695","Gpnmb"
"GPR101","83550","245424","Gpr101"
"GPR107","57720","277463","Gpr107"
"GPR108","56927","78308","Gpr108"
"GPR119","139760","236781","Gpr119"
"GPR12","2835","14738","Gpr12"
"GPR132","29933","56696","Gpr132"
"GPR135","64582","238252","Gpr135"
"GPR137","56834","107173","Gpr137"
"GPR137B","7107","83924","Gpr137b"
"GPR137C","283554","70713","Gpr137c"
"GPR139","124274","209776","Gpr139"
"GPR141","353345","353346","Gpr141"
"GPR142","350383","217302","Gpr142"
"GPR143","4935","18241","Gpr143"
"GPR146","115330","80290","Gpr146"
"GPR149","344758","229357","Gpr149"
"GPR15","2838","71223","Gpr15"
"GPR150","285601","238725","Gpr150"
"GPR151","134391","240239","Gpr151"
"GPR152","390212","269053","Gpr152"
"GPR153","387509","100129","Gpr153"
"GPR155","151556","68526","Gpr155"
"GPR156","165829","239845","Gpr156"
"GPR157","80045","269604","Gpr157"
"GPR158","57512","241263","Gpr158"
"GPR160","26996","71862","Gpr160"
"GPR161","23432","240888","Gpr161"
"GPR162","27239","14788","Gpr162"
"GPR17","2840","574402","Gpr17"
"GPR171","29909","229323","Gpr171"
"GPR173","54328","70771","Gpr173"
"GPR174","84636","213439","Gpr174"
"GPR176","11245","381413","Gpr176"
"GPR179","440435","217143","Gpr179"
"GPR18","2841","110168","Gpr18"
"GPR180","160897","58245","Gpr180"
"GPR182","11318","11536","Gpr182"
"GPR183","1880","321019","Gpr183"
"GPR19","2842","14760","Gpr19"
"GPR20","2843","239530","Gpr20"
"GPR21","2844","338346","Gpr21"
"GPR22","2845","73010","Gpr22"
"GPR25","2848","383563","Gpr25"
"GPR26","2849","233919","Gpr26"
"GPR27","2850","14761","Gpr27"
"GPR3","2827","14748","Gpr3"
"GPR31","2853","436440","Gpr31b"
"GPR33","2856","14762","Gpr33"
"GPR34","2857","23890","Gpr34"
"GPR35","2859","64095","Gpr35"
"GPR37","2861","14763","Gpr37"
"GPR37L1","9283","171469","Gpr37l1"
"GPR39","2863","71111","Gpr39"
"GPR4","2828","319197","Gpr4"
"GPR45","11250","93690","Gpr45"
"GPR50","9248","14765","Gpr50"
"GPR52","9293","620246","Gpr52"
"GPR55","9290","227326","Gpr55"
"GPR6","2830","140741","Gpr6"
"GPR61","83873","229714","Gpr61"
"GPR62","118442","436090","Gpr62"
"GPR63","81491","81006","Gpr63"
"GPR65","8477","14744","Gpr65"
"GPR68","8111","238377","Gpr68"
"GPR75","10936","237716","Gpr75"
"GPR82","27197","319200","Gpr82"
"GPR83","10888","14608","Gpr83"
"GPR84","53831","80910","Gpr84"
"GPR85","54329","64450","Gpr85"
"GPR87","53836","84111","Gpr87"
"GPR88","54112","64378","Gpr88"
"GPRASP1","9737","67298","Gprasp1"
"GPRC5A","9052","232431","Gprc5a"
"GPRC5B","51704","64297","Gprc5b"
"GPRC5C","55890","70355","Gprc5c"
"GPRC5D","55507","93746","Gprc5d"
"GPRC6A","222545","210198","Gprc6a"
"GPRIN1","114787","26913","Gprin1"
"GPRIN2","9721","432839","Gprin2"
"GPRIN3","285513","243385","Gprin3"
"GPS1","2873","209318","Gps1"
"GPS2","2874","56310","Gps2"
"GPSM1","26086","67839","Gpsm1"
"GPSM2","29899","76123","Gpsm2"
"GPSM3","63940","106512","Gpsm3"
"GPT","2875","76282","Gpt"
"GPT2","84706","108682","Gpt2"
"GPX1","2876","14775","Gpx1"
"GPX2","2877","14776","Gpx2"
"GPX3","2878","14778","Gpx3"
"GPX4","2879","625249","Gpx4"
"GPX5","2880","14780","Gpx5"
"GPX6","257202","75512","Gpx6"
"GPX7","2882","67305","Gpx7"
"GPX8","493869","69590","Gpx8"
"GRAMD1A","57655","52857","Gramd1a"
"GRAMD1B","57476","235283","Gramd1b"
"GRAMD1C","54762","207798","Gramd1c"
"GRAMD2A","196996","546134","Gramd2"
"GRAMD2B","65983","107022","Gramd3"
"GRAMD4","23151","223752","Gramd4"
"GRAP2","9402","17444","Grap2"
"GRB10","2887","14783","Grb10"
"GRB14","2888","50915","Grb14"
"GRB2","2885","14784","Grb2"
"GRB7","2886","14786","Grb7"
"GREB1","9687","268527","Greb1"
"GREB1L","80000","381157","Greb1l"
"GREM1","26585","23892","Grem1"
"GREM2","64388","23893","Grem2"
"GRHL1","29841","195733","Grhl1"
"GRHL2","79977","252973","Grhl2"
"GRHL3","57822","230824","Grhl3"
"GRHPR","9380","76238","Grhpr"
"GRIA1","2890","14799","Gria1"
"GRIA2","2891","14800","Gria2"
"GRIA3","2892","53623","Gria3"
"GRIA4","2893","14802","Gria4"
"GRID1","2894","14803","Grid1"
"GRID2","2895","14804","Grid2"
"GRID2IP","392862","170935","Grid2ip"
"GRIFIN","402635","77998","Grifin"
"GRIK1","2897","14805","Grik1"
"GRIK2","2898","14806","Grik2"
"GRIK3","2899","14807","Grik3"
"GRIK4","2900","110637","Grik4"
"GRIK5","2901","14809","Grik5"
"GRIN1","2902","14810","Grin1"
"GRIN2A","2903","14811","Grin2a"
"GRIN2B","2904","14812","Grin2b"
"GRIN2C","2905","14813","Grin2c"
"GRIN2D","2906","14814","Grin2d"
"GRIN3A","116443","242443","Grin3a"
"GRIN3B","116444","170483","Grin3b"
"GRINA","2907","66168","Grina"
"GRIP1","23426","74053","Grip1"
"GRIP2","80852","243547","Grip2"
"GRIPAP1","56850","54645","Gripap1"
"GRK1","6011","24013","Grk1"
"GRK2","156","110355","Grk2"
"GRK3","157","320129","Grk3"
"GRK4","2868","14772","Grk4"
"GRK5","2869","14773","Grk5"
"GRK6","2870","26385","Grk6"
"GRM1","2911","14816","Grm1"
"GRM2","2912","108068","Grm2"
"GRM3","2913","108069","Grm3"
"GRM4","2914","268934","Grm4"
"GRM5","2915","108071","Grm5"
"GRM6","2916","108072","Grm6"
"GRM7","2917","108073","Grm7"
"GRM8","2918","14823","Grm8"
"GRN","2896","14824","Grn"
"GRP","2922","225642","Grp"
"GRPEL1","80273","17713","Grpel1"
"GRPEL2","134266","17714","Grpel2"
"GRPR","2925","14829","Grpr"
"GRSF1","2926","231413","Grsf1"
"GRTP1","79774","66790","Grtp1"
"GRWD1","83743","101612","Grwd1"
"GRXCR1","389207","433899","Grxcr1"
"GRXCR2","643226","332309","Grxcr2"
"GSAP","54103","212167","Gsap"
"GSC","145258","14836","Gsc"
"GSC2","2928","195333","Gsc2"
"GSDMA","284110","57911","Gsdma"
"GSDMA","284110","76758","Gsdma2"
"GSDMA","284110","450219","Gsdma3"
"GSDMC","56169","83492","Gsdmc"
"GSDMC","56169","74548","Gsdmc4"
"GSDMC","56169","270328","Gsdmc3"
"GSDMC","56169","331063","Gsdmc2"
"GSDMD","79792","69146","Gsdmd"
"GSDME","1687","54722","Gsdme"
"GSE1","23199","382034","Gse1"
"GSG1","83445","14840","Gsg1"
"GSG1L","146395","269994","Gsg1l"
"GSG1L2","644070","544792","Gsg1l2"
"GSK3A","2931","606496","Gsk3a"
"GSK3B","2932","56637","Gsk3b"
"GSKIP","51527","66787","Gskip"
"GSN","2934","227753","Gsn"
"GSPT1","2935","14852","Gspt1"
"GSPT2","23708","14853","Gspt2"
"GSR","2936","14782","Gsr"
"GSS","2937","14854","Gss"
"GSTA3","2940","14859","Gsta3"
"GSTA5","221357","100042314","Gsta5"
"GSTA5","221357","14857","Gsta1"
"GSTA5","221357","14858","Gsta2"
"GSTA5","221357","100042295","Gm3776"
"GSTCD","79807","67553","Gstcd"
"GSTK1","373156","76263","Gstk1"
"GSTM1","2944","14863","Gstm2"
"GSTM1","2944","14864","Gstm3"
"GSTM1","2944","14867","Gstm6"
"GSTM2","2946","68312","Gstm7"
"GSTM3","2947","14866","Gstm5"
"GSTM4","2948","14865","Gstm4"
"GSTO1","9446","14873","Gsto1"
"GSTO2","119391","68214","Gsto2"
"GSTP1","2950","14870","Gstp1"
"GSTP1","2950","14869","Gstp2"
"GSTP1","2950","100042625","Gstp-ps"
"GSTT4","25774","75886","Gstt4"
"GSTZ1","2954","14874","Gstz1"
"GSX1","219409","14842","Gsx1"
"GSX2","170825","14843","Gsx2"
"GTDC1","79712","227835","Gtdc1"
"GTF2A1","2957","83602","Gtf2a1"
"GTF2A1L","11036","71828","Gtf2a1l"
"GTF2A2","2958","235459","Gtf2a2"
"GTF2B","2959","229906","Gtf2b"
"GTF2E1","2960","74197","Gtf2e1"
"GTF2E2","2961","68153","Gtf2e2"
"GTF2F1","2962","98053","Gtf2f1"
"GTF2F2","2963","68705","Gtf2f2"
"GTF2H1","2965","14884","Gtf2h1"
"GTF2H3","2967","209357","Gtf2h3"
"GTF2H4","2968","14885","Gtf2h4"
"GTF2H5","404672","66467","Gtf2h5"
"GTF2I","2969","14886","Gtf2i"
"GTF2IRD1","9569","57080","Gtf2ird1"
"GTF3A","2971","66596","Gtf3a"
"GTF3C1","2975","233863","Gtf3c1"
"GTF3C2","2976","71752","Gtf3c2"
"GTF3C3","9330","98488","Gtf3c3"
"GTF3C4","9329","269252","Gtf3c4"
"GTF3C5","9328","70239","Gtf3c5"
"GTF3C6","112495","67371","Gtf3c6"
"GTPBP1","9567","14904","Gtpbp1"
"GTPBP2","54676","56055","Gtpbp2"
"GTPBP3","84705","70359","Gtpbp3"
"GTPBP4","23560","69237","Gtpbp4"
"GTPBP6","8225","107999","Gtpbp6"
"GTPBP8","29083","66067","Gtpbp8"
"GTSE1","51512","29870","Gtse1"
"GTSF1","121355","74174","Gtsf1"
"GTSF1L","149699","68236","Gtsf1l"
"GUCA1ANB","114841037","75462","1700001C19Rik"
"GUCA1B","2979","107477","Guca1b"
"GUCA2A","2980","14915","Guca2a"
"GUCA2B","2981","14916","Guca2b"
"GUCD1","83606","68778","Gucd1"
"GUCY1A1","2982","60596","Gucy1a1"
"GUCY1A2","2977","234889","Gucy1a2"
"GUCY1B1","2983","54195","Gucy1b1"
"GUCY2C","2984","14917","Gucy2c"
"GUCY2D","3000","14919","Gucy2e"
"GUCY2F","2986","245650","Gucy2f"
"GUF1","60558","231279","Guf1"
"GUK1","2987","14923","Guk1"
"GULP1","51454","70676","Gulp1"
"GUSB","2990","110006","Gusb"
"GXYLT1","283464","223827","Gxylt1"
"GXYLT2","727936","232313","Gxylt2"
"GYG1","2992","27357","Gyg"
"GYPC","2995","71683","Gypc"
"GYS1","2997","14936","Gys1"
"GYS2","2998","232493","Gys2"
"GZF1","64412","74533","Gzf1"
"GZMA","3001","14938","Gzma"
"GZMB","3002","14939","Gzmb"
"GZMB","3002","14940","Gzmc"
"GZMB","3002","245839","Gzmn"
"GZMH","2999","14941","Gzmd"
"GZMH","2999","14942","Gzme"
"GZMH","2999","14943","Gzmf"
"GZMH","2999","14944","Gzmg"
"GZMK","3003","14945","Gzmk"
"GZMM","3004","16904","Gzmm"
"H1-0","3005","14958","H1f0"
"H1-1","3024","80838","H1f1"
"H1-10","8971","243529","H1f10"
"H1-2","3006","50708","H1f2"
"H1-3","3007","14957","H1f3"
"H1-4","3008","50709","H1f4"
"H1-5","3009","56702","H1f5"
"H1-6","3010","107970","H1f6"
"H1-7","341567","70069","H1f7"
"H1-8","132243","171506","H1f8"
"H2AB1","474382","100039319","H2ab1"
"H2AB2","474381","624153","H2ab2"
"H2AB3","83740","624957","H2ab3"
"H2AC1","221613","319163","H2ac1"
"H2AC1","221613","319169","H2ac15"
"H2AC11","8969","319170","H2ac22"
"H2AC12","85235","319168","H2ac12"
"H2AC14","8331","319173","H2ac10"
"H2AC16","8332","319166","H2ac8"
"H2AC18","8337","15267","H2ac18"
"H2AC19","723790","319192","H2ac19"
"H2AC20","8338","319176","H2ac20"
"H2AC21","317772","621893","H2ac21"
"H2AC4","8335","319167","H2ac11"
"H2AC6","8334","665433","H2ac23"
"H2AC7","3013","319172","H2ac4"
"H2AC8","3012","319191","H2ac13"
"H2AJ","55766","232440","H2aj"
"H2AP","25763","67334","H2ap"
"H2AW","92815","319162","H2aw"
"H2AX","3014","15270","H2ax"
"H2AZ1","3015","51788","H2az1"
"H2AZ2","94239","77605","H2az2"
"H2BC1","255626","319177","H2bc1"
"H2BC10","8346","68024","H2bc4"
"H2BC11","8970","319190","H2bc21"
"H2BC12","85236","319184","H2bc12"
"H2BC13","8340","319183","H2bc11"
"H2BC14","8342","319187","H2bc15"
"H2BC14","8342","319182","H2bc9"
"H2BC18","440689","319189","H2bc18"
"H2BC3","3018","319178","H2bc3"
"H2BC4","8347","319181","H2bc8"
"H2BC5","3017","78303","H2bu2"
"H2BC6","8344","319185","H2bc13"
"H2BC8","8339","319180","H2bc7"
"H2BC9","8345","665596","H2bc23"
"H2BC9","8345","665622","H2bc24"
"H2BU1","128312","382522","H2bu1-ps"
"H3-3A","3020","15078","H3f3a"
"H3-4","8290","382523","H3f4"
"H3-5","440093","667250","Gm12657"
"H3C1","8350","319149","H3c4"
"H3C10","8357","319150","H3c2"
"H3C12","8356","97908","H3c8"
"H3C13","653604","319148","H3c3"
"H3C14","126961","625328","H3f3c"
"H3C15","333932","260423","H3c7"
"H3C3","8352","15077","H3c14"
"H3C7","8968","319153","H3c11"
"H4-16","121504","319158","H4c9"
"H4C13","8368","319161","H4c18"
"H4C14","8370","326620","H4c2"
"H4C2","8366","320332","H4f16"
"H4C4","8360","100041230","H4c17"
"H4C9","8294","69386","H4c8"
"H6PD","9563","100198","H6pd"
"HAAO","23498","107766","Haao"
"HABP2","3026","226243","Habp2"
"HABP4","22927","56541","Habp4"
"HACD1","9200","30963","Hacd1"
"HACD2","201562","70757","Hacd2"
"HACD3","51495","57874","Hacd3"
"HACD4","401494","66775","Hacd4"
"HACE1","57531","209462","Hace1"
"HACL1","26061","56794","Hacl1"
"HADH","3033","15107","Hadh"
"HADHA","3030","97212","Hadha"
"HADHB","3032","231086","Hadhb"
"HAGH","3029","14651","Hagh"
"HAGHL","84264","68977","Haghl"
"HAL","3034","15109","Hal"
"HAMP","57817","84506","Hamp"
"HAND1","9421","15110","Hand1"
"HAND2","9464","15111","Hand2"
"HAO1","54363","15112","Hao1"
"HAO2","51179","56185","Hao2"
"HAP1","9001","15114","Hap1"
"HAPLN1","1404","12950","Hapln1"
"HAPLN2","60484","73940","Hapln2"
"HAPLN3","145864","67666","Hapln3"
"HAPLN4","404037","330790","Hapln4"
"HARBI1","283254","241547","Harbi1"
"HARS1","3035","15115","Hars"
"HARS2","23438","70791","Hars2"
"HAS1","3036","15116","Has1"
"HAS2","3037","15117","Has2"
"HAS3","3038","15118","Has3"
"HASPIN","83903","14841","Haspin"
"HAT1","8520","107435","Hat1"
"HAUS1","115106","225745","Haus1"
"HAUS2","55142","66296","Haus2"
"HAUS3","79441","231123","Haus3"
"HAUS4","54930","219072","Haus4"
"HAUS5","23354","71909","Haus5"
"HAUS6","54801","230376","Haus6"
"HAUS7","55559","73738","Haus7"
"HAUS8","93323","76478","Haus8"
"HAVCR1","26762","171283","Havcr1"
"HAVCR1","26762","210535","Gm12169"
"HAVCR1","26762","407814","BC053393"
"HAVCR1","26762","171284","Timd2"
"HAVCR2","84868","171285","Havcr2"
"HAX1","10456","23897","Hax1"
"HBB","3043","100503605","Hbb-bs"
"HBB","3043","101488143","Hbb-bt"
"HBE1","3046","15132","Hbb-bh1"
"HBEGF","1839","15200","Hbegf"
"HBP1","26959","73389","Hbp1"
"HBQ1","3049","544763","Hbq1b"
"HBQ1","3049","216635","Hbq1a"
"HBS1L","10767","56422","Hbs1l"
"HBZ","3050","15126","Hba-x"
"HCAR1","27198","243270","Hcar1"
"HCCS","3052","15159","Hccs"
"HCFC1","3054","15161","Hcfc1"
"HCFC1R1","54985","353502","Hcfc1r1"
"HCFC2","29915","67933","Hcfc2"
"HCK","3055","15162","Hck"
"HCLS1","3059","15163","Hcls1"
"HCN1","348980","15165","Hcn1"
"HCN2","610","15166","Hcn2"
"HCN3","57657","15168","Hcn3"
"HCN4","10021","330953","Hcn4"
"HCRT","3060","15171","Hcrt"
"HCRTR1","3061","230777","Hcrtr1"
"HCRTR2","3062","387285","Hcrtr2"
"HCST","10870","23900","Hcst"
"HDAC1","3065","433759","Hdac1"
"HDAC10","83933","170787","Hdac10"
"HDAC11","79885","232232","Hdac11"
"HDAC2","3066","15182","Hdac2"
"HDAC3","8841","15183","Hdac3"
"HDAC4","9759","208727","Hdac4"
"HDAC5","10014","15184","Hdac5"
"HDAC6","10013","15185","Hdac6"
"HDAC7","51564","56233","Hdac7"
"HDAC8","55869","70315","Hdac8"
"HDAC9","9734","79221","Hdac9"
"HDC","3067","15186","Hdc"
"HDDC2","51020","69692","Hddc2"
"HDDC3","374659","68695","Hddc3"
"HDGF","3068","15191","Hdgf"
"HDGFL1","154150","15192","Hdgfl1"
"HDGFL2","84717","15193","Hdgfl2"
"HDGFL3","50810","29877","Hdgfl3"
"HDHD2","84064","76987","Hdhd2"
"HDHD3","81932","72748","Hdhd3"
"HDHD5","27440","214932","Hdhd5"
"HDLBP","3069","110611","Hdlbp"
"HDX","139324","245596","Hdx"
"HEATR1","55127","217995","Heatr1"
"HEATR3","55027","234549","Heatr3"
"HEATR4","399671","101055670","Heatr4"
"HEATR5A","25938","320487","Heatr5a"
"HEATR5B","54497","320473","Heatr5b"
"HEATR6","63897","217026","Heatr6"
"HEATR9","256957","629303","Heatr9"
"HEBP1","50865","15199","Hebp1"
"HEBP2","23593","56016","Hebp2"
"HECA","51696","380629","Heca"
"HECTD1","25831","207304","Hectd1"
"HECTD2","143279","226098","Hectd2"
"HECTD3","79654","76608","Hectd3"
"HECTD4","283450","269700","Hectd4"
"HECW1","23072","94253","Hecw1"
"HECW2","57520","329152","Hecw2"
"HEG1","57493","77446","Heg1"
"HELB","92797","117599","Helb"
"HELLS","3070","15201","Hells"
"HELQ","113510","191578","Helq"
"HELT","391723","234219","Helt"
"HELZ","9931","78455","Helz"
"HELZ2","85441","229003","Helz2"
"HEMGN","55363","93966","Hemgn"
"HEMK1","51409","69536","Hemk1"
"HENMT1","113802","66715","Henmt1"
"HEPACAM","220296","72927","Hepacam"
"HEPACAM2","253012","101202","Hepacam2"
"HEPH","9843","15203","Heph"
"HEPHL1","341208","244698","Hephl1"
"HERC1","8925","235439","Herc1"
"HERC2","8924","15204","Herc2"
"HERC3","8916","73998","Herc3"
"HERC4","26091","67345","Herc4"
"HERC6","55008","67138","Herc6"
"HERPUD1","9709","64209","Herpud1"
"HERPUD2","64224","80517","Herpud2"
"HES1","3280","15205","Hes1"
"HES2","54626","15206","Hes2"
"HES3","390992","15207","Hes3"
"HES5","388585","15208","Hes5"
"HES6","55502","55927","Hes6"
"HES7","84667","84653","Hes7"
"HESX1","8820","15209","Hesx1"
"HEXA","3073","15211","Hexa"
"HEXB","3074","15212","Hexb"
"HEXD","284004","238023","Hexdc"
"HEXIM1","10614","192231","Hexim1"
"HEXIM2","124790","71059","Hexim2"
"HEY1","23462","15213","Hey1"
"HEY2","23493","15214","Hey2"
"HEYL","26508","56198","Heyl"
"HFE","3077","15216","Hfe"
"HFM1","164045","330149","Hfm1"
"HGD","3081","15233","Hgd"
"HGF","3082","15234","Hgf"
"HGFAC","3083","54426","Hgfac"
"HGH1","51236","59053","Hgh1"
"HGS","9146","15239","Hgs"
"HGSNAT","138050","52120","Hgsnat"
"HHAT","55733","226861","Hhat"
"HHATL","57467","74770","Hhatl"
"HHEX","3087","15242","Hhex"
"HHIP","64399","15245","Hhip"
"HHIPL1","84439","214305","Hhipl1"
"HHIPL2","79802","78772","Hhipl2"
"HHLA1","10086","654498","Hhla1"
"HIBADH","11112","58875","Hibadh"
"HIBCH","26275","227095","Hibch"
"HIC1","3090","15248","Hic1"
"HIC2","23119","58180","Hic2"
"HID1","283987","217310","Hid1"
"HIF1A","3091","15251","Hif1a"
"HIF1AN","55662","319594","Hif1an"
"HIF3A","64344","53417","Hif3a"
"HIGD1A","25994","56295","Higd1a"
"HIGD1B","51751","75689","Higd1b"
"HIGD1C","613227","380975","Higd1c"
"HIKESHI","51501","67669","Hikeshi"
"HILPDA","29923","69573","Hilpda"
"HINFP","25988","102423","Hinfp"
"HINT1","3094","15254","Hint1"
"HINT2","84681","68917","Hint2"
"HINT3","135114","66847","Hint3"
"HIP1","3092","215114","Hip1"
"HIP1R","9026","29816","Hip1r"
"HIPK1","204851","15257","Hipk1"
"HIPK2","28996","15258","Hipk2"
"HIPK3","10114","15259","Hipk3"
"HIPK4","147746","233020","Hipk4"
"HIRA","7290","15260","Hira"
"HIRIP3","8479","233876","Hirip3"
"HIVEP1","3096","110521","Hivep1"
"HIVEP2","3097","15273","Hivep2"
"HIVEP3","59269","16656","Hivep3"
"HJV","148738","69585","Hjv"
"HK1","3098","15275","Hk1"
"HK2","3099","15277","Hk2"
"HK3","3101","212032","Hk3"
"HKDC1","80201","216019","Hkdc1"
"HLA-A","3105","14963","H2-Bl"
"HLA-A","3105","14964","H2-D1"
"HLA-A","3105","69717","Gm10499"
"HLA-DMA","3108","14998","H2-DMa"
"HLA-DMB","3109","14999","H2-DMb1"
"HLA-DMB","3109","15000","H2-DMb2"
"HLA-DOA","3111","15001","H2-Oa"
"HLA-DOB","3112","15002","H2-Ob"
"HLA-DQA1","3117","14960","H2-Aa"
"HLA-DRA","3122","100504404","H2-Ea"
"HLA-DRB5","3127","14969","H2-Eb1"
"HLA-E","3133","15040","H2-T23"
"HLA-E","3133","667803","H2-T-ps"
"HLA-E","3133","224761","H2-M10.5"
"HLA-E","3133","240095","H2-M5"
"HLA-E","3133","110696","H2-M10.3"
"HLA-E","3133","399549","H2-M10.6"
"HLA-E","3133","14997","H2-M9"
"HLA-E","3133","14985","H2-M10.1"
"HLA-E","3133","333715","H2-M10.2"
"HLA-E","3133","15043","H2-T3"
"HLA-E","3133","224754","H2-M11"
"HLA-E","3133","224756","H2-M1"
"HLA-E","3133","224753","H2-M10.4"
"HLA-E","3133","15042","H2-T24"
"HLA-E","3133","14990","H2-M2"
"HLCS","3141","110948","Hlcs"
"HLF","3131","217082","Hlf"
"HLTF","6596","20585","Hltf"
"HLX","3142","15284","Hlx"
"HM13","81502","14950","H13"
"HMBOX1","79618","219150","Hmbox1"
"HMBS","3145","15288","Hmbs"
"HMCES","56941","232210","Hmces"
"HMCN1","83872","545370","Hmcn1"
"HMCN2","256158","665700","Hmcn2"
"HMG20A","10363","66867","Hmg20a"
"HMG20B","10362","15353","Hmg20b"
"HMGA1","3159","15361","Hmga1"
"HMGA1","3159","111241","Hmga1b"
"HMGA2","8091","15364","Hmga2"
"HMGB2","3148","97165","Hmgb2"
"HMGB3","3149","15354","Hmgb3"
"HMGB4","127540","69317","Hmgb4"
"HMGCL","3155","15356","Hmgcl"
"HMGCLL1","54511","208982","Hmgcll1"
"HMGCR","3156","15357","Hmgcr"
"HMGCS1","3157","208715","Hmgcs1"
"HMGCS2","3158","15360","Hmgcs2"
"HMGN1","3150","15312","Hmgn1"
"HMGN3","9324","94353","Hmgn3"
"HMGN5","79366","50887","Hmgn5"
"HMGXB3","22993","106894","Hmgxb3"
"HMGXB4","10042","70823","Hmgxb4"
"HMMR","3161","15366","Hmmr"
"HMOX1","3162","15368","Hmox1"
"HMOX2","3163","15369","Hmox2"
"HMX1","3166","15371","Hmx1"
"HMX2","3167","15372","Hmx2"
"HMX3","340784","15373","Hmx3"
"HNF1A","6927","21405","Hnf1a"
"HNF1B","6928","21410","Hnf1b"
"HNF4A","3172","15378","Hnf4a"
"HNF4G","3174","30942","Hnf4g"
"HNMT","3176","140483","Hnmt"
"HNRNPA0","10949","77134","Hnrnpa0"
"HNRNPA1","3178","15382","Hnrnpa1"
"HNRNPA1L2","144983","545091","Hnrnpa1l2-ps2"
"HNRNPA2B1","3181","53379","Hnrnpa2b1"
"HNRNPA3","220988","229279","Hnrnpa3"
"HNRNPAB","3182","15384","Hnrnpab"
"HNRNPD","3184","11991","Hnrnpd"
"HNRNPDL","9987","50926","Hnrnpdl"
"HNRNPF","3185","98758","Hnrnpf"
"HNRNPH1","3187","59013","Hnrnph1"
"HNRNPH2","3188","56258","Hnrnph2"
"HNRNPH3","3189","432467","Hnrnph3"
"HNRNPK","3190","15387","Hnrnpk"
"HNRNPL","3191","15388","Hnrnpl"
"HNRNPLL","92906","72692","Hnrnpll"
"HNRNPM","4670","76936","Hnrnpm"
"HNRNPR","10236","74326","Hnrnpr"
"HNRNPU","3192","51810","Hnrnpu"
"HNRNPUL1","11100","232989","Hnrnpul1"
"HNRNPUL2","221092","68693","Hnrnpul2"
"HOATZ","399949","235345","Hoatz"
"HOGA1","112817","67432","Hoga1"
"HOMER1","9456","26556","Homer1"
"HOMER2","9455","26557","Homer2"
"HOMER3","9454","26558","Homer3"
"HOMEZ","57594","239099","Homez"
"HOOK1","51361","77963","Hook1"
"HOOK2","29911","170833","Hook2"
"HOOK3","84376","320191","Hook3"
"HOPX","84525","74318","Hopx"
"HORMAD1","84072","67981","Hormad1"
"HORMAD2","150280","75828","Hormad2"
"HOXA1","3198","15394","Hoxa1"
"HOXA10","3206","15395","Hoxa10"
"HOXA11","3207","15396","Hoxa11"
"HOXA13","3209","15398","Hoxa13"
"HOXA2","3199","15399","Hoxa2"
"HOXA3","3200","15400","Hoxa3"
"HOXA4","3201","15401","Hoxa4"
"HOXA5","3202","15402","Hoxa5"
"HOXA6","3203","15403","Hoxa6"
"HOXA7","3204","15404","Hoxa7"
"HOXA9","3205","15405","Hoxa9"
"HOXB1","3211","15407","Hoxb1"
"HOXB13","10481","15408","Hoxb13"
"HOXB2","3212","103889","Hoxb2"
"HOXB3","3213","15410","Hoxb3"
"HOXB4","3214","15412","Hoxb4"
"HOXB5","3215","15413","Hoxb5"
"HOXB6","3216","15414","Hoxb6"
"HOXB7","3217","15415","Hoxb7"
"HOXB8","3218","15416","Hoxb8"
"HOXB9","3219","15417","Hoxb9"
"HOXC10","3226","209448","Hoxc10"
"HOXC11","3227","109663","Hoxc11"
"HOXC12","3228","15421","Hoxc12"
"HOXC13","3229","15422","Hoxc13"
"HOXC4","3221","15423","Hoxc4"
"HOXC5","3222","15424","Hoxc5"
"HOXC6","3223","15425","Hoxc6"
"HOXC8","3224","15426","Hoxc8"
"HOXC9","3225","15427","Hoxc9"
"HOXD1","3231","15429","Hoxd1"
"HOXD10","3236","15430","Hoxd10"
"HOXD11","3237","15431","Hoxd11"
"HOXD12","3238","15432","Hoxd12"
"HOXD13","3239","15433","Hoxd13"
"HOXD3","3232","15434","Hoxd3"
"HOXD4","3233","15436","Hoxd4"
"HOXD8","3234","15437","Hoxd8"
"HOXD9","3235","15438","Hoxd9"
"HP1BP3","50809","15441","Hp1bp3"
"HPCA","3208","15444","Hpca"
"HPCAL1","3241","53602","Hpcal1"
"HPCAL4","51440","170638","Hpcal4"
"HPD","3242","15445","Hpd"
"HPDL","84842","242642","Hpdl"
"HPF1","54969","72612","Hpf1"
"HPGD","3248","15446","Hpgd"
"HPGDS","27306","54486","Hpgds"
"HPN","3249","15451","Hpn"
"HPRT1","3251","15452","Hprt"
"HPS1","3257","192236","Hps1"
"HPS3","84343","12807","Hps3"
"HPS4","89781","192232","Hps4"
"HPS5","11234","246694","Hps5"
"HPS6","79803","20170","Hps6"
"HPSE","10855","15442","Hpse"
"HPSE2","60495","545291","Hpse2"
"HPX","3263","15458","Hpx"
"HR","55806","15460","Hr"
"HRAS","3265","15461","Hras"
"HRC","3270","15464","Hrc"
"HRCT1","646962","100039781","Hrct1"
"HRG","3273","94175","Hrg"
"HRH1","3269","15465","Hrh1"
"HRH2","3274","15466","Hrh2"
"HRH3","11255","99296","Hrh3"
"HRH4","59340","225192","Hrh4"
"HRK","8739","12123","Hrk"
"HRNR","388697","68723","Hrnr"
"HROB","78995","217216","Hrob"
"HS1BP3","64342","58240","Hs1bp3"
"HS2ST1","9653","23908","Hs2st1"
"HS3ST1","9957","15476","Hs3st1"
"HS3ST2","9956","195646","Hs3st2"
"HS3ST3A1","9955","15478","Hs3st3a1"
"HS3ST3B1","9953","54710","Hs3st3b1"
"HS3ST4","9951","628779","Hs3st4"
"HS3ST5","222537","319415","Hs3st5"
"HS3ST6","64711","328779","Hs3st6"
"HS6ST1","9394","50785","Hs6st1"
"HS6ST2","90161","50786","Hs6st2"
"HS6ST3","266722","50787","Hs6st3"
"HSBP1","3281","68196","Hsbp1"
"HSBP1L1","440498","66255","Hsbp1l1"
"HSCB","150274","100900","Hscb"
"HSD11B1","3290","15483","Hsd11b1"
"HSD11B2","3291","15484","Hsd11b2"
"HSD17B1","3292","15485","Hsd17b1"
"HSD17B10","3028","15108","Hsd17b10"
"HSD17B11","51170","114664","Hsd17b11"
"HSD17B12","51144","56348","Hsd17b12"
"HSD17B13","345275","243168","Hsd17b13"
"HSD17B14","51171","66065","Hsd17b14"
"HSD17B2","3294","15486","Hsd17b2"
"HSD17B3","3293","15487","Hsd17b3"
"HSD17B4","3295","15488","Hsd17b4"
"HSD17B6","8630","27400","Hsd17b6"
"HSD17B7","51478","15490","Hsd17b7"
"HSD17B8","7923","14979","H2-Ke6"
"HSD3B1","3283","15492","Hsd3b1"
"HSD3B2","3284","15493","Hsd3b2"
"HSD3B7","80270","101502","Hsd3b7"
"HSDL1","83693","72552","Hsdl1"
"HSDL2","84263","72479","Hsdl2"
"HSF1","3297","15499","Hsf1"
"HSF2","3298","15500","Hsf2"
"HSF2BP","11077","74377","Hsf2bp"
"HSF4","3299","26386","Hsf4"
"HSF5","124535","327992","Hsf5"
"HSH2D","84941","209488","Hsh2d"
"HSP90AA1","3320","15519","Hsp90aa1"
"HSP90AB1","3326","15516","Hsp90ab1"
"HSP90B1","7184","22027","Hsp90b1"
"HSPA12A","259217","73442","Hspa12a"
"HSPA12B","116835","72630","Hspa12b"
"HSPA13","6782","110920","Hspa13"
"HSPA14","51182","50497","Hspa14"
"HSPA1A","3303","193740","Hspa1a"
"HSPA1B","3304","15511","Hspa1b"
"HSPA1L","3305","15482","Hspa1l"
"HSPA2","3306","15512","Hspa2"
"HSPA4","3308","15525","Hspa4"
"HSPA4L","22824","18415","Hspa4l"
"HSPA5","3309","14828","Hspa5"
"HSPA8","3312","15481","Hspa8"
"HSPA9","3313","15526","Hspa9"
"HSPB1","3315","15507","Hspb1"
"HSPB11","51668","72938","Hspb11"
"HSPB2","3316","69253","Hspb2"
"HSPB3","8988","56534","Hspb3"
"HSPB6","126393","243912","Hspb6"
"HSPB7","27129","29818","Hspb7"
"HSPB8","26353","80888","Hspb8"
"HSPB9","94086","75482","Hspb9"
"HSPBAP1","79663","66667","Hspbap1"
"HSPBP1","23640","66245","Hspbp1"
"HSPD1","3329","15510","Hspd1"
"HSPE1","3336","15528","Hspe1"
"HSPG2","3339","15530","Hspg2"
"HSPH1","10808","15505","Hsph1"
"HTATIP2","10553","53415","Htatip2"
"HTATSF1","27336","72459","Htatsf1"
"HTR1A","3350","15550","Htr1a"
"HTR1B","3351","15551","Htr1b"
"HTR1D","3352","15552","Htr1d"
"HTR1F","3355","15557","Htr1f"
"HTR2A","3356","15558","Htr2a"
"HTR2B","3357","15559","Htr2b"
"HTR2C","3358","15560","Htr2c"
"HTR3A","3359","15561","Htr3a"
"HTR3B","9177","57014","Htr3b"
"HTR4","3360","15562","Htr4"
"HTR5A","3361","15563","Htr5a"
"HTR6","3362","15565","Htr6"
"HTR7","3363","15566","Htr7"
"HTRA1","5654","56213","Htra1"
"HTRA2","27429","64704","Htra2"
"HTRA3","94031","78558","Htra3"
"HTRA4","203100","330723","Htra4"
"HTT","3064","15194","Htt"
"HUNK","30811","26559","Hunk"
"HUS1","3364","15574","Hus1"
"HUS1B","135458","210554","Hus1b"
"HUWE1","10075","59026","Huwe1"
"HVCN1","84329","74096","Hvcn1"
"HYAL1","3373","15586","Hyal1"
"HYAL2","8692","15587","Hyal2"
"HYAL3","8372","109685","Hyal3"
"HYAL4","23553","77042","Hyal4"
"HYDIN","54768","244653","Hydin"
"HYKK","123688","235386","Hykk"
"HYLS1","219844","76832","Hyls1"
"HYOU1","10525","12282","Hyou1"
"HYPK","25764","67693","Hypk"
"IAH1","285148","67732","Iah1"
"IAPP","3375","15874","Iapp"
"IARS1","3376","105148","Iars"
"IARS2","55699","381314","Iars2"
"IBA57","200205","216792","Iba57"
"IBSP","3381","15891","Ibsp"
"IBTK","25998","108837","Ibtk"
"ICA1","3382","15893","Ica1"
"ICA1L","130026","70375","Ica1l"
"ICAM1","3383","15894","Icam1"
"ICAM2","3384","15896","Icam2"
"ICAM4","3386","78369","Icam4"
"ICAM5","7087","15898","Icam5"
"ICE1","23379","218333","Ice1"
"ICE2","79664","93697","Ice2"
"ICMT","23463","57295","Icmt"
"ICOS","29851","54167","Icos"
"ICOSLG","23308","50723","Icosl"
"ID1","3397","15901","Id1"
"ID2","3398","15902","Id2"
"ID3","3399","15903","Id3"
"ID4","3400","15904","Id4"
"IDE","3416","15925","Ide"
"IDH1","3417","15926","Idh1"
"IDH2","3418","269951","Idh2"
"IDH3A","3419","67834","Idh3a"
"IDH3B","3420","170718","Idh3b"
"IDH3G","3421","15929","Idh3g"
"IDI1","3422","319554","Idi1"
"IDI2","91734","320581","Idi2"
"IDNK","414328","75731","Idnk"
"IDO1","3620","15930","Ido1"
"IDO2","169355","209176","Ido2"
"IDS","3423","15931","Ids"
"IDUA","3425","15932","Idua"
"IER2","9592","15936","Ier2"
"IER3","8870","15937","Ier3"
"IER3IP1","51124","66191","Ier3ip1"
"IER5","51278","15939","Ier5"
"IER5L","389792","72500","Ier5l"
"IFFO1","25900","320678","Iffo1"
"IFFO2","126917","212632","Iffo2"
"IFI16","3428","15950","Ifi203"
"IFI16","3428","226691","Ifi207"
"IFI16","3428","236312","Ifi209"
"IFI16","3428","545384","Ifi214"
"IFI16","3428","623121","Ifi213"
"IFI16","3428","100033459","Ifi208"
"IFI16","3428","100040462","Mndal"
"IFI16","3428","100504287","Ifi203-ps"
"IFI16","3428","102639543","Ifi206"
"IFI30","10437","65972","Ifi30"
"IFI35","3430","70110","Ifi35"
"IFI44","10561","99899","Ifi44"
"IFI44L","10964","15061","Ifi44l"
"IFIH1","64135","71586","Ifih1"
"IFIT1B","439996","15957","Ifit1"
"IFIT2","3433","15958","Ifit2"
"IFIT3","3437","15959","Ifit3"
"IFIT3","3437","667370","Ifit3b"
"IFITM1","8519","213002","Ifitm6"
"IFITM10","402778","320802","Ifitm10"
"IFITM2","10581","80876","Ifitm2"
"IFITM3","10410","66141","Ifitm3"
"IFITM5","387733","73835","Ifitm5"
"IFNAR1","3454","15975","Ifnar1"
"IFNAR2","3455","15976","Ifnar2"
"IFNB1","3456","15977","Ifnb1"
"IFNE","338376","230405","Ifne"
"IFNG","3458","15978","Ifng"
"IFNGR1","3459","15979","Ifngr1"
"IFNGR2","3460","15980","Ifngr2"
"IFNK","56832","387510","Ifnk"
"IFNL2","282616","330496","Ifnl2"
"IFNL3","282617","338374","Ifnl3"
"IFNLR1","163702","242700","Ifnlr1"
"IFRD1","3475","15982","Ifrd1"
"IFRD2","7866","15983","Ifrd2"
"IFT122","55764","81896","Ift122"
"IFT140","9742","106633","Ift140"
"IFT172","26160","67661","Ift172"
"IFT20","90410","55978","Ift20"
"IFT22","64792","67286","Ift22"
"IFT27","11020","67042","Ift27"
"IFT43","112752","76411","Ift43"
"IFT46","56912","76568","Ift46"
"IFT52","51098","245866","Ift52"
"IFT57","55081","73916","Ift57"
"IFT74","80173","67694","Ift74"
"IFT80","57560","68259","Ift80"
"IFT81","28981","12589","Ift81"
"IFT88","8100","21821","Ift88"
"IFTAP","119710","68170","Iftap"
"IGBP1","3476","18518","Igbp1"
"IGDCC3","9543","19289","Igdcc3"
"IGDCC4","57722","56741","Igdcc4"
"IGF1","3479","16000","Igf1"
"IGF1R","3480","16001","Igf1r"
"IGF2","3481","16002","Igf2"
"IGF2BP1","10642","140486","Igf2bp1"
"IGF2BP2","10644","319765","Igf2bp2"
"IGF2BP3","10643","140488","Igf2bp3"
"IGF2R","3482","16004","Igf2r"
"IGFALS","3483","16005","Igfals"
"IGFBP1","3484","16006","Igfbp1"
"IGFBP2","3485","16008","Igfbp2"
"IGFBP3","3486","16009","Igfbp3"
"IGFBP4","3487","16010","Igfbp4"
"IGFBP5","3488","16011","Igfbp5"
"IGFBP6","3489","16012","Igfbp6"
"IGFBP7","3490","29817","Igfbp7"
"IGFBPL1","347252","75426","Igfbpl1"
"IGFLR1","79713","101883","Igflr1"
"IGFN1","91156","226438","Igfn1"
"IGHMBP2","3508","20589","Ighmbp2"
"IGIP","492311","109169","Igip"
"IGLL5","100423062","16136","Igll1"
"IGLON5","402665","210094","Iglon5"
"IGSF1","3547","209268","Igsf1"
"IGSF10","285313","242050","Igsf10"
"IGSF11","152404","207683","Igsf11"
"IGSF21","84966","230868","Igsf21"
"IGSF23","147710","70080","Igsf23"
"IGSF3","3321","78908","Igsf3"
"IGSF5","150084","72058","Igsf5"
"IGSF6","10261","80719","Igsf6"
"IGSF8","93185","140559","Igsf8"
"IGSF9","57549","93842","Igsf9"
"IGSF9B","22997","235086","Igsf9b"
"IHH","3549","16147","Ihh"
"IHO1","339834","434438","Iho1"
"IK","3550","24010","Ik"
"IKBIP","121457","67454","Ikbip"
"IKBKB","3551","16150","Ikbkb"
"IKBKE","9641","56489","Ikbke"
"IKBKG","8517","16151","Ikbkg"
"IKZF1","10320","22778","Ikzf1"
"IKZF2","22807","22779","Ikzf2"
"IKZF3","22806","22780","Ikzf3"
"IKZF4","64375","22781","Ikzf4"
"IKZF5","64376","67143","Ikzf5"
"IL10","3586","16153","Il10"
"IL10RA","3587","16154","Il10ra"
"IL10RB","3588","16155","Il10rb"
"IL11","3589","16156","Il11"
"IL11RA","3590","16157","Il11ra1"
"IL11RA","3590","16158","Il11ra2"
"IL11RA","3590","100042555","Gm13305"
"IL12A","3592","16159","Il12a"
"IL12B","3593","16160","Il12b"
"IL12RB1","3594","16161","Il12rb1"
"IL12RB2","3595","16162","Il12rb2"
"IL13","3596","16163","Il13"
"IL13RA1","3597","16164","Il13ra1"
"IL13RA2","3598","16165","Il13ra2"
"IL15","3600","16168","Il15"
"IL15RA","3601","16169","Il15ra"
"IL16","3603","16170","Il16"
"IL17A","3605","16171","Il17a"
"IL17B","27190","56069","Il17b"
"IL17C","27189","234836","Il17c"
"IL17D","53342","239114","Il17d"
"IL17F","112744","257630","Il17f"
"IL17RA","23765","16172","Il17ra"
"IL17RB","55540","50905","Il17rb"
"IL17RC","84818","171095","Il17rc"
"IL17RD","54756","171463","Il17rd"
"IL17RE","132014","57890","Il17re"
"IL18","3606","16173","Il18"
"IL18BP","10068","16068","Il18bp"
"IL18R1","8809","16182","Il18r1"
"IL18RAP","8807","16174","Il18rap"
"IL19","29949","329244","Il19"
"IL1A","3552","16175","Il1a"
"IL1B","3553","16176","Il1b"
"IL1F10","84639","215274","Il1f10"
"IL1R1","3554","16177","Il1r1"
"IL1R2","7850","16178","Il1r2"
"IL1RAP","3556","16180","Il1rap"
"IL1RAPL1","11141","331461","Il1rapl1"
"IL1RAPL2","26280","60367","Il1rapl2"
"IL1RL1","9173","17082","Il1rl1"
"IL1RL2","8808","107527","Il1rl2"
"IL1RN","3557","16181","Il1rn"
"IL2","3558","16183","Il2"
"IL20","50604","58181","Il20"
"IL20RA","53832","237313","Il20ra"
"IL20RB","53833","213208","Il20rb"
"IL21","59067","60505","Il21"
"IL21R","50615","60504","Il21r"
"IL22","50616","50929","Il22"
"IL22","50616","116849","Il22b"
"IL22RA1","58985","230828","Il22ra1"
"IL22RA2","116379","237310","Il22ra2"
"IL23A","51561","83430","Il23a"
"IL23R","149233","209590","Il23r"
"IL24","11009","93672","Il24"
"IL25","64806","140806","Il25"
"IL27","246778","246779","Il27"
"IL27RA","9466","50931","Il27ra"
"IL2RA","3559","16184","Il2ra"
"IL2RB","3560","16185","Il2rb"
"IL2RG","3561","16186","Il2rg"
"IL3","3562","16187","Il3"
"IL31","386653","76399","Il31"
"IL31RA","133396","218624","Il31ra"
"IL33","90865","77125","Il33"
"IL34","146433","76527","Il34"
"IL36A","27179","54448","Il36a"
"IL36B","27177","69677","Il36b"
"IL36G","56300","215257","Il36g"
"IL36RN","26525","54450","Il36rn"
"IL3RA","3563","16188","Il3ra"
"IL4","3565","16189","Il4"
"IL4I1","259307","100328588","Il4i1b"
"IL4R","3566","16190","Il4ra"
"IL5","3567","16191","Il5"
"IL5RA","3568","16192","Il5ra"
"IL6","3569","16193","Il6"
"IL6R","3570","16194","Il6ra"
"IL6ST","3572","16195","Il6st"
"IL7","3574","16196","Il7"
"IL7R","3575","16197","Il7r"
"IL9","3578","16198","Il9"
"IL9R","3581","16199","Il9r"
"ILDR1","286676","106347","Ildr1"
"ILDR2","387597","100039795","Ildr2"
"ILF2","3608","67781","Ilf2"
"ILF3","3609","16201","Ilf3"
"ILK","3611","16202","Ilk"
"ILKAP","80895","67444","Ilkap"
"ILRUN","64771","224647","Ilrun"
"ILVBL","10994","216136","Ilvbl"
"IMMP1L","196294","66541","Immp1l"
"IMMP2L","83943","93757","Immp2l"
"IMMT","10989","76614","Immt"
"IMP3","55272","102462","Imp3"
"IMP4","92856","27993","Imp4"
"IMPA1","3612","55980","Impa1"
"IMPA2","3613","114663","Impa2"
"IMPACT","55364","16210","Impact"
"IMPDH1","3614","23917","Impdh1"
"IMPDH2","3615","23918","Impdh2"
"IMPDH2","3615","100042069","Impdh2-ps"
"IMPG1","3617","63859","Impg1"
"IMPG2","50939","224224","Impg2"
"INA","9118","226180","Ina"
"INAFM1","255783","66300","Inafm1"
"INAFM2","100505573","100043272","Inafm2"
"INAVA","55765","67313","Inava"
"INCA1","388324","103844","Inca1"
"INCENP","3619","16319","Incenp"
"INF2","64423","70435","Inf2"
"ING1","3621","26356","Ing1"
"ING2","3622","69260","Ing2"
"ING3","54556","71777","Ing3"
"ING4","51147","28019","Ing4"
"ING5","84289","66262","Ing5"
"INHA","3623","16322","Inha"
"INHBA","3624","16323","Inhba"
"INHBB","3625","16324","Inhbb"
"INHBC","3626","16325","Inhbc"
"INHBE","83729","16326","Inhbe"
"INIP","58493","66209","Inip"
"INKA1","389119","68176","Inka1"
"INKA2","55924","109050","Inka2"
"INMT","11185","21743","Inmt"
"INO80","54617","68142","Ino80"
"INO80B","83444","70020","Ino80b"
"INO80C","125476","225280","Ino80c"
"INO80D","54891","227195","Ino80d"
"INO80E","283899","233875","Ino80e"
"INPP1","3628","16329","Inpp1"
"INPP4A","3631","269180","Inpp4a"
"INPP4B","8821","234515","Inpp4b"
"INPP5A","3632","212111","Inpp5a"
"INPP5B","3633","16330","Inpp5b"
"INPP5D","3635","16331","Inpp5d"
"INPP5E","56623","64436","Inpp5e"
"INPP5F","22876","101490","Inpp5f"
"INPP5J","27124","170835","Inpp5j"
"INPP5K","51763","19062","Inpp5k"
"INPPL1","3636","16332","Inppl1"
"INS","3630","16334","Ins2"
"INS","3630","16333","Ins1"
"INSC","387755","233752","Insc"
"INSIG1","3638","231070","Insig1"
"INSIG2","51141","72999","Insig2"
"INSL3","3640","16336","Insl3"
"INSL5","10022","23919","Insl5"
"INSL6","11172","27356","Insl6"
"INSM1","3642","53626","Insm1"
"INSM2","84684","56856","Insm2"
"INSR","3643","16337","Insr"
"INSRR","3645","23920","Insrr"
"INSYN1","388135","319477","Insyn1"
"INSYN2A","642938","627214","Insyn2a"
"INSYN2B","100131897","574403","Insyn2b"
"INTS1","26173","68510","Ints1"
"INTS10","55174","70885","Ints10"
"INTS11","54973","71957","Ints11"
"INTS12","57117","71793","Ints12"
"INTS13","55726","71177","Ints13"
"INTS14","81556","69882","Ints14"
"INTS2","57508","70422","Ints2"
"INTS3","65123","229543","Ints3"
"INTS4","92105","101861","Ints4"
"INTS5","80789","109077","Ints5"
"INTS6","26512","18130","Ints6"
"INTS6L","203522","236790","Ints6l"
"INTS7","25896","77065","Ints7"
"INTS8","55656","72656","Ints8"
"INTS9","55756","210925","Ints9"
"INTU","27152","380614","Intu"
"INVS","27130","16348","Invs"
"IP6K1","9807","27399","Ip6k1"
"IP6K2","51447","76500","Ip6k2"
"IP6K3","117283","271424","Ip6k3"
"IPCEF1","26034","320495","Ipcef1"
"IPMK","253430","69718","Ipmk"
"IPO11","51194","76582","Ipo11"
"IPO13","9670","230673","Ipo13"
"IPO4","79711","75751","Ipo4"
"IPO5","3843","70572","Ipo5"
"IPO7","10527","233726","Ipo7"
"IPO8","10526","320727","Ipo8"
"IPO9","55705","226432","Ipo9"
"IPP","3652","16351","Ipp"
"IPPK","64768","75678","Ippk"
"IQANK1","642574","432964","Iqank1"
"IQCA1","79781","74918","Iqca"
"IQCA1L","392843","231045","Iqca1l"
"IQCB1","9657","320299","Iqcb1"
"IQCC","55721","230767","Iqcc"
"IQCD","115811","75732","Iqcd"
"IQCE","23288","74239","Iqce"
"IQCF1","132141","74267","Iqcf1"
"IQCF3","401067","68265","Iqcf3"
"IQCF5","389124","75470","Iqcf5"
"IQCF6","440956","100041096","Iqcf6"
"IQCG","84223","69707","Iqcg"
"IQCH","64799","78250","Iqch"
"IQCJ","654502","208426","Iqcj"
"IQCK","124152","434232","Iqck"
"IQCM","285423","71831","Iqcm"
"IQCN","80726","637079","Iqcn"
"IQGAP1","8826","29875","Iqgap1"
"IQGAP2","10788","544963","Iqgap2"
"IQGAP3","128239","404710","Iqgap3"
"IQSEC1","9922","232227","Iqsec1"
"IQSEC2","23096","245666","Iqsec2"
"IQSEC3","440073","243621","Iqsec3"
"IQUB","154865","214704","Iqub"
"IRAG1","10335","17540","Irag1"
"IRAG2","4033","16970","Lrmp"
"IRAK1","3654","16179","Irak1"
"IRAK1BP1","134728","65099","Irak1bp1"
"IRAK2","3656","108960","Irak2"
"IRAK3","11213","73914","Irak3"
"IRAK4","51135","266632","Irak4"
"IREB2","3658","64602","Ireb2"
"IRF1","3659","16362","Irf1"
"IRF2","3660","16363","Irf2"
"IRF2BP1","26145","272359","Irf2bp1"
"IRF2BP2","359948","270110","Irf2bp2"
"IRF2BPL","64207","238330","Irf2bpl"
"IRF3","3661","54131","Irf3"
"IRF4","3662","16364","Irf4"
"IRF5","3663","27056","Irf5"
"IRF6","3664","54139","Irf6"
"IRF7","3665","54123","Irf7"
"IRF8","3394","15900","Irf8"
"IRF9","10379","16391","Irf9"
"IRGC","56269","210145","Irgc1"
"IRGM","345611","54396","Irgm2"
"IRGM","345611","16145","Igtp"
"IRGM","345611","15944","Irgm1"
"IRGQ","126298","210146","Irgq"
"IRS1","3667","16367","Irs1"
"IRS2","8660","384783","Irs2"
"IRS4","8471","16370","Irs4"
"IRX1","79192","16371","Irx1"
"IRX2","153572","16372","Irx2"
"IRX3","79191","16373","Irx3"
"IRX4","50805","50916","Irx4"
"IRX5","10265","54352","Irx5"
"IRX6","79190","64379","Irx6"
"ISCA1","81689","69046","Isca1"
"ISCA2","122961","74316","Isca2"
"ISCU","23479","66383","Iscu"
"ISG15","9636","100038882","Isg15"
"ISG20","3669","57444","Isg20"
"ISG20L2","81875","229504","Isg20l2"
"ISL1","3670","16392","Isl1"
"ISL2","64843","104360","Isl2"
"ISLR","3671","26968","Islr"
"ISLR2","57611","320563","Islr2"
"ISM1","140862","319909","Ism1"
"ISM2","145501","217738","Ism2"
"ISOC1","51015","66307","Isoc1"
"ISOC2","79763","664994","Isoc2a"
"ISOC2","79763","67441","Isoc2b"
"IST1","9798","71955","Ist1"
"ISX","91464","71597","Isx"
"ISYNA1","51477","71780","Isyna1"
"ITCH","83737","16396","Itch"
"ITFG1","81533","71927","Itfg1"
"ITFG2","55846","101142","Itfg2"
"ITGA1","3672","109700","Itga1"
"ITGA10","8515","213119","Itga10"
"ITGA11","22801","319480","Itga11"
"ITGA2","3673","16398","Itga2"
"ITGA2B","3674","16399","Itga2b"
"ITGA3","3675","16400","Itga3"
"ITGA4","3676","16401","Itga4"
"ITGA5","3678","16402","Itga5"
"ITGA6","3655","16403","Itga6"
"ITGA7","3679","16404","Itga7"
"ITGA8","8516","241226","Itga8"
"ITGA9","3680","104099","Itga9"
"ITGAD","3681","381924","Itgad"
"ITGAE","3682","16407","Itgae"
"ITGAL","3683","16408","Itgal"
"ITGAM","3684","16409","Itgam"
"ITGAV","3685","16410","Itgav"
"ITGAX","3687","16411","Itgax"
"ITGB1","3688","16412","Itgb1"
"ITGB1BP2","26548","26549","Itgb1bp2"
"ITGB2","3689","16414","Itgb2"
"ITGB2","3689","16415","Itgb2l"
"ITGB3","3690","16416","Itgb3"
"ITGB3BP","23421","67733","Itgb3bp"
"ITGB4","3691","192897","Itgb4"
"ITGB5","3693","16419","Itgb5"
"ITGB6","3694","16420","Itgb6"
"ITGB7","3695","16421","Itgb7"
"ITGB8","3696","320910","Itgb8"
"ITGBL1","9358","223272","Itgbl1"
"ITIH1","3697","16424","Itih1"
"ITIH2","3698","16425","Itih2"
"ITIH3","3699","16426","Itih3"
"ITIH4","3700","16427","Itih4"
"ITIH5","80760","209378","Itih5"
"ITIH6","347365","634882","Itih5l-ps"
"ITK","3702","16428","Itk"
"ITM2A","9452","16431","Itm2a"
"ITM2B","9445","16432","Itm2b"
"ITM2C","81618","64294","Itm2c"
"ITPA","3704","16434","Itpa"
"ITPK1","3705","217837","Itpk1"
"ITPKA","3706","228550","Itpka"
"ITPKB","3707","320404","Itpkb"
"ITPKC","80271","233011","Itpkc"
"ITPR1","3708","16438","Itpr1"
"ITPR2","3709","16439","Itpr2"
"ITPR3","3710","16440","Itpr3"
"ITPRID1","223075","232016","Itprid1"
"ITPRID2","6744","70599","Itprid2"
"ITPRIP","85450","414801","Itprip"
"ITPRIPL1","150771","73338","Itpripl1"
"ITPRIPL2","162073","319622","Itpripl2"
"ITSN1","6453","16443","Itsn1"
"ITSN2","50618","20403","Itsn2"
"IVD","3712","56357","Ivd"
"IVNS1ABP","10625","117198","Ivns1abp"
"IWS1","55677","73473","Iws1"
"IYD","389434","70337","Iyd"
"IZUMO1","284359","73456","Izumo1"
"IZUMO1R","390243","64931","Izumo1r"
"IZUMO2","126123","75510","Izumo2"
"IZUMO3","100129669","69314","Izumo3"
"IZUMO4","113177","71564","Izumo4"
"JADE1","79960","269424","Jade1"
"JADE2","23338","76901","Jade2"
"JADE3","9767","382207","Jade3"
"JAG1","182","16449","Jag1"
"JAG2","3714","16450","Jag2"
"JAGN1","84522","67767","Jagn1"
"JAK1","3716","16451","Jak1"
"JAK2","3717","16452","Jak2"
"JAK3","3718","16453","Jak3"
"JAKMIP1","152789","76071","Jakmip1"
"JAKMIP2","9832","76217","Jakmip2"
"JAKMIP3","282973","74004","Jakmip3"
"JAM2","58494","67374","Jam2"
"JAM3","83700","83964","Jam3"
"JAML","120425","270152","Jaml"
"JARID2","3720","16468","Jarid2"
"JAZF1","221895","231986","Jazf1"
"JCAD","57608","240185","Jcad"
"JCHAIN","3512","16069","Jchain"
"JDP2","122953","81703","Jdp2"
"JHY","79864","70989","Jhy"
"JKAMP","51528","104771","Jkamp"
"JKAMP","51528","66740","4931417E11Rik"
"JMJD1C","221037","108829","Jmjd1c"
"JMJD4","65094","194952","Jmjd4"
"JMJD6","23210","107817","Jmjd6"
"JMJD7","100137047","433466","Jmjd7"
"JMJD8","339123","72106","Jmjd8"
"JMY","133746","57748","Jmy"
"JOSD1","9929","74158","Josd1"
"JOSD2","126119","66124","Josd2"
"JPH1","56704","57339","Jph1"
"JPH2","57158","59091","Jph2"
"JPH3","57338","57340","Jph3"
"JPH4","84502","319984","Jph4"
"JPT1","51155","15374","Jpt1"
"JPT2","90861","52009","Jpt2"
"JRK","8629","16469","Jrk"
"JRKL","8690","77532","Jrkl"
"JTB","10899","23922","Jtb"
"JUN","3725","16476","Jun"
"JUNB","3726","16477","Junb"
"JUND","3727","16478","Jund"
"JUP","3728","16480","Jup"
"KALRN","8997","545156","Kalrn"
"KANK1","23189","107351","Kank1"
"KANK2","25959","235041","Kank2"
"KANK3","256949","80880","Kank3"
"KANK4","163782","242553","Kank4"
"KANSL1","284058","76719","Kansl1"
"KANSL1L","151050","68691","Kansl1l"
"KANSL2","54934","69612","Kansl2"
"KANSL3","55683","226976","Kansl3"
"KARS1","3735","85305","Kars"
"KASH5","147872","384619","Kash5"
"KAT14","57325","228714","Kat14"
"KAT2A","2648","14534","Kat2a"
"KAT2B","8850","18519","Kat2b"
"KAT5","10524","81601","Kat5"
"KAT6A","7994","244349","Kat6a"
"KAT6B","23522","54169","Kat6b"
"KAT7","11143","217127","Kat7"
"KAT8","84148","67773","Kat8"
"KATNA1","11104","23924","Katna1"
"KATNAL1","84056","231912","Katnal1"
"KATNAL2","83473","71206","Katnal2"
"KATNB1","10300","74187","Katnb1"
"KATNBL1","79768","72425","Katnbl1"
"KATNIP","23247","233865","Katnip"
"KAZALD1","81621","107250","Kazald1"
"KAZN","23254","71529","Kazn"
"KBTBD11","9920","74901","Kbtbd11"
"KBTBD12","166348","74589","Kbtbd12"
"KBTBD13","390594","74492","Kbtbd13"
"KBTBD2","25948","210973","Kbtbd2"
"KBTBD3","143879","69149","Kbtbd3"
"KBTBD4","55709","67136","Kbtbd4"
"KBTBD6","89890","432879","Kbtbd6"
"KBTBD7","84078","211255","Kbtbd7"
"KBTBD8","84541","243574","Kbtbd8"
"KCMF1","56888","74287","Kcmf1"
"KCNA1","3736","16485","Kcna1"
"KCNA10","3744","242151","Kcna10"
"KCNA2","3737","16490","Kcna2"
"KCNA3","3738","16491","Kcna3"
"KCNA4","3739","16492","Kcna4"
"KCNA5","3741","16493","Kcna5"
"KCNA6","3742","16494","Kcna6"
"KCNA7","3743","16495","Kcna7"
"KCNAB1","7881","16497","Kcnab1"
"KCNAB2","8514","16498","Kcnab2"
"KCNAB3","9196","16499","Kcnab3"
"KCNB1","3745","16500","Kcnb1"
"KCNB2","9312","98741","Kcnb2"
"KCNC1","3746","16502","Kcnc1"
"KCNC2","3747","268345","Kcnc2"
"KCNC3","3748","16504","Kcnc3"
"KCNC4","3749","99738","Kcnc4"
"KCND1","3750","16506","Kcnd1"
"KCND2","3751","16508","Kcnd2"
"KCND3","3752","56543","Kcnd3"
"KCNE2","9992","246133","Kcne2"
"KCNE3","10008","57442","Kcne3"
"KCNE4","23704","57814","Kcne4"
"KCNE5","23630","66240","Kcne1l"
"KCNF1","3754","382571","Kcnf1"
"KCNG1","3755","241794","Kcng1"
"KCNG2","26251","240444","Kcng2"
"KCNG3","170850","225030","Kcng3"
"KCNG4","93107","66733","Kcng4"
"KCNH1","3756","16510","Kcnh1"
"KCNH2","3757","16511","Kcnh2"
"KCNH3","23416","16512","Kcnh3"
"KCNH4","23415","380728","Kcnh4"
"KCNH5","27133","238271","Kcnh5"
"KCNH6","81033","192775","Kcnh6"
"KCNH7","90134","170738","Kcnh7"
"KCNH8","131096","211468","Kcnh8"
"KCNIP1","30820","70357","Kcnip1"
"KCNIP2","30819","80906","Kcnip2"
"KCNIP3","30818","56461","Kcnip3"
"KCNIP4","80333","80334","Kcnip4"
"KCNJ1","3758","56379","Kcnj1"
"KCNJ10","3766","16513","Kcnj10"
"KCNJ11","3767","16514","Kcnj11"
"KCNJ13","3769","100040591","Kcnj13"
"KCNJ14","3770","211480","Kcnj14"
"KCNJ15","3772","16516","Kcnj15"
"KCNJ16","3773","16517","Kcnj16"
"KCNJ2","3759","16518","Kcnj2"
"KCNJ3","3760","16519","Kcnj3"
"KCNJ4","3761","16520","Kcnj4"
"KCNJ5","3762","16521","Kcnj5"
"KCNJ6","3763","16522","Kcnj6"
"KCNJ8","3764","16523","Kcnj8"
"KCNJ9","3765","16524","Kcnj9"
"KCNK1","3775","16525","Kcnk1"
"KCNK10","54207","72258","Kcnk10"
"KCNK12","56660","210741","Kcnk12"
"KCNK13","56659","217826","Kcnk13"
"KCNK15","60598","241769","Kcnk15"
"KCNK16","83795","74571","Kcnk16"
"KCNK18","338567","332396","Kcnk18"
"KCNK2","3776","16526","Kcnk2"
"KCNK3","3777","16527","Kcnk3"
"KCNK4","50801","16528","Kcnk4"
"KCNK5","8645","16529","Kcnk5"
"KCNK6","9424","52150","Kcnk6"
"KCNK7","10089","16530","Kcnk7"
"KCNK9","51305","223604","Kcnk9"
"KCNMA1","3778","16531","Kcnma1"
"KCNMB1","3779","16533","Kcnmb1"
"KCNMB2","10242","72413","Kcnmb2"
"KCNMB3","27094","100502876","Kcnmb3"
"KCNMB4","27345","58802","Kcnmb4"
"KCNN1","3780","84036","Kcnn1"
"KCNN2","3781","140492","Kcnn2"
"KCNN3","3782","140493","Kcnn3"
"KCNN4","3783","16534","Kcnn4"
"KCNQ1","3784","16535","Kcnq1"
"KCNQ2","3785","16536","Kcnq2"
"KCNQ3","3786","110862","Kcnq3"
"KCNQ4","9132","60613","Kcnq4"
"KCNQ5","56479","226922","Kcnq5"
"KCNRG","283518","328424","Kcnrg"
"KCNS1","3787","16538","Kcns1"
"KCNS2","3788","16539","Kcns2"
"KCNS3","3790","238076","Kcns3"
"KCNT1","57582","227632","Kcnt1"
"KCNT2","343450","240776","Kcnt2"
"KCNU1","157855","16532","Kcnu1"
"KCNV1","27012","67498","Kcnv1"
"KCNV2","169522","240595","Kcnv2"
"KCP","375616","333088","Kcp"
"KCTD1","284252","106931","Kctd1"
"KCTD10","83892","330171","Kctd10"
"KCTD11","147040","216858","Kctd11"
"KCTD12","115207","239217","Kctd12"
"KCTD13","253980","233877","Kctd13"
"KCTD14","65987","233529","Kctd14"
"KCTD15","79047","233107","Kctd15"
"KCTD16","57528","383348","Kctd16"
"KCTD17","79734","72844","Kctd17"
"KCTD18","130535","51960","Kctd18"
"KCTD19","146212","279499","Kctd19"
"KCTD2","23510","70382","Kctd2"
"KCTD20","222658","66989","Kctd20"
"KCTD21","283219","622320","Kctd21"
"KCTD3","51133","226823","Kctd3"
"KCTD4","386618","67516","Kctd4"
"KCTD5","54442","69259","Kctd5"
"KCTD6","200845","71393","Kctd6"
"KCTD7","154881","212919","Kctd7"
"KCTD8","386617","243043","Kctd8"
"KCTD9","54793","105440","Kctd9"
"KDELR1","10945","68137","Kdelr1"
"KDELR2","11014","66913","Kdelr2"
"KDELR3","11015","105785","Kdelr3"
"KDF1","126695","69073","Kdf1"
"KDM1A","23028","99982","Kdm1a"
"KDM1B","221656","218214","Kdm1b"
"KDM2A","22992","225876","Kdm2a"
"KDM2B","84678","30841","Kdm2b"
"KDM3A","55818","104263","Kdm3a"
"KDM3B","51780","277250","Kdm3b"
"KDM4A","9682","230674","Kdm4a"
"KDM4B","23030","193796","Kdm4b"
"KDM4C","23081","76804","Kdm4c"
"KDM4D","55693","244694","Kdm4d"
"KDM5A","5927","214899","Kdm5a"
"KDM5B","10765","75605","Kdm5b"
"KDM5C","8242","20591","Kdm5c"
"KDM5D","8284","20592","Kdm5d"
"KDM6A","7403","22289","Kdm6a"
"KDM6B","23135","216850","Kdm6b"
"KDM7A","80853","338523","Kdm7a"
"KDM8","79831","77035","Kdm8"
"KDR","3791","16542","Kdr"
"KDSR","2531","70750","Kdsr"
"KEAP1","9817","50868","Keap1"
"KEL","3792","23925","Kel"
"KERA","11081","16545","Kera"
"KHDC3L","154288","66991","Khdc3"
"KHDC4","22889","74200","Khdc4"
"KHDRBS1","10657","20218","Khdrbs1"
"KHDRBS2","202559","170771","Khdrbs2"
"KHDRBS3","10656","13992","Khdrbs3"
"KHK","3795","16548","Khk"
"KHNYN","23351","219094","Khnyn"
"KHSRP","8570","16549","Khsrp"
"KIAA0040","9674","67647","4930523C07Rik"
"KIAA0100","9703","72503","2610507B11Rik"
"KIAA0232","9778","320661","D5Ertd579e"
"KIAA0319","9856","210108","D130043K22Rik"
"KIAA0319L","79932","100317","AU040320"
"KIAA0408","9729","212448","9330159F19Rik"
"KIAA0513","9764","234797","6430548M08Rik"
"KIAA0586","9786","76967","2700049A03Rik"
"KIAA0753","9851","74477","4933427D14Rik"
"KIAA0754","643314","442834","D830031N03Rik"
"KIAA0825","285600","72371","2210408I21Rik"
"KIAA0895","23366","68283","9530077C05Rik"
"KIAA0895L","653319","74356","4931428F04Rik"
"KIAA0930","23313","223739","5031439G07Rik"
"KIAA1109","84162","229227","4932438A13Rik"
"KIAA1143","57456","66202","1110059G10Rik"
"KIAA1191","57179","97820","4833439L19Rik"
"KIAA1210","57481","101055983","Gm14569"
"KIAA1217","56243","208618","Etl4"
"KIAA1328","57536","225289","AW554918"
"KIAA1522","57648","97130","C77080"
"KIAA1549","57670","330286","D630045J12Rik"
"KIAA1549L","25758","241589","D430041D05Rik"
"KIAA1614","57710","207792","BC034090"
"KIAA1671","85379","243219","2900026A02Rik"
"KIAA1755","85449","228846","D630003M21Rik"
"KIAA1958","158405","230259","E130308A19Rik"
"KIAA2012","100652824","381260","Gm973"
"KIAA2013","90231","77034","2510039O18Rik"
"KIAA2026","158358","240613","9930021J03Rik"
"KICS2","144577","270802","BC048403"
"KIDINS220","57498","77480","Kidins220"
"KIF11","3832","16551","Kif11"
"KIF12","113220","16552","Kif12"
"KIF13A","63971","16553","Kif13a"
"KIF13B","23303","16554","Kif13b"
"KIF14","9928","381293","Kif14"
"KIF15","56992","209737","Kif15"
"KIF16B","55614","16558","Kif16b"
"KIF17","57576","16559","Kif17"
"KIF18A","81930","228421","Kif18a"
"KIF18B","146909","70218","Kif18b"
"KIF19","124602","286942","Kif19a"
"KIF1A","547","16560","Kif1a"
"KIF1B","23095","16561","Kif1b"
"KIF1C","10749","16562","Kif1c"
"KIF20A","10112","19348","Kif20a"
"KIF20B","9585","240641","Kif20b"
"KIF21A","55605","16564","Kif21a"
"KIF21B","23046","16565","Kif21b"
"KIF22","3835","110033","Kif22"
"KIF23","9493","71819","Kif23"
"KIF24","347240","109242","Kif24"
"KIF26A","26153","668303","Kif26a"
"KIF26B","55083","269152","Kif26b"
"KIF27","55582","75050","Kif27"
"KIF28P","100130097","383592","Kif28"
"KIF2A","3796","16563","Kif2a"
"KIF2B","84643","73470","Kif2b"
"KIF2C","11004","73804","Kif2c"
"KIF3A","11127","16568","Kif3a"
"KIF3B","9371","16569","Kif3b"
"KIF3C","3797","16570","Kif3c"
"KIF4A","24137","16571","Kif4"
"KIF5A","3798","16572","Kif5a"
"KIF5B","3799","16573","Kif5b"
"KIF5C","3800","16574","Kif5c"
"KIF6","221458","319991","Kif6"
"KIF7","374654","16576","Kif7"
"KIF9","64147","16578","Kif9"
"KIFAP3","22920","16579","Kifap3"
"KIFBP","26128","72320","Kifbp"
"KIFC1","3833","100502766","Kifc1"
"KIFC1","3833","16580","Kifc5b"
"KIFC2","90990","16581","Kifc2"
"KIFC3","3801","16582","Kifc3"
"KIN","22944","16588","Kin"
"KIRREL1","55243","170643","Kirrel"
"KIRREL2","84063","243911","Kirrel2"
"KIRREL3","84623","67703","Kirrel3"
"KISS1","3814","280287","Kiss1"
"KISS1R","84634","114229","Kiss1r"
"KIT","3815","16590","Kit"
"KITLG","4254","17311","Kitl"
"KIZ","55857","228730","Kiz"
"KL","9365","16591","Kl"
"KLB","152831","83379","Klb"
"KLC1","3831","16593","Klc1"
"KLC2","64837","16594","Klc2"
"KLC3","147700","232943","Klc3"
"KLC4","89953","74764","Klc4"
"KLF1","10661","16596","Klf1"
"KLF10","7071","21847","Klf10"
"KLF11","8462","194655","Klf11"
"KLF12","11278","16597","Klf12"
"KLF13","51621","50794","Klf13"
"KLF14","136259","619665","Klf14"
"KLF15","28999","66277","Klf15"
"KLF16","83855","118445","Klf16"
"KLF17","128209","75753","Klf17"
"KLF18","105378952","236537","Zfp352"
"KLF2","10365","16598","Klf2"
"KLF3","51274","16599","Klf3"
"KLF4","9314","16600","Klf4"
"KLF5","688","12224","Klf5"
"KLF6","1316","23849","Klf6"
"KLF7","8609","93691","Klf7"
"KLF8","11279","245671","Klf8"
"KLF9","687","16601","Klf9"
"KLHDC1","122773","271005","Klhdc1"
"KLHDC10","23008","76788","Klhdc10"
"KLHDC2","23588","69554","Klhdc2"
"KLHDC3","116138","71765","Klhdc3"
"KLHDC4","54758","234825","Klhdc4"
"KLHDC7A","127707","242721","Klhdc7a"
"KLHDC7B","113730","546648","Klhdc7b"
"KLHDC8A","55220","213417","Klhdc8a"
"KLHDC8B","200942","78267","Klhdc8b"
"KLHDC9","126823","68874","Klhdc9"
"KLHL1","57626","93688","Klhl1"
"KLHL10","317719","66720","Klhl10"
"KLHL11","55175","217194","Klhl11"
"KLHL12","59349","240756","Klhl12"
"KLHL13","90293","67455","Klhl13"
"KLHL14","57565","225266","Klhl14"
"KLHL15","80311","236904","Klhl15"
"KLHL17","339451","231003","Klhl17"
"KLHL18","23276","270201","Klhl18"
"KLHL2","11275","77113","Klhl2"
"KLHL20","27252","226541","Klhl20"
"KLHL21","9903","242785","Klhl21"
"KLHL22","84861","224023","Klhl22"
"KLHL24","54800","75785","Klhl24"
"KLHL25","64410","207952","Klhl25"
"KLHL26","55295","234378","Klhl26"
"KLHL28","54813","66689","Klhl28"
"KLHL29","114818","208439","Klhl29"
"KLHL3","26249","100503085","Klhl3"
"KLHL30","377007","70788","Klhl30"
"KLHL31","401265","244923","Klhl31"
"KLHL32","114792","212390","Klhl32"
"KLHL33","123103","546611","Klhl33"
"KLHL34","257240","245683","Klhl34"
"KLHL35","283212","72184","Klhl35"
"KLHL36","79786","234796","Klhl36"
"KLHL38","340359","268807","Klhl38"
"KLHL4","56062","237010","Klhl4"
"KLHL40","131377","72330","Klhl40"
"KLHL41","10324","228003","Klhl41"
"KLHL42","57542","232539","Klhl42"
"KLHL5","51088","71778","Klhl5"
"KLHL6","89857","239743","Klhl6"
"KLHL7","55975","52323","Klhl7"
"KLHL8","57563","246293","Klhl8"
"KLHL9","55958","242521","Klhl9"
"KLK10","5655","69540","Klk10"
"KLK11","11012","56538","Klk11"
"KLK12","43849","69511","Klk12"
"KLK13","26085","626834","Klk13"
"KLK14","43847","317653","Klk14"
"KLK15","55554","317652","Klk15"
"KLK4","9622","56640","Klk4"
"KLK5","25818","68668","Klk5"
"KLK6","5653","19144","Klk6"
"KLK7","5650","23993","Klk7"
"KLK8","11202","259277","Klk8"
"KLK9","284366","101533","Klk9"
"KLKB1","3818","16621","Klkb1"
"KLRB1","3820","100043861","Klrb1"
"KLRB1","3820","17057","Klrb1a"
"KLRB1","3820","17059","Klrb1c"
"KLRB1","3820","80782","Klrb1b"
"KLRB1","3820","232408","Klrb1f"
"KLRC1","3821","16641","Klrc1"
"KLRC1","3821","58179","Klrc3"
"KLRC1","3821","16642","Klrc2"
"KLRD1","3824","16643","Klrd1"
"KLRG1","10219","50928","Klrg1"
"KLRG2","346689","74253","Klrg2"
"KMO","8564","98256","Kmo"
"KMT2A","4297","214162","Kmt2a"
"KMT2B","9757","75410","Kmt2b"
"KMT2C","58508","231051","Kmt2c"
"KMT2D","8085","381022","Kmt2d"
"KMT2E","55904","69188","Kmt2e"
"KMT5A","387893","67956","Kmt5a"
"KMT5B","51111","225888","Kmt5b"
"KMT5C","84787","232811","Kmt5c"
"KNCN","148930","654462","Kncn"
"KNDC1","85442","76484","Kndc1"
"KNG1","3827","16644","Kng1"
"KNG1","3827","385643","Kng2"
"KNL1","57082","76464","Knl1"
"KNOP1","400506","66356","Knop1"
"KNSTRN","90417","51944","Knstrn"
"KNTC1","9735","208628","Kntc1"
"KPNA1","3836","16646","Kpna1"
"KPNA2","3838","16647","Kpna2"
"KPNA3","3839","16648","Kpna3"
"KPNA4","3840","16649","Kpna4"
"KPNA6","23633","16650","Kpna6"
"KPNA7","402569","381686","Kpna7"
"KPNB1","3837","16211","Kpnb1"
"KPRP","448834","433619","Kprp"
"KPTN","11133","70394","Kptn"
"KRAS","3845","16653","Kras"
"KRBA1","84626","77827","Krba1"
"KRCC1","51315","57896","Krcc1"
"KREMEN1","83999","84035","Kremen1"
"KREMEN2","79412","73016","Kremen2"
"KRI1","65095","215194","Kri1"
"KRIT1","889","79264","Krit1"
"KRR1","11103","52705","Krr1"
"KRT1","3848","16678","Krt1"
"KRT10","3858","16661","Krt10"
"KRT12","3859","268482","Krt12"
"KRT13","3860","16663","Krt13"
"KRT14","3861","16664","Krt14"
"KRT15","3866","16665","Krt15"
"KRT16","3868","16666","Krt16"
"KRT17","3872","16667","Krt17"
"KRT18","3875","16668","Krt18"
"KRT19","3880","16669","Krt19"
"KRT2","3849","16681","Krt2"
"KRT20","54474","66809","Krt20"
"KRT222","125113","268481","Krt222"
"KRT23","25984","94179","Krt23"
"KRT24","192666","75706","Krt24"
"KRT25","147183","70810","Krt25"
"KRT26","353288","320864","Krt26"
"KRT27","342574","16675","Krt27"
"KRT28","162605","70843","Krt28"
"KRT31","3881","16660","Krt31"
"KRT32","3882","16670","Krt32"
"KRT33A","3883","71888","Krt33a"
"KRT34","3885","16672","Krt34"
"KRT35","3886","53617","Krt35"
"KRT36","8689","16673","Krt36"
"KRT39","390792","237934","Krt39"
"KRT4","3851","16682","Krt4"
"KRT40","125115","406221","Krt40"
"KRT5","3852","110308","Krt5"
"KRT5","3852","432987","Gm5478"
"KRT6C","286887","406223","Gm5414"
"KRT7","3855","110310","Krt7"
"KRT71","112802","56735","Krt71"
"KRT72","140807","105866","Krt72"
"KRT73","319101","223915","Krt73"
"KRT75","9119","109052","Krt75"
"KRT76","51350","77055","Krt76"
"KRT77","374454","406220","Krt77"
"KRT78","196374","332131","Krt78"
"KRT79","338785","223917","Krt79"
"KRT8","3856","16691","Krt8"
"KRT80","144501","74127","Krt80"
"KRT81","3887","64818","Krt81"
"KRT82","3888","114566","Krt82"
"KRT83","3889","100126226","Krt83"
"KRT84","3890","16680","Krt84"
"KRT85","3891","53622","Gm49425"
"KRT86","3892","16679","Krt86"
"KRT9","3857","107656","Krt9"
"KRTAP10-11","386678","629873","Krtap1-4"
"KRTAP10-7","386675","100040299","Gm2696"
"KRTAP11-1","337880","16693","Krtap11-1"
"KRTAP12-1","353332","101056229","Gm29802"
"KRTAP13-2","337959","16699","Krtap13"
"KRTAP13-2","337959","69696","2310057N15Rik"
"KRTAP13-2","337959","117172","2310034C09Rik"
"KRTAP13-3","337960","23927","Krtap14"
"KRTAP15-1","254950","26560","Krtap15"
"KRTAP16-1","100505753","100504183","Krtap16-1"
"KRTAP2-1","81872","100502803","Gm11562"
"KRTAP2-3","730755","71453","Krtap2-4"
"KRTAP2-3","730755","100041412","Gm11938"
"KRTAP2-3","730755","100041488","Gm11937"
"KRTAP24-1","643803","239932","Krtap24-1"
"KRTAP26-1","388818","69533","Krtap26-1"
"KRTAP27-1","643812","239933","Krtap27-1"
"KRTAP29-1","100533177","100462664","Krtap29-1"
"KRTAP3-1","83896","69473","Krtap3-1"
"KRTAP3-2","83897","66708","Krtap3-2"
"KRTAP3-3","85293","66380","Krtap3-3"
"KRTAP4-3","85290","68673","Krtap4-2"
"KRTAP4-3","85290","665891","Krtap4-1"
"KRTAP4-3","85290","670496","Gm11564"
"KRTAP4-9","100132386","68768","Krtap4-6"
"KRTAP4-9","100132386","69464","Krtap4-13"
"KRTAP4-9","100132386","670464","Gm11596"
"KRTAP4-9","100132386","670472","Gm11569"
"KRTAP4-9","100132386","670482","Gm11554"
"KRTAP4-9","100132386","100040276","Gm11595"
"KRTAP5-2","440021","100043617","Gm4553"
"KRTAP5-2","440021","50775","Krtap5-4"
"KRTAP5-2","440021","101055862","Gm29735"
"KRTAP5-2","440021","50774","Krtap5-1"
"KRTAP7-1","337878","71363","Krtap7-1"
"KRTAP8-1","337879","16703","Krtap8-1"
"KRTAP9-1","728318","435286","Krtap9-5"
"KRTCAP2","200185","66059","Krtcap2"
"KRTCAP3","200634","69815","Krtcap3"
"KRTDAP","388533","64661","Krtdap"
"KSR1","8844","16706","Ksr1"
"KSR2","283455","333050","Ksr2"
"KTI12","112970","100087","Kti12"
"KTN1","3895","16709","Ktn1"
"KXD1","79036","75620","Kxd1"
"KY","339855","16716","Ky"
"KYAT1","883","70266","Kyat1"
"KYAT3","56267","229905","Kyat3"
"KYNU","8942","70789","Kynu"
"L1CAM","3897","16728","L1cam"
"L1TD1","54596","381591","L1td1"
"L2HGDH","79944","217666","L2hgdh"
"L3HYPDH","112849","67217","L3hypdh"
"L3MBTL1","26013","241764","L3mbtl1"
"L3MBTL2","83746","214669","L3mbtl2"
"L3MBTL3","84456","237339","L3mbtl3"
"L3MBTL4","91133","320858","L3mbtl4"
"LACC1","144811","210808","Lacc1"
"LACTB","114294","80907","Lactb"
"LACTB2","51110","212442","Lactb2"
"LACTBL1","646262","242707","Lactbl1"
"LAD1","3898","16763","Lad1"
"LAG3","3902","16768","Lag3"
"LAGE3","8270","66192","Lage3"
"LAIR1","3903","52855","Lair1"
"LALBA","3906","16770","Lalba"
"LAMA1","284217","16772","Lama1"
"LAMA2","3908","16773","Lama2"
"LAMA3","3909","16774","Lama3"
"LAMA4","3910","16775","Lama4"
"LAMA5","3911","16776","Lama5"
"LAMB1","3912","16777","Lamb1"
"LAMB2","3913","16779","Lamb2"
"LAMB3","3914","16780","Lamb3"
"LAMC1","3915","226519","Lamc1"
"LAMC2","3918","16782","Lamc2"
"LAMC3","10319","23928","Lamc3"
"LAMP1","3916","16783","Lamp1"
"LAMP2","3920","16784","Lamp2"
"LAMP3","27074","239739","Lamp3"
"LAMP5","24141","76161","Lamp5"
"LAMTOR1","55004","66508","Lamtor1"
"LAMTOR2","28956","83409","Lamtor2"
"LAMTOR3","8649","56692","Lamtor3"
"LAMTOR4","389541","66096","Lamtor4"
"LAMTOR5","10542","68576","Lamtor5"
"LANCL1","10314","14768","Lancl1"
"LANCL2","55915","71835","Lancl2"
"LANCL3","347404","236285","Lancl3"
"LAP3","51056","66988","Lap3"
"LAPTM4A","9741","17775","Laptm4a"
"LAPTM4B","55353","114128","Laptm4b"
"LAPTM5","7805","16792","Laptm5"
"LARGE1","9215","16795","Large1"
"LARGE2","120071","228366","Large2"
"LARP1","23367","73158","Larp1"
"LARP1B","55132","214048","Larp1b"
"LARP4","113251","207214","Larp4"
"LARP4B","23185","217980","Larp4b"
"LARP6","55323","67557","Larp6"
"LARP7","51574","28036","Larp7"
"LARS1","51520","107045","Lars"
"LARS2","23395","102436","Lars2"
"LAS1L","81887","76130","Las1l"
"LASP1","3927","16796","Lasp1"
"LAT","27040","16797","Lat"
"LAT2","7462","56743","Lat2"
"LATS1","9113","16798","Lats1"
"LATS2","26524","50523","Lats2"
"LAX1","54900","240754","Lax1"
"LAYN","143903","244864","Layn"
"LBH","81606","77889","Lbh"
"LBHD1","79081","102308570","Lbhd1"
"LBP","3929","16803","Lbp"
"LBR","3930","98386","Lbr"
"LBX1","10660","16814","Lbx1"
"LBX2","85474","16815","Lbx2"
"LCA5","167691","75782","Lca5"
"LCA5L","150082","385668","Lca5l"
"LCAT","3931","16816","Lcat"
"LCK","3932","16818","Lck"
"LCLAT1","253558","225010","Lclat1"
"LCMT1","51451","30949","Lcmt1"
"LCMT2","9836","329504","Lcmt2"
"LCN10","414332","332578","Lcn10"
"LCN12","286256","77701","Lcn12"
"LCN15","389812","102636769","Lcn15"
"LCN2","3934","16819","Lcn2"
"LCN6","158062","620709","Lcn6"
"LCN8","138307","78076","Lcn8"
"LCN9","392399","77704","Lcn9"
"LCOR","84458","212391","Lcor"
"LCP1","3936","18826","Lcp1"
"LCP2","3937","16822","Lcp2"
"LCT","3938","226413","Lct"
"LCTL","197021","235435","Lctl"
"LDAF1","57146","233806","Tmem159"
"LDAH","60526","68832","Ldah"
"LDB1","8861","16825","Ldb1"
"LDB2","9079","16826","Ldb2"
"LDB3","11155","24131","Ldb3"
"LDHA","3939","16828","Ldha"
"LDHAL6B","92483","106557","Ldhal6b"
"LDHB","3945","16832","Ldhb"
"LDHC","3948","16833","Ldhc"
"LDHD","197257","52815","Ldhd"
"LDLR","3949","16835","Ldlr"
"LDLRAD1","388633","546840","Ldlrad1"
"LDLRAD2","401944","435811","Ldlrad2"
"LDLRAD3","143458","241576","Ldlrad3"
"LDLRAD4","753","52662","Ldlrad4"
"LDLRAP1","26119","100017","Ldlrap1"
"LDOC1","23641","434784","Ldoc1"
"LEAP2","116842","259301","Leap2"
"LECT2","3950","16841","Lect2"
"LEF1","51176","16842","Lef1"
"LEFTY1","10637","13590","Lefty1"
"LEFTY2","7044","320202","Lefty2"
"LEKR1","389170","624866","Lekr1"
"LELP1","149018","69332","Lelp1"
"LEMD1","93273","213409","Lemd1"
"LEMD2","221496","224640","Lemd2"
"LEMD3","23592","380664","Lemd3"
"LENEP","55891","57275","Lenep"
"LENG1","79165","69757","Leng1"
"LENG8","114823","232798","Leng8"
"LENG9","94059","243813","Leng9"
"LEO1","123169","235497","Leo1"
"LEP","3952","16846","Lep"
"LEPR","3953","16847","Lepr"
"LEPROT","54741","230514","Leprot"
"LEPROTL1","23484","68192","Leprotl1"
"LETM1","3954","56384","Letm1"
"LETM2","137994","270035","Letm2"
"LETMD1","25875","68614","Letmd1"
"LEXM","163747","242602","Lexm"
"LFNG","3955","16848","Lfng"
"LGALS1","3956","16852","Lgals1"
"LGALS12","85329","56072","Lgals12"
"LGALS2","3957","107753","Lgals2"
"LGALS3","3958","16854","Lgals3"
"LGALS3BP","3959","19039","Lgals3bp"
"LGALS4","3960","16855","Lgals4"
"LGALS8","3964","56048","Lgals8"
"LGALSL","29094","216551","Lgalsl"
"LGI1","9211","56839","Lgi1"
"LGI2","55203","246316","Lgi2"
"LGI3","203190","213469","Lgi3"
"LGI4","163175","243914","Lgi4"
"LGMN","5641","19141","Lgmn"
"LGR4","55366","107515","Lgr4"
"LGR5","8549","14160","Lgr5"
"LGR6","59352","329252","Lgr6"
"LGSN","51557","266744","Lgsn"
"LHB","3972","16866","Lhb"
"LHCGR","3973","16867","Lhcgr"
"LHFPL1","340596","237091","Lhfpl1"
"LHFPL2","10184","218454","Lhfpl2"
"LHFPL3","375612","269629","Lhfpl3"
"LHFPL4","375323","269788","Lhfpl4"
"LHFPL5","222662","328789","Lhfpl5"
"LHFPL6","10186","108927","Lhfp"
"LHPP","64077","76429","Lhpp"
"LHX1","3975","16869","Lhx1"
"LHX2","9355","16870","Lhx2"
"LHX3","8022","16871","Lhx3"
"LHX4","89884","16872","Lhx4"
"LHX5","64211","16873","Lhx5"
"LHX6","26468","16874","Lhx6"
"LHX8","431707","16875","Lhx8"
"LHX9","56956","16876","Lhx9"
"LIAS","11019","79464","Lias"
"LIF","3976","16878","Lif"
"LIFR","3977","16880","Lifr"
"LIG1","3978","16881","Lig1"
"LIG3","3980","16882","Lig3"
"LIG4","3981","319583","Lig4"
"LILRB3","11025","18729","Pira6"
"LILRB3","11025","100038909","Gm14548"
"LILRB3","11025","100041146","Gm15448"
"LIM2","3982","233187","Lim2"
"LIMA1","51474","65970","Lima1"
"LIMCH1","22998","77569","Limch1"
"LIMD1","8994","29806","Limd1"
"LIMD2","80774","67803","Limd2"
"LIME1","54923","72699","Lime1"
"LIMK1","3984","16885","Limk1"
"LIMK2","3985","16886","Limk2"
"LIMS2","55679","225341","Lims2"
"LIN28A","79727","83557","Lin28a"
"LIN28B","389421","380669","Lin28b"
"LIN37","55957","75660","Lin37"
"LIN52","91750","217708","Lin52"
"LIN54","132660","231506","Lin54"
"LIN7A","8825","108030","Lin7a"
"LIN7B","64130","22342","Lin7b"
"LIN7C","55327","22343","Lin7c"
"LIN9","286826","72568","Lin9"
"LINC02618","646730","102635744","Gm28729"
"LINGO1","84894","235402","Lingo1"
"LINGO2","158038","242384","Lingo2"
"LINGO3","645191","237403","Lingo3"
"LINGO4","339398","320747","Lingo4"
"LINS1","55180","72635","Lins1"
"LIPA","3988","16889","Lipa"
"LIPC","3990","15450","Lipc"
"LIPE","3991","16890","Lipe"
"LIPF","8513","67717","Lipf"
"LIPG","9388","16891","Lipg"
"LIPH","200879","239759","Liph"
"LIPI","149998","320355","Lipi"
"LIPK","643414","240633","Lipk"
"LIPM","340654","78753","Lipm"
"LIPN","643418","70166","Lipn"
"LIPT1","51601","623661","Lipt1"
"LIPT2","387787","67164","Lipt2"
"LITAF","9516","56722","Litaf"
"LITAFD","101929989","436336","Gm5767"
"LIX1","167410","66643","Lix1"
"LIX1L","128077","280411","Lix1l"
"LKAAEAR1","198437","277496","Lkaaear1"
"LLCFC1","135927","76606","Llcfc1"
"LLGL1","3996","16897","Llgl1"
"LLGL2","3993","217325","Llgl2"
"LLPH","84298","66225","Llph"
"LLPH","84298","433748","Llph-ps1"
"LLPH","84298","100043002","Llph-ps2"
"LMAN1","3998","70361","Lman1"
"LMAN1L","79748","235416","Lman1l"
"LMAN2","10960","66890","Lman2"
"LMAN2L","81562","214895","Lman2l"
"LMBR1","64327","56873","Lmbr1"
"LMBR1L","55716","74775","Lmbr1l"
"LMBRD1","55788","68421","Lmbrd1"
"LMBRD2","92255","320506","Lmbrd2"
"LMCD1","29995","30937","Lmcd1"
"LMF1","64788","76483","Lmf1"
"LMF2","91289","105847","Lmf2"
"LMLN","89782","239833","Lmln"
"LMLN2","100128908","101056084","Gm29776"
"LMNA","4000","16905","Lmna"
"LMNB1","4001","16906","Lmnb1"
"LMNB2","84823","16907","Lmnb2"
"LMNTD1","160492","74071","Lmntd1"
"LMNTD2","256329","72000","Lmntd2"
"LMO1","4004","109594","Lmo1"
"LMO2","4005","16909","Lmo2"
"LMO3","55885","109593","Lmo3"
"LMO4","8543","16911","Lmo4"
"LMO7","4008","380928","Lmo7"
"LMOD1","25802","93689","Lmod1"
"LMOD2","442721","93677","Lmod2"
"LMOD3","56203","320502","Lmod3"
"LMTK2","22853","231876","Lmtk2"
"LMTK3","114783","381983","Lmtk3"
"LMX1A","4009","110648","Lmx1a"
"LMX1B","4010","16917","Lmx1b"
"LNP1","348801","100503609","Lnp1"
"LNPEP","4012","240028","Lnpep"
"LNPK","80856","69605","Lnpk"
"LNX1","84708","16924","Lnx1"
"LNX2","222484","140887","Lnx2"
"LOC100505841","100505841","78414","1700034E13Rik"
"LOC102724737","102724737","102636216","Gm29257"
"LOC389895","389895","279618","Gm715"
"LOC728392","728392","103712","6330403K07Rik"
"LONP1","9361","74142","Lonp1"
"LONP2","83752","66887","Lonp2"
"LONRF1","91694","244421","Lonrf1"
"LONRF2","164832","381338","Lonrf2"
"LONRF3","79836","74365","Lonrf3"
"LOX","4015","16948","Lox"
"LOXHD1","125336","240411","Loxhd1"
"LOXL1","4016","16949","Loxl1"
"LOXL2","4017","94352","Loxl2"
"LOXL3","84695","16950","Loxl3"
"LOXL4","84171","67573","Loxl4"
"LPAR1","1902","14745","Lpar1"
"LPAR2","9170","53978","Lpar2"
"LPAR3","23566","65086","Lpar3"
"LPAR4","2846","78134","Lpar4"
"LPAR5","57121","381810","Lpar5"
"LPAR6","10161","67168","Lpar6"
"LPCAT1","79888","210992","Lpcat1"
"LPCAT2","54947","270084","Lpcat2"
"LPCAT3","10162","14792","Lpcat3"
"LPCAT4","254531","99010","Lpcat4"
"LPGAT1","9926","226856","Lpgat1"
"LPIN1","23175","14245","Lpin1"
"LPIN2","9663","64898","Lpin2"
"LPIN3","64900","64899","Lpin3"
"LPL","4023","16956","Lpl"
"LPO","4025","76113","Lpo"
"LPP","4026","210126","Lpp"
"LPXN","9404","107321","Lpxn"
"LRAT","9227","79235","Lrat"
"LRATD1","151354","105005","Lratd1"
"LRATD2","157638","399603","Lratd2"
"LRBA","987","80877","Lrba"
"LRCH1","23143","380916","Lrch1"
"LRCH2","57631","210297","Lrch2"
"LRCH3","84859","70144","Lrch3"
"LRCH4","4034","231798","Lrch4"
"LRCOL1","100507055","381667","Lrcol1"
"LRFN1","57622","80749","Lrfn1"
"LRFN2","57497","70530","Lrfn2"
"LRFN3","79414","233067","Lrfn3"
"LRFN4","78999","225875","Lrfn4"
"LRFN5","145581","238205","Lrfn5"
"LRG1","116844","76905","Lrg1"
"LRGUK","136332","74354","Lrguk"
"LRIF1","55791","321000","Lrif1"
"LRIG1","26018","16206","Lrig1"
"LRIG2","9860","269473","Lrig2"
"LRIG3","121227","320398","Lrig3"
"LRIT1","26103","239037","Lrit1"
"LRIT2","340745","239038","Lrit2"
"LRIT3","345193","242235","Lrit3"
"LRMDA","83938","76633","Lrmda"
"LRP1","4035","16971","Lrp1"
"LRP10","26020","65107","Lrp10"
"LRP11","84918","237253","Lrp11"
"LRP12","29967","239393","Lrp12"
"LRP1B","53353","94217","Lrp1b"
"LRP2","4036","14725","Lrp2"
"LRP2BP","55805","67620","Lrp2bp"
"LRP3","4037","435965","Lrp3"
"LRP4","4038","228357","Lrp4"
"LRP5","4041","16973","Lrp5"
"LRP6","4040","16974","Lrp6"
"LRP8","7804","16975","Lrp8"
"LRPAP1","4043","16976","Lrpap1"
"LRPPRC","10128","72416","Lrpprc"
"LRR1","122769","69706","Lrr1"
"LRRC1","55227","214345","Lrrc1"
"LRRC10","376132","237560","Lrrc10"
"LRRC10B","390205","278795","Lrrc10b"
"LRRC14","9684","223664","Lrrc14"
"LRRC14B","389257","432779","Lrrc14b"
"LRRC15","131578","74488","Lrrc15"
"LRRC17","10234","74511","Lrrc17"
"LRRC18","474354","67580","Lrrc18"
"LRRC19","64922","100061","Lrrc19"
"LRRC2","79442","74249","Lrrc2"
"LRRC20","55222","216011","Lrrc20"
"LRRC23","10233","16977","Lrrc23"
"LRRC24","441381","378937","Lrrc24"
"LRRC25","126364","211228","Lrrc25"
"LRRC26","389816","227618","Lrrc26"
"LRRC27","80313","76612","Lrrc27"
"LRRC28","123355","67867","Lrrc28"
"LRRC29","26231","234684","Lrrc29"
"LRRC3","81543","237387","Lrrc3"
"LRRC30","339291","240131","Lrrc30"
"LRRC31","79782","320352","Lrrc31"
"LRRC32","2615","434215","Lrrc32"
"LRRC34","151827","71827","Lrrc34"
"LRRC36","55282","270091","Lrrc36"
"LRRC38","126755","242735","Lrrc38"
"LRRC39","127495","109245","Lrrc39"
"LRRC3B","116135","218763","Lrrc3b"
"LRRC3C","100505591","192852","Lrrc3c"
"LRRC4","64101","192198","Lrrc4"
"LRRC40","55631","67144","Lrrc40"
"LRRC41","10489","230654","Lrrc41"
"LRRC42","115353","77809","Lrrc42"
"LRRC43","254050","381741","Lrrc43"
"LRRC45","201255","217366","Lrrc45"
"LRRC46","90506","69297","Lrrc46"
"LRRC47","57470","72946","Lrrc47"
"LRRC49","54839","102747","Lrrc49"
"LRRC4B","94030","272381","Lrrc4b"
"LRRC4C","57689","241568","Lrrc4c"
"LRRC51","120356739","69358","Lrrc51"
"LRRC52","440699","240899","Lrrc52"
"LRRC55","219527","241528","Lrrc55"
"LRRC56","115399","70552","Lrrc56"
"LRRC57","255252","66606","Lrrc57"
"LRRC58","116064","320184","Lrrc58"
"LRRC59","55379","98238","Lrrc59"
"LRRC61","65999","243371","Lrrc61"
"LRRC63","220416","70859","Lrrc63"
"LRRC66","339977","231296","Lrrc66"
"LRRC69","100130742","73314","Lrrc69"
"LRRC7","57554","242274","Lrrc7"
"LRRC71","149499","74485","Lrrc71"
"LRRC72","100506049","71156","Lrrc72"
"LRRC73","221424","224813","Lrrc73"
"LRRC74A","145497","627607","Lrrc74a"
"LRRC74B","400891","74685","Lrrc74b"
"LRRC75A","388341","192976","Lrrc75a"
"LRRC75B","388886","192734","Lrrc75b"
"LRRC8A","56262","241296","Lrrc8a"
"LRRC8B","23507","433926","Lrrc8b"
"LRRC8C","84230","100604","Lrrc8c"
"LRRC8D","55144","231549","Lrrc8d"
"LRRC8E","80131","72267","Lrrc8e"
"LRRC9","341883","78257","Lrrc9"
"LRRCC1","85444","71710","Lrrcc1"
"LRRD1","401387","242838","Lrrd1"
"LRRFIP1","9208","16978","Lrrfip1"
"LRRFIP2","9209","71268","Lrrfip2"
"LRRIQ1","84125","74978","Lrriq1"
"LRRIQ3","127255","74435","Lrriq3"
"LRRIQ4","344657","68307","Lrriq4"
"LRRK1","79705","233328","Lrrk1"
"LRRK2","120892","66725","Lrrk2"
"LRRN1","57633","16979","Lrrn1"
"LRRN2","10446","16980","Lrrn2"
"LRRN3","54674","16981","Lrrn3"
"LRRN4","164312","320974","Lrrn4"
"LRRN4CL","221091","68852","Lrrn4cl"
"LRRTM1","347730","74342","Lrrtm1"
"LRRTM2","26045","107065","Lrrtm2"
"LRRTM3","347731","216028","Lrrtm3"
"LRRTM4","80059","243499","Lrrtm4"
"LRSAM1","90678","227738","Lrsam1"
"LRTM1","57408","319476","Lrtm1"
"LRTM2","654429","211187","Lrtm2"
"LRWD1","222229","71735","Lrwd1"
"LSAMP","4045","268890","Lsamp"
"LSG1","55341","224092","Lsg1"
"LSM1","27257","67207","Lsm1"
"LSM10","84967","116748","Lsm10"
"LSM11","134353","72290","Lsm11"
"LSM12","124801","268490","Lsm12"
"LSM14A","26065","67070","Lsm14a"
"LSM14B","149986","241846","Lsm14b"
"LSM2","57819","27756","Lsm2"
"LSM3","27258","67678","Lsm3"
"LSM4","25804","50783","Lsm4"
"LSM5","23658","66373","Lsm5"
"LSM6","11157","78651","Lsm6"
"LSM7","51690","66094","Lsm7"
"LSM8","51691","76522","Lsm8"
"LSMEM1","286006","380755","Lsmem1"
"LSMEM2","132228","434436","Lsmem2"
"LSP1","4046","16985","Lsp1"
"LSR","51599","54135","Lsr"
"LSS","4047","16987","Lss"
"LST1","7940","16988","Lst1"
"LTA","4049","16992","Lta"
"LTA4H","4048","16993","Lta4h"
"LTB","4050","16994","Ltb"
"LTB4R","1241","16995","Ltb4r1"
"LTB4R2","56413","57260","Ltb4r2"
"LTBP1","4052","268977","Ltbp1"
"LTBP2","4053","16997","Ltbp2"
"LTBP3","4054","16998","Ltbp3"
"LTBP4","8425","108075","Ltbp4"
"LTBR","4055","17000","Ltbr"
"LTC4S","4056","17001","Ltc4s"
"LTF","4057","17002","Ltf"
"LTK","4058","17005","Ltk"
"LTN1","26046","78913","Ltn1"
"LTO1","220064","72284","LTO1"
"LTV1","84946","353258","Ltv1"
"LUC7L","55692","66978","Luc7l"
"LUC7L3","51747","67684","Luc7l3"
"LUM","4060","17022","Lum"
"LURAP1","541468","68075","Lurap1"
"LURAP1L","286343","52829","Lurap1l"
"LUZP1","7798","269593","Luzp1"
"LUZP2","338645","233271","Luzp2"
"LVRN","206338","74574","Lvrn"
"LXN","56925","17035","Lxn"
"LY6D","8581","17068","Ly6d"
"LY6E","4061","17069","Ly6e"
"LY6G5B","58496","266614","Ly6g5b"
"LY6G5C","80741","114652","Ly6g5c"
"LY6G6C","80740","68468","Ly6g6c"
"LY6G6F","259215","433099","Ly6g6f"
"LY6H","4062","23934","Ly6h"
"LY6K","54742","76486","Ly6k"
"LY6L","101928108","102637705","Ly6l"
"LY86","9450","17084","Ly86"
"LY9","4063","17085","Ly9"
"LY96","23643","17087","Ly96"
"LYAR","55646","17089","Lyar"
"LYG1","129530","69541","Lyg1"
"LYG2","254773","332427","Lyg2"
"LYL1","4066","17095","Lyl1"
"LYN","4067","17096","Lyn"
"LYNX1","66004","23936","Lynx1"
"LYNX1","66004","69462","Slurp2"
"LYPD1","116372","72585","Lypd1"
"LYPD2","137797","68311","Lypd2"
"LYPD3","27076","72434","Lypd3"
"LYPD4","147719","232973","Lypd4"
"LYPD5","284348","76942","Lypd5"
"LYPD6","130574","320343","Lypd6"
"LYPD6B","130576","71897","Lypd6b"
"LYPD8","646627","70163","Lypd8"
"LYPLA1","10434","18777","Lypla1"
"LYPLA2","11313","26394","Lypla2"
"LYPLAL1","127018","226791","Lyplal1"
"LYRM1","57149","73919","Lyrm1"
"LYRM2","57226","108755","Lyrm2"
"LYRM4","57128","380840","Lyrm4"
"LYRM7","90624","75530","Lyrm7"
"LYRM9","201229","66274","Lyrm9"
"LYSMD1","388695","217779","Lysmd1"
"LYSMD2","256586","70082","Lysmd2"
"LYSMD3","116068","80289","Lysmd3"
"LYSMD4","145748","75099","Lysmd4"
"LYST","1130","17101","Lyst"
"LYVE1","10894","114332","Lyve1"
"LYZ","4069","17105","Lyz2"
"LYZ","4069","17110","Lyz1"
"LYZ","4069","77397","9530003J23Rik"
"LYZL4","131375","69032","Lyzl4"
"LYZL6","57151","69444","Lyzl6"
"LZIC","84328","69151","Lzic"
"LZTFL1","54585","93730","Lztfl1"
"LZTR1","8216","66863","Lztr1"
"LZTS1","11178","211134","Lzts1"
"LZTS2","84445","226154","Lzts2"
"LZTS3","9762","241638","Lzts3"
"M1AP","130951","110958","M1ap"
"M6PR","4074","17113","M6pr"
"MAB21L1","4081","17116","Mab21l1"
"MAB21L2","10586","23937","Mab21l2"
"MAB21L3","126868","242125","Mab21l3"
"MAB21L4","79919","71874","Mab21l4"
"MACC1","346389","238455","Macc1"
"MACF1","23499","11426","Macf1"
"MACIR","90355","52392","Macir"
"MACO1","55219","66146","Maco1"
"MACROD1","28992","107227","Macrod1"
"MACROD2","140733","72899","Macrod2"
"MACROH2A1","9555","26914","Macroh2a1"
"MACROH2A2","55506","404634","Macroh2a2"
"MAD1L1","8379","17120","Mad1l1"
"MAD2L1","4085","56150","Mad2l1"
"MAD2L1BP","9587","66591","Mad2l1bp"
"MAD2L2","10459","71890","Mad2l2"
"MADCAM1","8174","17123","Madcam1"
"MADD","8567","228355","Madd"
"MAEA","10296","59003","Maea"
"MAEL","84944","98558","Mael"
"MAF","4094","17132","Maf"
"MAF1","84232","68877","Maf1"
"MAFA","389692","378435","Mafa"
"MAFB","9935","16658","Mafb"
"MAFF","23764","17133","Maff"
"MAFG","4097","17134","Mafg"
"MAFK","7975","17135","Mafk"
"MAG","4099","17136","Mag"
"MAGEA10","4109","236852","Magea10"
"MAGEA10","4109","17138","Magea2"
"MAGEA10","4109","17142","Magea6"
"MAGEA10","4109","17137","Magea1"
"MAGEA10","4109","17141","Magea5"
"MAGEA10","4109","74279","Magea14"
"MAGEA10","4109","17139","Magea3"
"MAGEA10","4109","17144","Magea8"
"MAGEA10","4109","70696","Magea9"
"MAGEA11","4110","17140","Magea4"
"MAGEB16","139604","71967","Mageb16"
"MAGEB17","645864","278087","Gm5071"
"MAGEB18","286514","215641","Mageb18"
"MAGEB2","4113","434903","Mageb4"
"MAGEB5","347541","74271","Mageb5"
"MAGEB5","347541","629542","Mageb5b"
"MAGEB6","158809","17146","Mageb2"
"MAGEB6","158809","17147","Mageb3"
"MAGEB6","158809","667988","Mageb6b2"
"MAGED1","9500","94275","Maged1"
"MAGED2","10916","80884","Maged2"
"MAGEE1","57692","107528","Magee1"
"MAGEE2","139599","272790","Magee2"
"MAGEH1","28986","75625","Mageh1"
"MAGEL2","54551","27385","Magel2"
"MAGI2","9863","50791","Magi2"
"MAGI3","260425","99470","Magi3"
"MAGIX","79917","54634","Magix"
"MAGOH","4116","17149","Magoh"
"MAGOHB","55110","66441","Magohb"
"MAGT1","84061","67075","Magt1"
"MAIP1","79568","68115","Maip1"
"MAJIN","283129","622554","Majin"
"MAK","4117","17152","Mak"
"MAK16","84549","67920","Mak16"
"MAL","4118","17153","Mal"
"MAL2","114569","105853","Mal2"
"MALL","7851","228576","Mall"
"MALRD1","340895","102635496","Malrd1"
"MALSU1","115416","75593","Malsu1"
"MALT1","10892","240354","Malt1"
"MAMDC2","256691","71738","Mamdc2"
"MAMDC4","158056","381352","Mamdc4"
"MAML1","9794","103806","Maml1"
"MAML2","84441","270118","Maml2"
"MAML3","55534","433586","Maml3"
"MAMLD1","10046","333639","Mamld1"
"MAMSTR","284358","74490","Mamstr"
"MAN1A1","4121","17155","Man1a"
"MAN1A2","10905","17156","Man1a2"
"MAN1B1","11253","227619","Man1b1"
"MAN1C1","57134","230815","Man1c1"
"MAN2A1","4124","17158","Man2a1"
"MAN2A2","4122","140481","Man2a2"
"MAN2B1","4125","17159","Man2b1"
"MAN2B2","23324","17160","Man2b2"
"MAN2C1","4123","73744","Man2c1"
"MANBA","4126","110173","Manba"
"MANBAL","63905","69161","Manbal"
"MANEA","79694","242362","Manea"
"MANEAL","149175","215090","Maneal"
"MANF","7873","74840","Manf"
"MANSC1","54682","67729","Mansc1"
"MANSC4","100287284","545893","Mansc4"
"MAOA","4128","17161","Maoa"
"MAOB","4129","109731","Maob"
"MAP10","54627","74393","Map10"
"MAP1A","4130","17754","Map1a"
"MAP1B","4131","17755","Map1b"
"MAP1LC3A","84557","66734","Map1lc3a"
"MAP1LC3B","81631","67443","Map1lc3b"
"MAP1S","55201","270058","Map1s"
"MAP2","4133","17756","Map2"
"MAP2K1","5604","26395","Map2k1"
"MAP2K2","5605","26396","Map2k2"
"MAP2K3","5606","26397","Map2k3"
"MAP2K4","6416","26398","Map2k4"
"MAP2K5","5607","23938","Map2k5"
"MAP2K6","5608","26399","Map2k6"
"MAP2K7","5609","26400","Map2k7"
"MAP3K1","4214","26401","Map3k1"
"MAP3K10","4294","269881","Map3k10"
"MAP3K11","4296","26403","Map3k11"
"MAP3K12","7786","26404","Map3k12"
"MAP3K13","9175","71751","Map3k13"
"MAP3K14","9020","53859","Map3k14"
"MAP3K15","389840","270672","Map3k15"
"MAP3K19","80122","22625","Map3k19"
"MAP3K2","10746","26405","Map3k2"
"MAP3K20","51776","65964","Map3k20"
"MAP3K21","84451","234878","Map3k21"
"MAP3K3","4215","26406","Map3k3"
"MAP3K4","4216","26407","Map3k4"
"MAP3K5","4217","26408","Map3k5"
"MAP3K6","9064","53608","Map3k6"
"MAP3K7","6885","26409","Map3k7"
"MAP3K8","1326","26410","Map3k8"
"MAP3K9","4293","338372","Map3k9"
"MAP4","4134","17758","Map4"
"MAP4K1","11184","26411","Map4k1"
"MAP4K2","5871","26412","Map4k2"
"MAP4K3","8491","225028","Map4k3"
"MAP4K4","9448","26921","Map4k4"
"MAP4K5","11183","399510","Map4k5"
"MAP6","4135","17760","Map6"
"MAP6D1","79929","208158","Map6d1"
"MAP7","9053","17761","Map7"
"MAP7D1","55700","245877","Map7d1"
"MAP7D2","256714","78283","Map7d2"
"MAP7D3","79649","320923","Map7d3"
"MAP9","79884","213582","Map9"
"MAPK1","5594","26413","Mapk1"
"MAPK10","5602","26414","Mapk10"
"MAPK11","5600","19094","Mapk11"
"MAPK12","6300","29857","Mapk12"
"MAPK13","5603","26415","Mapk13"
"MAPK14","1432","26416","Mapk14"
"MAPK15","225689","332110","Mapk15"
"MAPK1IP1L","93487","218975","Mapk1ip1l"
"MAPK1IP1L","93487","69546","Mapk1ip1"
"MAPK3","5595","26417","Mapk3"
"MAPK4","5596","225724","Mapk4"
"MAPK6","5597","50772","Mapk6"
"MAPK7","5598","23939","Mapk7"
"MAPK8","5599","26419","Mapk8"
"MAPK8IP1","9479","19099","Mapk8ip1"
"MAPK8IP2","23542","60597","Mapk8ip2"
"MAPK8IP3","23162","30957","Mapk8ip3"
"MAPK9","5601","26420","Mapk9"
"MAPKAP1","79109","227743","Mapkap1"
"MAPKAPK2","9261","17164","Mapkapk2"
"MAPKAPK3","7867","102626","Mapkapk3"
"MAPKAPK5","8550","17165","Mapkapk5"
"MAPKBP1","23005","26390","Mapkbp1"
"MAPRE1","22919","13589","Mapre1"
"MAPRE2","10982","212307","Mapre2"
"MAPRE3","22924","100732","Mapre3"
"MAPT","4137","17762","Mapt"
"MARCHF1","55016","72925","Marchf1"
"MARCHF10","162333","632687","Marchf10"
"MARCHF11","441061","211147","Marchf11"
"MARCHF2","51257","224703","Marchf2"
"MARCHF3","115123","320253","Marchf3"
"MARCHF4","57574","381270","Marchf4"
"MARCHF5","54708","69104","Marchf5"
"MARCHF6","10299","223455","Marchf6"
"MARCHF7","64844","57438","Marchf7"
"MARCHF8","220972","71779","Marchf8"
"MARCHF9","92979","216438","Marchf9"
"MARCKS","4082","17118","Marcks"
"MARCKSL1","65108","17357","Marcksl1"
"MARCO","8685","17167","Marco"
"MARF1","9665","223989","Marf1"
"MARK1","4139","226778","Mark1"
"MARK2","2011","13728","Mark2"
"MARK3","4140","17169","Mark3"
"MARK4","57787","232944","Mark4"
"MARS1","4141","216443","Mars1"
"MARS2","92935","212679","Mars2"
"MARVELD1","83742","277010","Marveld1"
"MARVELD2","153562","218518","Marveld2"
"MARVELD3","91862","73608","Marveld3"
"MAS1","4142","17171","Mas1"
"MASP1","5648","17174","Masp1"
"MASP2","10747","17175","Masp2"
"MAST1","22983","56527","Mast1"
"MAST2","23139","17776","Mast2"
"MAST3","23031","546071","Mast3"
"MAST4","375449","328329","Mast4"
"MASTL","84930","67121","Mastl"
"MAT1A","4143","11720","Mat1a"
"MAT2A","4144","232087","Mat2a"
"MAT2B","27430","108645","Mat2b"
"MATK","4145","17179","Matk"
"MATN1","4146","17180","Matn1"
"MATN2","4147","17181","Matn2"
"MATN3","4148","17182","Matn3"
"MATN4","8785","17183","Matn4"
"MATR3","9782","17184","Matr3"
"MAU2","23383","74549","Mau2"
"MAVS","57506","228607","Mavs"
"MAX","4149","17187","Max"
"MAZ","4150","17188","Maz"
"MB","4151","17189","Mb"
"MB21D2","151963","239796","Mb21d2"
"MBD1","4152","17190","Mbd1"
"MBD2","8932","17191","Mbd2"
"MBD3","53615","17192","Mbd3"
"MBD3L1","85509","73503","Mbd3l1"
"MBD4","8930","17193","Mbd4"
"MBD5","55777","109241","Mbd5"
"MBD6","114785","110962","Mbd6"
"MBIP","51562","217588","Mbip"
"MBL2","4153","17195","Mbl2"
"MBLAC1","255374","330216","Mblac1"
"MBLAC2","153364","72852","Mblac2"
"MBNL1","4154","56758","Mbnl1"
"MBNL2","10150","105559","Mbnl2"
"MBNL3","55796","171170","Mbnl3"
"MBOAT1","154141","218121","Mboat1"
"MBOAT2","129642","67216","Mboat2"
"MBOAT4","619373","234155","Mboat4"
"MBOAT7","79143","77582","Mboat7"
"MBP","4155","17196","Mbp"
"MBTD1","54799","103537","Mbtd1"
"MBTPS1","8720","56453","Mbtps1"
"MBTPS2","51360","270669","Mbtps2"
"MC1R","4157","17199","Mc1r"
"MC2R","4158","17200","Mc2r"
"MC3R","4159","17201","Mc3r"
"MC4R","4160","17202","Mc4r"
"MC5R","4161","17203","Mc5r"
"MCAM","4162","84004","Mcam"
"MCAT","27349","223722","Mcat"
"MCC","4163","328949","Mcc"
"MCCC1","56922","72039","Mccc1"
"MCCC2","64087","78038","Mccc2"
"MCEE","84693","73724","Mcee"
"MCEMP1","199675","69189","Mcemp1"
"MCF2","4168","109904","Mcf2"
"MCF2L","23263","17207","Mcf2l"
"MCFD2","90411","193813","Mcfd2"
"MCHR1","2847","207911","Mchr1"
"MCIDAS","345643","622408","Mcidas"
"MCM10","55388","70024","Mcm10"
"MCM2","4171","17216","Mcm2"
"MCM3","4172","17215","Mcm3"
"MCM3AP","8888","54387","Mcm3ap"
"MCM4","4173","17217","Mcm4"
"MCM5","4174","17218","Mcm5"
"MCM6","4175","17219","Mcm6"
"MCM7","4176","17220","Mcm7"
"MCM8","84515","66634","Mcm8"
"MCM9","254394","71567","Mcm9"
"MCMBP","79892","210711","Mcmbp"
"MCMDC2","157777","240697","Mcmdc2"
"MCOLN1","57192","94178","Mcoln1"
"MCOLN2","255231","68279","Mcoln2"
"MCOLN3","55283","171166","Mcoln3"
"MCPH1","79648","244329","Mcph1"
"MCRIP1","348262","192173","Mcrip1"
"MCRIP2","84331","68241","Mcrip2"
"MCRS1","10445","51812","Mcrs1"
"MCTP1","79772","78771","Mctp1"
"MCTP2","55784","244049","Mctp2"
"MCTS1","28985","68995","Mcts1"
"MCU","90550","215999","Mcu"
"MCUB","55013","66815","Mcub"
"MCUR1","63933","76137","Mcur1"
"MDC1","9656","240087","Mdc1"
"MDFI","4188","17240","Mdfi"
"MDFIC","29969","16543","Mdfic"
"MDFIC2","107986096","330390","Mdfic2"
"MDGA1","266727","74762","Mdga1"
"MDGA2","161357","320772","Mdga2"
"MDH1","4190","17449","Mdh1"
"MDH1B","130752","76668","Mdh1b"
"MDH2","4191","17448","Mdh2"
"MDK","4192","17242","Mdk"
"MDM1","56890","17245","Mdm1"
"MDM2","4193","17246","Mdm2"
"MDM4","4194","17248","Mdm4"
"MDN1","23195","100019","Mdn1"
"MDP1","145553","67881","Mdp1"
"ME1","4199","17436","Me1"
"ME2","4200","107029","Me2"
"ME3","10873","109264","Me3"
"MEA1","4201","17256","Mea1"
"MEAF6","64769","70088","Meaf6"
"MEAK7","57707","74347","Meak7"
"MECOM","2122","14013","Mecom"
"MECP2","4204","17257","Mecp2"
"MECR","51102","26922","Mecr"
"MED1","5469","19014","Med1"
"MED10","84246","28077","Med10"
"MED11","400569","66172","Med11"
"MED12","9968","59024","Med12"
"MED12L","116931","329650","Med12l"
"MED13","9969","327987","Med13"
"MED13L","23389","76199","Med13l"
"MED14","9282","26896","Med14"
"MED15","51586","94112","Med15"
"MED16","10025","216154","Med16"
"MED17","9440","234959","Med17"
"MED18","54797","67219","Med18"
"MED19","219541","381379","Med19"
"MED20","9477","56771","Med20"
"MED21","9412","108098","Med21"
"MED22","6837","20933","Med22"
"MED23","9439","70208","Med23"
"MED24","9862","23989","Med24"
"MED25","81857","75613","Med25"
"MED26","9441","70625","Med26"
"MED27","9442","68975","Med27"
"MED28","80306","66999","Med28"
"MED29","55588","67224","Med29"
"MED30","90390","69790","Med30"
"MED31","51003","67279","Med31"
"MED4","29079","67381","Med4"
"MED6","10001","69792","Med6"
"MED7","9443","66213","Med7"
"MED8","112950","80509","Med8"
"MED9","55090","192191","Med9"
"MEDAG","84935","70717","Medag"
"MEF2A","4205","17258","Mef2a"
"MEF2C","4208","17260","Mef2c"
"MEF2D","4209","17261","Mef2d"
"MEFV","4210","54483","Mefv"
"MEGF10","84466","70417","Megf10"
"MEGF11","84465","214058","Megf11"
"MEGF6","1953","230971","Megf6"
"MEGF8","1954","269878","Megf8"
"MEGF9","1955","230316","Megf9"
"MEI1","150365","74369","Mei1"
"MEI4","101928601","75033","Mei4"
"MEIG1","644890","104362","Meig1"
"MEIKIN","728637","74847","Meikin"
"MEIOB","254528","75178","Meiob"
"MEIOC","284071","268491","Meioc"
"MEIOSIN","388553","243866","Meiosin"
"MEIS1","4211","17268","Meis1"
"MEIS2","4212","17536","Meis2"
"MEIS3","56917","17537","Meis3"
"MELK","9833","17279","Melk"
"MELTF","4241","30060","Meltf"
"MEMO1","51072","76890","Memo1"
"MEN1","4221","17283","Men1"
"MEOX1","4222","17285","Meox1"
"MEOX2","4223","17286","Meox2"
"MEP1A","4224","17287","Mep1a"
"MEP1B","4225","17288","Mep1b"
"MEPCE","56257","231803","Mepce"
"MEPE","56955","94111","Mepe"
"MERTK","10461","17289","Mertk"
"MESD","23184","67943","Mesd"
"MESP1","55897","17292","Mesp1"
"MESP2","145873","17293","Mesp2"
"MEST","4232","17294","Mest"
"MET","4233","17295","Met"
"METAP1","23173","75624","Metap1"
"METAP1D","254042","66559","Metap1d"
"METAP2","10988","56307","Metap2"
"METRN","79006","70083","Metrn"
"METRNL","284207","210029","Metrnl"
"METTL1","4234","17299","Mettl1"
"METTL14","57721","210529","Mettl14"
"METTL15","196074","76894","Mettl15"
"METTL16","79066","67493","Mettl16"
"METTL17","64745","52535","Mettl17"
"METTL18","92342","69962","Mettl18"
"METTL21A","151194","67099","Mettl21a"
"METTL21C","196541","433294","Mettl21c"
"METTL22","79091","239706","Mettl22"
"METTL23","124512","74319","Mettl23"
"METTL24","728464","327747","Mettl24"
"METTL25","84190","216292","Mettl25"
"METTL25B","51093","229503","Rrnad1"
"METTL26","84326","68347","Mettl26"
"METTL27","155368","79565","Mettl27"
"METTL3","56339","56335","Mettl3"
"METTL4","64863","76781","Mettl4"
"METTL5","29081","75422","Mettl5"
"METTL6","131965","67011","Mettl6"
"METTL7A","25840","70152","Mettl7a1"
"METTL7A","25840","393082","Mettl7a2"
"METTL7A","25840","668178","Mettl7a3"
"METTL7A","25840","554292","Methig1"
"METTL7B","196410","71664","Mettl7b"
"METTL8","79828","228019","Mettl8"
"METTL9","51108","59052","Mettl9"
"MEX3A","92312","72640","Mex3a"
"MEX3B","84206","108797","Mex3b"
"MEX3C","51320","240396","Mex3c"
"MEX3D","399664","237400","Mex3d"
"MFAP1","4236","67532","Mfap1a"
"MFAP1","4236","100034361","Mfap1b"
"MFAP2","4237","17150","Mfap2"
"MFAP3","4238","216760","Mfap3"
"MFAP4","4239","76293","Mfap4"
"MFAP5","8076","50530","Mfap5"
"MFF","56947","75734","Mff"
"MFGE8","4240","17304","Mfge8"
"MFHAS1","9258","52065","Mfhas1"
"MFN1","55669","67414","Mfn1"
"MFN2","9927","170731","Mfn2"
"MFNG","4242","17305","Mfng"
"MFRP","83552","259172","Mfrp"
"MFSD1","64747","66868","Mfsd1"
"MFSD10","10227","68294","Mfsd10"
"MFSD11","79157","69900","Mfsd11"
"MFSD12","126321","73822","Mfsd12"
"MFSD13A","79847","75146","Mfsd13a"
"MFSD14A","64645","15247","Mfsd14a"
"MFSD14B","84641","66631","Mfsd14b"
"MFSD2A","84879","76574","Mfsd2a"
"MFSD2B","388931","432628","Mfsd2b"
"MFSD3","113655","69572","Mfsd3"
"MFSD4A","148808","213006","Mfsd4a"
"MFSD4B","91749","215929","Mfsd4b1"
"MFSD4B","91749","213332","Mfsd4b4"
"MFSD4B","91749","215928","Mfsd4b5"
"MFSD5","84975","106073","Mfsd5"
"MFSD6","54842","98682","Mfsd6"
"MFSD6L","162387","215723","Mfsd6l"
"MFSD8","256471","72175","Mfsd8"
"MFSD9","84804","211798","Mfsd9"
"MGA","23269","29808","Mga"
"MGAM","8972","232714","Mgam"
"MGARP","84709","67749","Mgarp"
"MGAT1","4245","17308","Mgat1"
"MGAT2","4247","217664","Mgat2"
"MGAT3","4248","17309","Mgat3"
"MGAT4A","11320","269181","Mgat4a"
"MGAT4B","11282","103534","Mgat4b"
"MGAT4C","25834","67569","Mgat4c"
"MGAT4D","152586","67555","Mgat4d"
"MGAT5","4249","107895","Mgat5"
"MGAT5B","146664","268510","Mgat5b"
"MGLL","11343","23945","Mgll"
"MGME1","92667","74528","Mgme1"
"MGMT","4255","17314","Mgmt"
"MGP","4256","17313","Mgp"
"MGRN1","23295","17237","Mgrn1"
"MGST1","4257","56615","Mgst1"
"MGST2","4258","211666","Mgst2"
"MGST3","4259","66447","Mgst3"
"MIA","8190","12587","Mia"
"MIA3","375056","338366","Mia3"
"MIB1","57534","225164","Mib1"
"MIB2","142678","76580","Mib2"
"MICAL1","64780","171580","Mical1"
"MICAL3","57553","194401","Mical3"
"MICALL1","85377","27008","Micall1"
"MICALL2","79778","231830","Micall2"
"MICOS10","440574","433771","Micos10"
"MICOS13","125988","224904","Micos13"
"MICU1","10367","216001","Micu1"
"MICU2","221154","68514","Micu2"
"MICU3","286097","78506","Micu3"
"MID1","4281","17318","Mid1"
"MID1IP1","58526","68041","Mid1ip1"
"MID2","11043","23947","Mid2"
"MIDEAS","91748","238317","Mideas"
"MIDN","90007","59090","Midn"
"MIEF1","54471","239555","Mief1"
"MIEF2","125170","237781","Mief2"
"MIEN1","84299","103742","Mien1"
"MIER1","57708","71148","Mier1"
"MIER2","54531","70427","Mier2"
"MIER3","166968","218613","Mier3"
"MIF","4282","17319","Mif"
"MIF4GD","57409","69674","Mif4gd"
"MIGA1","374986","215708","Miga1"
"MIGA2","84895","108958","Miga2"
"MIIP","60672","28010","Miip"
"MILR1","284021","380732","Milr1"
"MINAR1","23251","209743","Minar1"
"MINAR2","100127206","225583","Minar2"
"MINDY1","55793","75007","Mindy1"
"MINDY2","54629","235461","Mindy2"
"MINDY3","80013","66960","Mindy3"
"MINDY4","84182","330323","Mindy4"
"MINK1","50488","50932","Mink1"
"MINPP1","9562","17330","Minpp1"
"MIOS","54468","252875","Mios"
"MIOX","55586","56727","Miox"
"MIP","4284","17339","Mip"
"MIPEP","4285","70478","Mipep"
"MIPOL1","145282","73490","Mipol1"
"MIR100","406892","723892","Mir100"
"MIR103A1","406895","723824","Mir103-1"
"MIR103A2","406896","723825","Mir103-2"
"MIR106B","406900","723925","Mir106b"
"MIR10A","406902","723893","Mir10a"
"MIR10B","406903","387144","Mir10b"
"MIR1224","100187716","100316739","Mir1224"
"MIR124-1","406907","387233","Mir124a-1"
"MIR124-2","406908","723950","Mir124a-2"
"MIR124-3","406909","723951","Mir124a-3"
"MIR1251","100302289","100526517","Mir1251"
"MIR125B1","406911","387236","Mir125b-1"
"MIR127","406914","387146","Mir127"
"MIR129-1","406917","387237","Mir129-1"
"MIR129-2","406918","102465777","Mir129b"
"MIR1306","100302197","100316814","Mir1306"
"MIR130A","406919","387149","Mir130a"
"MIR133A1","406922","387151","Mir133a-1"
"MIR133A2","406923","723954","Mir133a-2"
"MIR133B","442890","723817","Mir133b"
"MIR134","406924","387152","Mir134"
"MIR135A1","406925","387153","Mir135a-1"
"MIR135A2","406926","723955","Mir135a-2"
"MIR138-2","406930","723956","Mir138-2"
"MIR139","406931","387157","Mir139"
"MIR140","406932","387158","Mir140"
"MIR142","406934","387160","Mir142"
"MIR143","406935","387161","Mir143"
"MIR145","406937","387163","Mir145a"
"MIR146B","574447","751550","Mir146b"
"MIR147B","100126311","387165","Mir147"
"MIR148B","442892","724064","Mir148b"
"MIR150","406942","387168","Mir150"
"MIR151A","442893","387169","Mir151"
"MIR152","406943","387170","Mir152"
"MIR154","406946","387172","Mir154"
"MIR155","406947","387173","Mir155"
"MIR15A","406948","387174","Mir15a"
"MIR15B","406949","387175","Mir15b"
"MIR16-2","406951","723949","Mir16-2"
"MIR17","406952","723905","Mir17"
"MIR181B1","406955","723890","Mir181b-1"
"MIR181B2","406956","723903","Mir181b-2"
"MIR181C","406957","723819","Mir181c"
"MIR185","406961","387180","Mir185"
"MIR186","406962","387181","Mir186"
"MIR187","406963","387182","Mir187"
"MIR188","406964","387183","Mir188"
"MIR190A","406965","387185","Mir190a"
"MIR192","406967","387187","Mir192"
"MIR193A","406968","387188","Mir193a"
"MIR193B","574455","100124432","Mir193b"
"MIR194-1","406969","387189","Mir194-1"
"MIR196A2","406973","723958","Mir196a-2"
"MIR196B","442920","723820","Mir196b"
"MIR199A2","406977","723821","Mir199a-2"
"MIR199B","406978","387239","Mir199b"
"MIR19A","406979","723891","Mir19a"
"MIR19B1","406980","751527","Mir19b-1"
"MIR19B2","406981","387195","Mir19b-2"
"MIR200B","406984","387243","Mir200b"
"MIR200C","406985","723944","Mir200c"
"MIR203B","100616173","387199","Mir203"
"MIR204","406987","387200","Mir204"
"MIR208B","100126336","100124433","Mir208b"
"MIR21","406991","387140","Mir21a"
"MIR214","406996","387210","Mir214"
"MIR216A","406998","387212","Mir216a"
"MIR216B","100126319","735308","Mir216b"
"MIR218-1","407000","723822","Mir218-1"
"MIR218-2","407001","723924","Mir218-2"
"MIR219A2","407003","723904","Mir219a-2"
"MIR22","407004","387141","Mir22"
"MIR221","407006","723827","Mir221"
"MIR222","407007","723828","Mir222"
"MIR24-1","407012","387142","Mir24-1"
"MIR26B","407017","387219","Mir26b"
"MIR27B","407019","387221","Mir27b"
"MIR28","407020","723830","Mir28a"
"MIR299","407023","723927","Mir299a"
"MIR29B2","407025","723963","Mir29b-2"
"MIR29C","407026","387224","Mir29c"
"MIR301B","100126318","791069","Mir301b"
"MIR302C","442895","723835","Mir302c"
"MIR302D","442896","723928","Mir302d"
"MIR30B","407030","387226","Mir30b"
"MIR30C1","407031","387227","Mir30c-1"
"MIR30C2","407032","723964","Mir30c-2"
"MIR30D","407033","387228","Mir30d"
"MIR32","407036","723837","Mir32"
"MIR323A","442897","723839","Mir323"
"MIR326","442900","723840","Mir326"
"MIR330","442902","724063","Mir330"
"MIR331","442903","723908","Mir331"
"MIR335","442904","723930","Mir335"
"MIR339","442907","723898","Mir339"
"MIR33A","407039","723897","Mir33"
"MIR340","442908","723845","Mir340"
"MIR345","442910","723946","Mir345"
"MIR346","442911","723847","Mir346"
"MIR34A","407040","723848","Mir34a"
"MIR34B","407041","723849","Mir34b"
"MIR361","494323","723850","Mir361"
"MIR363","574031","723852","Mir363"
"MIR365A","100126355","723899","Mir365-1"
"MIR370","442915","723854","Mir370"
"MIR371A","442916","100049714","Mir293"
"MIR371A","442916","100049711","Mir292"
"MIR372","442917","100049712","Mir294"
"MIR372","442917","100124471","Mir291b"
"MIR374A","442919","100526513","Mir374c"
"MIR374B","100126317","751546","Mir374b"
"MIR375","494324","723900","Mir375"
"MIR377","494326","723857","Mir377"
"MIR381","494330","723935","Mir381"
"MIR382","494331","723912","Mir382"
"MIR409","574413","723862","Mir409"
"MIR410","574434","723863","Mir410"
"MIR412","574433","723913","Mir412"
"MIR423","494335","751519","Mir423"
"MIR424","494336","723907","Mir322"
"MIR425","494337","723864","Mir425"
"MIR433","574034","723937","Mir433"
"MIR448","554212","723914","Mir448"
"MIR450A1","554214","723869","Mir450-1"
"MIR450A2","574505","723938","Mir450-2"
"MIR450B","100126302","751532","Mir450b"
"MIR488","574441","735253","Mir488"
"MIR489","574442","723877","Mir489"
"MIR490","574443","735279","Mir490"
"MIR491","574444","735282","Mir491"
"MIR494","574452","723878","Mir494"
"MIR496","574454","751524","Mir496a"
"MIR497","574456","751537","Mir497"
"MIR501","574503","751560","Mir501"
"MIR502","574504","723974","Mir500"
"MIR504","574507","100124476","Mir504"
"MIR505","574508","751545","Mir505"
"MIR532","693124","751544","Mir532"
"MIR541","100126308","723941","Mir541"
"MIR542","664617","723901","Mir542"
"MIR582","693167","100124489","Mir582"
"MIR592","693177","735266","Mir592"
"MIR598","693183","100124452","Mir598"
"MIR652","724022","723976","Mir652"
"MIR665","100126315","751555","Mir665"
"MIR668","768214","751523","Mir668"
"MIR671","768213","735264","Mir671"
"MIR675","100033819","735280","Mir675"
"MIR7-1","407043","723902","Mir7-1"
"MIR7-3","407045","723884","Mir7-2"
"MIR711","100313843","751536","Mir711"
"MIR744","100126313","791070","Mir744"
"MIR761","100313892","791075","Mir761"
"MIR770","768222","791079","Mir770"
"MIR873","100126316","102465229","Mir873b"
"MIR876","100126310","100124458","Mir876"
"MIR877","100126314","100124459","Mir877"
"MIR9-1","407046","387133","Mir9-1"
"MIR9-2","407047","723967","Mir9-2"
"MIR9-3","407051","723968","Mir9-3"
"MIR92A2","407049","100124470","Mir92b"
"MIR96","407053","723886","Mir96"
"MIR98","407054","723947","Mir98"
"MIR99A","407055","387229","Mir99a"
"MIR99B","407056","387230","Mir99b"
"MIRLET7A1","406881","387244","Mirlet7a-1"
"MIRLET7A3","406883","723966","Mirlet7c-2"
"MIRLET7C","406885","387246","Mirlet7c-1"
"MIRLET7D","406886","387247","Mirlet7d"
"MIRLET7E","406887","387248","Mirlet7e"
"MIRLET7F2","406889","387253","Mirlet7f-2"
"MIRLET7G","406890","387249","Mirlet7g"
"MIRLET7I","406891","387251","Mirlet7i"
"MIS12","79003","67139","Mis12"
"MIS18A","54069","66578","Mis18a"
"MIS18BP1","55320","217653","Mis18bp1"
"MISP","126353","78906","Misp"
"MISP3","113230","70134","Misp3"
"MITD1","129531","69028","Mitd1"
"MITF","4286","17342","Mitf"
"MIX23","131076","381045","Ccdc58"
"MIXL1","83881","27217","Mixl1"
"MKI67","4288","17345","Mki67"
"MKKS","8195","59030","Mkks"
"MKLN1","4289","27418","Mkln1"
"MKNK1","8569","17346","Mknk1"
"MKNK2","2872","17347","Mknk2"
"MKRN1","23608","54484","Mkrn1"
"MKRN2","23609","67027","Mkrn2"
"MKRN2OS","100129480","70291","Mkrn2os"
"MKRN3","7681","22652","Mkrn3"
"MKS1","54903","380718","Mks1"
"MKX","283078","210719","Mkx"
"MLANA","2315","77836","Mlana"
"MLC1","23209","170790","Mlc1"
"MLEC","9761","109154","Mlec"
"MLF1","4291","17349","Mlf1"
"MLF2","8079","30853","Mlf2"
"MLH1","4292","17350","Mlh1"
"MLH3","27030","217716","Mlh3"
"MLIP","90523","69642","Mlip"
"MLKL","197259","74568","Mlkl"
"MLLT1","4298","64144","Mllt1"
"MLLT10","8028","17354","Mllt10"
"MLLT11","10962","56772","Mllt11"
"MLLT3","4300","70122","Mllt3"
"MLLT6","4302","246198","Mllt6"
"MLPH","79083","171531","Mlph"
"MLST8","64223","56716","Mlst8"
"MLX","6945","21428","Mlx"
"MLXIP","22877","208104","Mlxip"
"MLXIPL","51085","58805","Mlxipl"
"MLYCD","23417","56690","Mlycd"
"MMAA","166785","109136","Mmaa"
"MMAB","326625","77697","Mmab"
"MMACHC","25974","67096","Mmachc"
"MMADHC","27249","109129","Mmadhc"
"MMD","23531","67468","Mmd"
"MMD2","221938","75104","Mmd2"
"MME","4311","17380","Mme"
"MMEL1","79258","27390","Mmel1"
"MMGT1","93380","236792","Mmgt1"
"MMP1","4312","83995","Mmp1a"
"MMP1","4312","83996","Mmp1b"
"MMP10","4319","17384","Mmp10"
"MMP11","4320","17385","Mmp11"
"MMP12","4321","17381","Mmp12"
"MMP13","4322","17386","Mmp13"
"MMP14","4323","17387","Mmp14"
"MMP15","4324","17388","Mmp15"
"MMP16","4325","17389","Mmp16"
"MMP17","4326","23948","Mmp17"
"MMP19","4327","58223","Mmp19"
"MMP2","4313","17390","Mmp2"
"MMP20","9313","30800","Mmp20"
"MMP21","118856","214766","Mmp21"
"MMP23B","8510","26561","Mmp23"
"MMP24","10893","17391","Mmp24"
"MMP24OS","101410538","613262","BC029722"
"MMP25","64386","240047","Mmp25"
"MMP27","64066","234911","Mmp27"
"MMP28","79148","118453","Mmp28"
"MMP3","4314","17392","Mmp3"
"MMP7","4316","17393","Mmp7"
"MMP8","4317","17394","Mmp8"
"MMP9","4318","17395","Mmp9"
"MMRN1","22915","70945","Mmrn1"
"MMRN2","79812","105450","Mmrn2"
"MMS19","64210","72199","Mms19"
"MMS22L","253714","212377","Mms22l"
"MMUT","4594","17850","Mmut"
"MN1","4330","433938","Mn1"
"MNAT1","4331","17420","Mnat1"
"MND1","84057","76915","Mnd1"
"MNDA","4332","26388","Ifi202b"
"MNS1","55329","17427","Mns1"
"MNT","4335","17428","Mnt"
"MNX1","3110","15285","Mnx1"
"MOAP1","64112","64113","Moap1"
"MOB1A","55233","232157","Mob1a"
"MOB1B","92597","68473","Mob1b"
"MOB2","81532","101513","Mob2"
"MOB3A","126308","208228","Mob3a"
"MOB3B","79817","214944","Mob3b"
"MOB3C","148932","100465","Mob3c"
"MOBP","4336","17433","Mobp"
"MOCOS","55034","68591","Mocos"
"MOCS1","4337","56738","Mocs1"
"MOCS2","4338","17434","Mocs2"
"MOCS3","27304","69372","Mocs3"
"MOG","4340","17441","Mog"
"MOGAT1","116255","68393","Mogat1"
"MOGAT2","80168","233549","Mogat2"
"MOGS","7841","57377","Mogs"
"MOK","5891","26448","Mok"
"MON1A","84315","72825","Mon1a"
"MON1B","22879","270096","Mon1b"
"MON2","23041","67074","Mon2"
"MORC1","27136","17450","Morc1"
"MORC2","22880","74522","Morc2a"
"MORC2","22880","240069","Morc2b"
"MORC3","23515","338467","Morc3"
"MORC4","79710","75746","Morc4"
"MORF4L2","9643","56397","Morf4l2"
"MORN1","79906","76866","Morn1"
"MORN2","729967","378462","Morn2"
"MORN3","283385","74890","Morn3"
"MORN4","118812","226123","Morn4"
"MORN5","254956","75495","Morn5"
"MOS","4342","17451","Mos"
"MOSMO","730094","233812","Mosmo"
"MOSPD1","56180","70380","Mospd1"
"MOSPD2","158747","76763","Mospd2"
"MOSPD3","64598","68929","Mospd3"
"MOV10","4343","17454","Mov10"
"MOV10L1","54456","83456","Mov10l1"
"MOXD1","26002","59012","Moxd1"
"MPC1","51660","55951","Mpc1"
"MPC2","25874","70456","Mpc2"
"MPDU1","9526","24070","Mpdu1"
"MPDZ","8777","17475","Mpdz"
"MPEG1","219972","17476","Mpeg1"
"MPEG1","219972","56093","Pfpl"
"MPG","4350","268395","Mpg"
"MPHOSPH10","10199","67973","Mphosph10"
"MPHOSPH6","10200","68533","Mphosph6"
"MPHOSPH8","54737","75339","Mphosph8"
"MPHOSPH9","10198","269702","Mphosph9"
"MPI","4351","110119","Mpi"
"MPIG6B","80739","106722","Mpig6b"
"MPL","4352","17480","Mpl"
"MPLKIP","136647","66308","Mplkip"
"MPLKIP","136647","633057","Gm7102"
"MPND","84954","68047","Mpnd"
"MPO","4353","17523","Mpo"
"MPP1","4354","17524","Mpp1"
"MPP2","4355","50997","Mpp2"
"MPP3","4356","13384","Mpp3"
"MPP4","58538","227157","Mpp4"
"MPP7","143098","75739","Mpp7"
"MPPE1","65258","225651","Mppe1"
"MPPED1","758","223726","Mpped1"
"MPPED2","744","77015","Mpped2"
"MPRIP","23164","26936","Mprip"
"MPST","4357","246221","Mpst"
"MPV17","4358","17527","Mpv17"
"MPV17L","255027","93734","Mpv17l"
"MPV17L2","84769","234384","Mpv17l2"
"MPZ","4359","17528","Mpz"
"MPZL1","9019","68481","Mpzl1"
"MPZL2","10205","14012","Mpzl2"
"MPZL3","196264","319742","Mpzl3"
"MR1","3140","15064","Mr1"
"MRAP","56246","77037","Mrap"
"MRAP2","112609","244958","Mrap2"
"MRAS","22808","17532","Mras"
"MRC1","4360","17533","Mrc1"
"MRC2","9902","17534","Mrc2"
"MRE11","4361","17535","Mre11a"
"MREG","55686","381269","Mreg"
"MRGBP","55257","73247","Mrgbp"
"MRGPRD","116512","211578","Mrgprd"
"MRGPRE","116534","244238","Mrgpre"
"MRGPRF","116535","211577","Mrgprf"
"MRGPRG","386746","381974","Mrgprg"
"MRI1","84245","67873","Mri1"
"MRLN","100507027","69563","Mrln"
"MRM1","79922","217038","Mrm1"
"MRM2","29960","68017","Mrm2"
"MRM3","55178","67390","Mrm3"
"MRNIP","51149","68067","Mrnip"
"MRO","83876","71263","Mro"
"MROH1","727957","223658","Mroh1"
"MROH2A","339766","100040766","Mroh2a"
"MROH2B","133558","223825","Mroh2b"
"MROH6","642475","223645","Mroh6"
"MROH7","374977","381538","Mroh7"
"MROH8","140699","629499","Mroh8"
"MROH9","80133","78258","Mroh9"
"MRPL1","65008","94061","Mrpl1"
"MRPL10","124995","107732","Mrpl10"
"MRPL11","65003","66419","Mrpl11"
"MRPL12","6182","56282","Mrpl12"
"MRPL13","28998","68537","Mrpl13"
"MRPL14","64928","68463","Mrpl14"
"MRPL15","29088","27395","Mrpl15"
"MRPL16","54948","94063","Mrpl16"
"MRPL17","63875","27397","Mrpl17"
"MRPL18","29074","67681","Mrpl18"
"MRPL19","9801","56284","Mrpl19"
"MRPL2","51069","27398","Mrpl2"
"MRPL20","55052","66448","Mrpl20"
"MRPL21","219927","353242","Mrpl21"
"MRPL22","29093","216767","Mrpl22"
"MRPL24","79590","67707","Mrpl24"
"MRPL27","51264","94064","Mrpl27"
"MRPL28","10573","68611","Mrpl28"
"MRPL3","11222","94062","Mrpl3"
"MRPL30","51263","107734","Mrpl30"
"MRPL32","64983","75398","Mrpl32"
"MRPL33","9553","66845","Mrpl33"
"MRPL34","64981","94065","Mrpl34"
"MRPL35","51318","66223","Mrpl35"
"MRPL36","64979","94066","Mrpl36"
"MRPL37","51253","56280","Mrpl37"
"MRPL38","64978","60441","Mrpl38"
"MRPL39","54148","27393","Mrpl39"
"MRPL4","51073","66163","Mrpl4"
"MRPL40","64976","18100","Mrpl40"
"MRPL41","64975","107733","Mrpl41"
"MRPL42","28977","67270","Mrpl42"
"MRPL43","84545","94067","Mrpl43"
"MRPL44","65080","69163","Mrpl44"
"MRPL45","84311","67036","Mrpl45"
"MRPL46","26589","67308","Mrpl46"
"MRPL47","57129","74600","Mrpl47"
"MRPL48","51642","52443","Mrpl48"
"MRPL49","740","18120","Mrpl49"
"MRPL50","54534","28028","Mrpl50"
"MRPL51","51258","66493","Mrpl51"
"MRPL52","122704","68836","Mrpl52"
"MRPL53","116540","68499","Mrpl53"
"MRPL54","116541","66047","Mrpl54"
"MRPL55","128308","67212","Mrpl55"
"MRPL57","78988","67840","Mrpl57"
"MRPL58","3396","68572","Mrpl58"
"MRPL9","65005","78523","Mrpl9"
"MRPS10","55173","64657","Mrps10"
"MRPS11","64963","67994","Mrps11"
"MRPS12","6183","24030","Mrps12"
"MRPS14","63931","64659","Mrps14"
"MRPS15","64960","66407","Mrps15"
"MRPS16","51021","66242","Mrps16"
"MRPS17","51373","66258","Mrps17"
"MRPS18A","55168","68565","Mrps18a"
"MRPS18B","28973","66973","Mrps18b"
"MRPS18C","51023","68735","Mrps18c"
"MRPS2","51116","118451","Mrps2"
"MRPS21","54460","66292","Mrps21"
"MRPS22","56945","64655","Mrps22"
"MRPS23","51649","64656","Mrps23"
"MRPS24","64951","64660","Mrps24"
"MRPS25","64432","64658","Mrps25"
"MRPS26","64949","99045","Mrps26"
"MRPS27","23107","218506","Mrps27"
"MRPS28","28957","66230","Mrps28"
"MRPS30","10884","59054","Mrps30"
"MRPS31","10240","57312","Mrps31"
"MRPS33","51650","14548","Mrps33"
"MRPS34","65993","79044","Mrps34"
"MRPS35","60488","232536","Mrps35"
"MRPS36","92259","66128","Mrps36"
"MRPS5","64969","77721","Mrps5"
"MRPS6","64968","121022","Mrps6"
"MRPS7","51081","50529","Mrps7"
"MRPS9","64965","69527","Mrps9"
"MRRF","92399","67871","Mrrf"
"MRS2","57380","380836","Mrs2"
"MRTFA","57591","223701","Mrtfa"
"MRTFB","57496","239719","Mrtfb"
"MRTO4","51154","69902","Mrto4"
"MRTO4","51154","434693","Mrto4-ps2"
"MRTO4","51154","668455","Mrto4-ps1"
"MS4A1","931","12482","Ms4a1"
"MS4A10","341116","69826","Ms4a10"
"MS4A12","54860","381213","Ms4a12"
"MS4A13","503497","73466","Ms4a13"
"MS4A14","84689","383435","Ms4a14"
"MS4A15","219995","545279","Ms4a15"
"MS4A18","728588","76002","Ms4a18"
"MS4A2","2206","14126","Ms4a2"
"MS4A3","932","170813","Ms4a3"
"MS4A4E","643680","60361","Ms4a4b"
"MS4A4E","643680","66607","Ms4a4d"
"MS4A4E","643680","64380","Ms4a4c"
"MS4A5","64232","269063","Ms4a5"
"MS4A7","58475","109225","Ms4a7"
"MS4A8","83661","64381","Ms4a8a"
"MSANTD1","345222","403174","Msantd1"
"MSANTD2","79684","235184","Msantd2"
"MSANTD3","91283","66665","Msantd3"
"MSANTD4","84437","78100","Msantd4"
"MSANTD5","102724657","622699","Msantd5"
"MSC","9242","17681","Msc"
"MSGN1","343930","56184","Msgn1"
"MSH2","4436","17685","Msh2"
"MSH3","4437","17686","Msh3"
"MSH4","4438","55993","Msh4"
"MSH5","4439","17687","Msh5"
"MSH6","2956","17688","Msh6"
"MSI1","4440","17690","Msi1"
"MSI2","124540","76626","Msi2"
"MSL1","339287","74026","Msl1"
"MSL2","55167","77853","Msl2"
"MSL3","10943","17692","Msl3"
"MSL3","10943","73390","Msl3l2"
"MSLN","10232","56047","Msln"
"MSMB","4477","17695","Msmb"
"MSMO1","6307","66234","Msmo1"
"MSMP","692094","100039672","Msmp"
"MSN","4478","17698","Msn"
"MSR1","4481","20288","Msr1"
"MSRA","4482","110265","Msra"
"MSRB1","51734","27361","Msrb1"
"MSRB2","22921","76467","Msrb2"
"MSRB3","253827","320183","Msrb3"
"MSS51","118490","74843","Mss51"
"MST1","4485","15235","Mst1"
"MST1R","4486","19882","Mst1r"
"MSTN","2660","17700","Mstn"
"MSTO1","55154","229524","Msto1"
"MSX1","4487","17701","Msx1"
"MSX2","4488","17702","Msx2"
"MT-ATP6","4508","17705","mt-Atp6"
"MT-ATP8","4509","17706","mt-Atp8"
"MT-CO1","4512","17708","mt-Co1"
"MT-CO2","4513","17709","mt-Co2"
"MT-CO3","4514","17710","mt-Co3"
"MT-CYB","4519","17711","mt-Cytb"
"MT-ND1","4535","17716","mt-Nd1"
"MT-ND2","4536","17717","mt-Nd2"
"MT-ND3","4537","17718","mt-Nd3"
"MT-ND4","4538","17719","mt-Nd4"
"MT-ND4L","4539","17720","mt-Nd4l"
"MT-ND5","4540","17721","mt-Nd5"
"MT-ND6","4541","17722","mt-Nd6"
"MT1G","4495","17748","Mt1"
"MT4","84560","17752","Mt4"
"MTA1","9112","116870","Mta1"
"MTA2","9219","23942","Mta2"
"MTA3","57504","116871","Mta3"
"MTAP","4507","66902","Mtap"
"MTARC1","64757","66112","Mtarc1"
"MTARC2","54996","67247","Mtarc2"
"MTBP","27085","105837","Mtbp"
"MTCH1","23787","56462","Mtch1"
"MTCH2","23788","56428","Mtch2"
"MTCL1","23255","68617","Mtcl1"
"MTCP1","4515","17763","Mtcp1"
"MTDH","92140","67154","Mtdh"
"MTERF1","7978","208595","Mterf1b"
"MTERF1","7978","545725","Mterf1a"
"MTERF2","80298","74238","Mterf2"
"MTERF3","51001","66410","Mterf3"
"MTERF4","130916","69821","Mterf4"
"MTF1","4520","17764","Mtf1"
"MTF2","22823","17765","Mtf2"
"MTFMT","123263","69606","Mtfmt"
"MTFP1","51537","67900","Mtfp1"
"MTFR1","9650","67472","Mtfr1"
"MTFR1L","56181","76824","Mtfr1l"
"MTFR2","113115","71804","Mtfr2"
"MTG1","92170","212508","Mtg1"
"MTG2","26164","52856","Mtg2"
"MTHFD1","4522","108156","Mthfd1"
"MTHFD1L","25902","270685","Mthfd1l"
"MTHFD2","10797","17768","Mthfd2"
"MTHFD2L","441024","665563","Mthfd2l"
"MTHFR","4524","17769","Mthfr"
"MTHFSD","64779","234814","Mthfsd"
"MTIF2","4528","76784","Mtif2"
"MTIF3","219402","76366","Mtif3"
"MTLN","205251","67885","Mtln"
"MTM1","4534","17772","Mtm1"
"MTMR1","8776","53332","Mtmr1"
"MTMR10","54893","233315","Mtmr10"
"MTMR11","10903","194126","Mtmr11"
"MTMR12","54545","268783","Mtmr12"
"MTMR14","64419","97287","Mtmr14"
"MTMR2","8898","77116","Mtmr2"
"MTMR3","8897","74302","Mtmr3"
"MTMR4","9110","170749","Mtmr4"
"MTMR6","9107","219135","Mtmr6"
"MTMR7","9108","54384","Mtmr7"
"MTMR9","66036","210376","Mtmr9"
"MTNR1A","4543","17773","Mtnr1a"
"MTNR1B","4544","244701","Mtnr1b"
"MTO1","25821","68291","Mto1"
"MTOR","2475","56717","Mtor"
"MTPAP","55149","67440","Mtpap"
"MTR","4548","238505","Mtr"
"MTRES1","51250","67851","Mtres1"
"MTREX","23517","72198","Mtrex"
"MTRF1","9617","211253","Mtrf1"
"MTRF1L","54516","108853","Mtrf1l"
"MTRFR","91574","72650","Mtrfr"
"MTRR","4552","210009","Mtrr"
"MTSS1","9788","211401","Mtss1"
"MTSS2","92154","244654","Mtss2"
"MTTP","4547","17777","Mttp"
"MTURN","222166","68235","Mturn"
"MTUS1","57509","102103","Mtus1"
"MTUS2","23281","77521","Mtus2"
"MTX1","4580","17827","Mtx1"
"MTX2","10651","53375","Mtx2"
"MTX3","345778","382793","Mtx3"
"MUC1","4582","17829","Muc1"
"MUC13","56667","17063","Muc13"
"MUC15","143662","269328","Muc15"
"MUC16","94025","73732","Muc16"
"MUC17","140453","666339","Muc3"
"MUC2","4583","17831","Muc2"
"MUC20","200958","224116","Muc20"
"MUC21","394263","672682","Muc21"
"MUC3A","4584","619309","Muc3a"
"MUC4","4585","140474","Muc4"
"MUC5AC","4586","17833","Muc5ac"
"MUC5B","727897","74180","Muc5b"
"MUC6","4588","353328","Muc6"
"MUCL3","135656","268949","Mucl3"
"MUL1","79594","68350","Mul1"
"MUS81","80198","71711","Mus81"
"MUSK","4593","18198","Musk"
"MUSTN1","389125","66175","Mustn1"
"MUTYH","4595","70603","Mutyh"
"MVB12A","93343","73711","Mvb12a"
"MVB12B","89853","72543","Mvb12b"
"MVD","4597","192156","Mvd"
"MVK","4598","17855","Mvk"
"MVP","9961","78388","Mvp"
"MX1","4599","17858","Mx2"
"MXD1","4084","17119","Mxd1"
"MXD3","83463","17121","Mxd3"
"MXD4","10608","17122","Mxd4"
"MXI1","4601","17859","Mxi1"
"MXRA8","54587","74761","Mxra8"
"MYADM","91663","50918","Myadm"
"MYADML2","255275","68515","Myadml2"
"MYB","4602","17863","Myb"
"MYBBP1A","10514","18432","Mybbp1a"
"MYBL1","4603","17864","Mybl1"
"MYBL2","4605","17865","Mybl2"
"MYBPC1","4604","109272","Mybpc1"
"MYBPC2","4606","233199","Mybpc2"
"MYBPC3","4607","17868","Mybpc3"
"MYBPH","4608","53311","Mybph"
"MYBPHL","343263","68753","Mybphl"
"MYC","4609","17869","Myc"
"MYCBP","26292","56309","Mycbp"
"MYCBP2","23077","105689","Mycbp2"
"MYCBPAP","84073","104601","Mycbpap"
"MYCL","4610","16918","Mycl"
"MYCN","4613","18109","Mycn"
"MYCN","4613","17870","Mycs"
"MYCT1","80177","68632","Myct1"
"MYD88","4615","17874","Myd88"
"MYDGF","56005","28106","Mydgf"
"MYEF2","50804","17876","Myef2"
"MYF5","4617","17877","Myf5"
"MYF6","4618","17878","Myf6"
"MYG1","60314","60315","Myg1"
"MYH1","4619","17879","Myh1"
"MYH10","4628","77579","Myh10"
"MYH11","4629","17880","Myh11"
"MYH13","8735","544791","Myh13"
"MYH14","79784","71960","Myh14"
"MYH15","22989","667772","Myh15"
"MYH2","4620","17882","Myh2"
"MYH3","4621","17883","Myh3"
"MYH4","4622","17884","Myh4"
"MYH6","4624","17888","Myh6"
"MYH7","4625","140781","Myh7"
"MYH7B","57644","668940","Myh7b"
"MYH8","4626","17885","Myh8"
"MYH9","4627","17886","Myh9"
"MYL1","4632","17901","Myl1"
"MYL10","93408","59310","Myl10"
"MYL12A","10627","67938","Myl12b"
"MYL12B","103910","67268","Myl12a"
"MYL2","4633","17906","Myl2"
"MYL3","4634","17897","Myl3"
"MYL4","4635","17896","Myl4"
"MYL6","4637","17904","Myl6"
"MYL6B","140465","216459","Myl6b"
"MYL7","58498","17898","Myl7"
"MYL9","10398","98932","Myl9"
"MYLIP","29116","218203","Mylip"
"MYLK","4638","107589","Mylk"
"MYLK2","85366","228785","Mylk2"
"MYLK3","91807","213435","Mylk3"
"MYLK4","340156","238564","Mylk4"
"MYLPF","29895","17907","Mylpf"
"MYMK","389827","66139","Mymk"
"MYMX","101929726","653016","Mymx"
"MYNN","55892","80732","Mynn"
"MYO10","4651","17909","Myo10"
"MYO15A","51168","17910","Myo15"
"MYO15B","80022","217328","Myo15b"
"MYO16","23026","244281","Myo16"
"MYO18A","399687","360013","Myo18a"
"MYO18B","84700","74376","Myo18b"
"MYO19","80179","66196","Myo19"
"MYO1A","4640","432516","Myo1a"
"MYO1B","4430","17912","Myo1b"
"MYO1C","4641","17913","Myo1c"
"MYO1D","4642","338367","Myo1d"
"MYO1E","4643","71602","Myo1e"
"MYO1F","4542","17916","Myo1f"
"MYO1G","64005","246177","Myo1g"
"MYO1H","283446","231646","Myo1h"
"MYO3A","53904","667663","Myo3a"
"MYO3B","140469","329421","Myo3b"
"MYO5A","4644","17918","Myo5a"
"MYO5B","4645","17919","Myo5b"
"MYO5C","55930","208943","Myo5c"
"MYO6","4646","17920","Myo6"
"MYO7A","4647","17921","Myo7a"
"MYO7B","4648","17922","Myo7b"
"MYO9A","4649","270163","Myo9a"
"MYO9B","4650","17925","Myo9b"
"MYOC","4653","17926","Myoc"
"MYOCD","93649","214384","Myocd"
"MYOD1","4654","17927","Myod1"
"MYOF","26509","226101","Myof"
"MYOG","4656","17928","Myog"
"MYOM1","8736","17929","Myom1"
"MYOM2","9172","17930","Myom2"
"MYOM3","127294","242702","Myom3"
"MYORG","57462","329828","Myorg"
"MYOT","9499","58916","Myot"
"MYOZ1","58529","59011","Myoz1"
"MYOZ2","51778","59006","Myoz2"
"MYOZ3","91977","170947","Myoz3"
"MYPN","84665","68802","Mypn"
"MYPOP","339344","232934","Mypop"
"MYRF","745","225908","Myrf"
"MYRFL","196446","237558","Myrfl"
"MYRIP","25924","245049","Myrip"
"MYSM1","114803","320713","Mysm1"
"MYT1","4661","17932","Myt1"
"MYT1L","23040","17933","Myt1l"
"MZB1","51237","69816","Mzb1"
"MZF1","7593","109889","Mzf1"
"MZT1","440145","76789","Mzt1"
"N4BP1","9683","80750","N4bp1"
"N4BP2","55728","333789","N4bp2"
"N4BP2L1","90634","100637","N4bp2l1"
"N4BP2L2","10443","381695","N4bp2l2"
"N4BP3","23138","212706","N4bp3"
"N6AMT1","29104","67768","N6amt1"
"NAA10","8260","56292","Naa10"
"NAA11","84779","97243","Naa11"
"NAA15","80155","74838","Naa15"
"NAA16","79612","66897","Naa16"
"NAA20","51126","67877","Naa20"
"NAA25","80018","231713","Naa25"
"NAA30","122830","70646","Naa30"
"NAA35","60560","78689","Naa35"
"NAA38","84316","78304","Naa38"
"NAA40","79829","70999","Naa40"
"NAA50","80218","72117","Naa50"
"NAA60","79903","74763","Naa60"
"NAA80","24142","56441","Naa80"
"NAAA","27163","67111","Naaa"
"NAALAD2","10003","72560","Naalad2"
"NAALADL1","10004","381204","Naaladl1"
"NAALADL2","254827","635702","Naaladl2"
"NAB1","4664","17936","Nab1"
"NAB2","4665","17937","Nab2"
"NABP1","64859","109019","Nabp1"
"NABP2","79035","69917","Nabp2"
"NACA","4666","17938","Naca"
"NACAD","23148","192950","Nacad"
"NACC1","112939","66830","Nacc1"
"NACC2","138151","67991","Nacc2"
"NADK","65220","192185","Nadk"
"NADK2","133686","68646","Nadk2"
"NADSYN1","55191","78914","Nadsyn1"
"NAE1","8883","234664","Nae1"
"NAF1","92345","234344","Naf1"
"NAGA","4668","17939","Naga"
"NAGK","55577","56174","Nagk"
"NAGLU","4669","27419","Naglu"
"NAGPA","51172","27426","Nagpa"
"NAGS","162417","217214","Nags"
"NAIF1","203245","71254","Naif1"
"NAIP","4671","17948","Naip2"
"NALCN","259232","338370","Nalcn"
"NAMPT","10135","59027","Nampt"
"NANOS1","340719","332397","Nanos1"
"NANOS2","339345","378430","Nanos2"
"NANOS3","342977","244551","Nanos3"
"NANP","140838","67311","Nanp"
"NANS","54187","94181","Nans"
"NAP1L1","4673","53605","Nap1l1"
"NAP1L2","4674","17954","Nap1l2"
"NAP1L3","4675","54561","Nap1l3"
"NAP1L4","4676","17955","Nap1l4"
"NAP1L5","266812","58243","Nap1l5"
"NAPA","8775","108124","Napa"
"NAPB","63908","17957","Napb"
"NAPEPLD","222236","242864","Napepld"
"NAPG","8774","108123","Napg"
"NAPRT","93100","223646","Naprt"
"NAPSA","9476","16541","Napsa"
"NARF","26502","67608","Narf"
"NARS1","4677","70223","Nars"
"NARS2","79731","244141","Nars2"
"NASP","4678","50927","Nasp"
"NAT1","9","17960","Nat1"
"NAT10","55226","98956","Nat10"
"NAT14","57106","269854","Nat14"
"NAT2","10","17961","Nat2"
"NAT8B","51471","66116","Nat8f1"
"NAT8B","51471","93673","Nat8f2"
"NAT8B","51471","69049","Nat8f5"
"NAT8B","51471","93674","Nat8f3"
"NAT8B","51471","100504710","Nat8f6"
"NAT8B","51471","75541","Nat8f4"
"NAT8B","51471","100043497","Nat8f7"
"NAT8L","339983","269642","Nat8l"
"NAT9","26151","66176","Nat9"
"NATD1","256302","24083","Natd1"
"NAV1","89796","215690","Nav1"
"NAV2","89797","78286","Nav2"
"NAV3","89795","260315","Nav3"
"NAXD","55739","69225","Naxd"
"NAXE","128240","246703","Naxe"
"NBAS","51594","71169","Nbas"
"NBDY","550643","70123","Nbdy"
"NBEA","26960","26422","Nbea"
"NBEAL1","65065","269198","Nbeal1"
"NBEAL2","23218","235627","Nbeal2"
"NBN","4683","27354","Nbn"
"NBR1","4077","17966","Nbr1"
"NCALD","83988","52589","Ncald"
"NCAM1","4684","17967","Ncam1"
"NCAM2","4685","17968","Ncam2"
"NCAN","1463","13004","Ncan"
"NCAPD2","9918","68298","Ncapd2"
"NCAPD3","23310","78658","Ncapd3"
"NCAPG","64151","54392","Ncapg"
"NCAPG2","54892","76044","Ncapg2"
"NCAPH","23397","215387","Ncaph"
"NCAPH2","29781","52683","Ncaph2"
"NCBP1","4686","433702","Ncbp1"
"NCBP2AS2","152217","106264","0610012G03Rik"
"NCBP3","55421","66874","Ncbp3"
"NCCRP1","342897","233038","Nccrp1"
"NCDN","23154","26562","Ncdn"
"NCEH1","57552","320024","Nceh1"
"NCF1","653361","17969","Ncf1"
"NCF2","4688","17970","Ncf2"
"NCF4","4689","17972","Ncf4"
"NCK1","4690","17973","Nck1"
"NCK2","8440","17974","Nck2"
"NCKAP1","10787","50884","Nckap1"
"NCKAP1L","3071","105855","Nckap1l"
"NCKAP5","344148","210356","Nckap5"
"NCKAP5L","57701","380969","Nckap5l"
"NCKIPSD","51517","80987","Nckipsd"
"NCL","4691","17975","Ncl"
"NCLN","56926","103425","Ncln"
"NCMAP","400746","230822","Ncmap"
"NCOA1","8648","17977","Ncoa1"
"NCOA2","10499","17978","Ncoa2"
"NCOA3","8202","17979","Ncoa3"
"NCOA4","8031","27057","Ncoa4"
"NCOA5","57727","228869","Ncoa5"
"NCOA6","23054","56406","Ncoa6"
"NCOA7","135112","211329","Ncoa7"
"NCOR1","9611","20185","Ncor1"
"NCOR2","9612","20602","Ncor2"
"NCR1","9437","17086","Ncr1"
"NCS1","23413","14299","Ncs1"
"NCSTN","23385","59287","Ncstn"
"ND1","4535","17716","ND1"
"ND2","4536","17717","ND2"
"ND3","4537","17718","ND3"
"ND4","4538","17719","ND4"
"ND4L","4539","17720","ND4L"
"ND5","4540","17721","ND5"
"ND6","4541","17722","ND6"
"NDC1","55706","72787","Ndc1"
"NDC80","10403","67052","Ndc80"
"NDE1","54820","67203","Nde1"
"NDEL1","81565","83431","Ndel1"
"NDFIP1","80762","65113","Ndfip1"
"NDFIP2","54602","76273","Ndfip2"
"NDN","4692","17984","Ndn"
"NDNF","79625","68169","Ndnf"
"NDOR1","27158","78797","Ndor1"
"NDP","4693","17986","Ndp"
"NDRG1","10397","17988","Ndrg1"
"NDRG2","57447","29811","Ndrg2"
"NDRG3","57446","29812","Ndrg3"
"NDRG4","65009","234593","Ndrg4"
"NDST1","3340","15531","Ndst1"
"NDST2","8509","17423","Ndst2"
"NDST3","9348","83398","Ndst3"
"NDST4","64579","64580","Ndst4"
"NDUFA1","4694","54405","Ndufa1"
"NDUFA10","4705","67273","Ndufa10"
"NDUFA11","126328","69875","Ndufa11"
"NDUFA11","126328","239760","Ndufa11b"
"NDUFA12","55967","66414","Ndufa12"
"NDUFA13","51079","67184","Ndufa13"
"NDUFA2","4695","17991","Ndufa2"
"NDUFA3","4696","66091","Ndufa3"
"NDUFA4","4697","17992","Ndufa4"
"NDUFA4L2","56901","407790","Ndufa4l2"
"NDUFA5","4698","68202","Ndufa5"
"NDUFA6","4700","67130","Ndufa6"
"NDUFA7","4701","66416","Ndufa7"
"NDUFA8","4702","68375","Ndufa8"
"NDUFA9","4704","66108","Ndufa9"
"NDUFAB1","4706","70316","Ndufab1"
"NDUFAB1","4706","102634451","Ndufab1-ps"
"NDUFAF1","51103","69702","Ndufaf1"
"NDUFAF2","91942","75597","Ndufaf2"
"NDUFAF3","25915","66706","Ndufaf3"
"NDUFAF4","29078","68493","Ndufaf4"
"NDUFAF5","79133","69487","Ndufaf5"
"NDUFAF6","137682","76947","Ndufaf6"
"NDUFAF7","55471","73694","Ndufaf7"
"NDUFAF8","284184","208501","Ndufaf8"
"NDUFB1","4707","102631912","Ndufb1"
"NDUFB10","4716","68342","Ndufb10"
"NDUFB11","54539","104130","Ndufb11"
"NDUFB11","54539","66346","Ndufb11b"
"NDUFB2","4708","68198","Ndufb2"
"NDUFB3","4709","66495","Ndufb3"
"NDUFB4","4710","100041273","Ndufb4c"
"NDUFB4","4710","100042503","Ndufb4b"
"NDUFB5","4711","66046","Ndufb5"
"NDUFB6","4712","230075","Ndufb6"
"NDUFB7","4713","66916","Ndufb7"
"NDUFB8","4714","67264","Ndufb8"
"NDUFB9","4715","66218","Ndufb9"
"NDUFC1","4717","66377","Ndufc1"
"NDUFS1","4719","227197","Ndufs1"
"NDUFS2","4720","226646","Ndufs2"
"NDUFS3","4722","68349","Ndufs3"
"NDUFS4","4724","17993","Ndufs4"
"NDUFS5","4725","595136","Ndufs5"
"NDUFS6","4726","407785","Ndufs6"
"NDUFS6","4726","623286","Ndufs6b"
"NDUFS7","374291","75406","Ndufs7"
"NDUFS8","4728","225887","Ndufs8"
"NDUFV1","4723","17995","Ndufv1"
"NDUFV2","4729","72900","Ndufv2"
"NDUFV3","4731","78330","Ndufv3"
"NEB","4703","17996","Neb"
"NEBL","10529","74103","Nebl"
"NECAB1","64168","69352","Necab1"
"NECAB2","54550","117148","Necab2"
"NECAB3","63941","56846","Necab3"
"NECAP1","25977","67602","Necap1"
"NECAP2","55707","66147","Necap2"
"NECTIN1","5818","58235","Nectin1"
"NECTIN2","5819","19294","Nectin2"
"NECTIN3","25945","58998","Nectin3"
"NECTIN4","81607","71740","Nectin4"
"NEDD1","121441","17997","Nedd1"
"NEDD4","4734","17999","Nedd4"
"NEDD4L","23327","83814","Nedd4l"
"NEDD8","4738","18002","Nedd8"
"NEDD9","4739","18003","Nedd9"
"NEFH","4744","380684","Nefh"
"NEFL","4747","18039","Nefl"
"NEGR1","257194","320840","Negr1"
"NEIL1","79661","72774","Neil1"
"NEIL2","252969","382913","Neil2"
"NEIL3","55247","234258","Neil3"
"NEK1","4750","18004","Nek1"
"NEK10","152110","674895","Nek10"
"NEK11","79858","208583","Nek11"
"NEK2","4751","18005","Nek2"
"NEK3","4752","23954","Nek3"
"NEK4","6787","23955","Nek4"
"NEK5","341676","330721","Nek5"
"NEK6","10783","59126","Nek6"
"NEK7","140609","59125","Nek7"
"NEK8","284086","140859","Nek8"
"NEK9","91754","217718","Nek9"
"NELFA","7469","24116","Nelfa"
"NELFB","25920","58202","Nelfb"
"NELFCD","51497","57314","Nelfcd"
"NELFE","7936","27632","Nelfe"
"NELL1","4745","338352","Nell1"
"NELL2","4753","54003","Nell2"
"NEMF","9147","66244","Nemf"
"NEMP2","100131211","227094","Nemp2"
"NENF","29937","66208","Nenf"
"NEO1","4756","18007","Neo1"
"NEPRO","25871","212547","Nepro"
"NES","10763","18008","Nes"
"NET1","10276","56349","Net1"
"NETO1","81832","246317","Neto1"
"NETO2","81831","74513","Neto2"
"NEU1","4758","18010","Neu1"
"NEU2","4759","23956","Neu2"
"NEU3","10825","50877","Neu3"
"NEU4","129807","241159","Neu4"
"NEURL1","9148","18011","Neurl1a"
"NEURL1B","54492","240055","Neurl1b"
"NEURL2","140825","415115","Neurl2"
"NEURL3","93082","214854","Neurl3"
"NEURL4","84461","216860","Neurl4"
"NEUROD1","4760","18012","Neurod1"
"NEUROD2","4761","18013","Neurod2"
"NEUROD4","58158","11923","Neurod4"
"NEUROD6","63974","11922","Neurod6"
"NEUROG1","4762","18014","Neurog1"
"NEUROG2","63973","11924","Neurog2"
"NEUROG3","50674","11925","Neurog3"
"NEXMIF","340533","245555","Nexmif"
"NEXN","91624","68810","Nexn"
"NF1","4763","18015","Nf1"
"NF2","4771","18016","Nf2"
"NFAM1","150372","74039","Nfam1"
"NFASC","23114","269116","Nfasc"
"NFAT5","10725","54446","Nfat5"
"NFATC1","4772","18018","Nfatc1"
"NFATC2","4773","18019","Nfatc2"
"NFATC2IP","84901","18020","Nfatc2ip"
"NFATC3","4775","18021","Nfatc3"
"NFATC4","4776","73181","Nfatc4"
"NFE2","4778","18022","Nfe2"
"NFE2L1","4779","18023","Nfe2l1"
"NFE2L2","4780","18024","Nfe2l2"
"NFE2L3","9603","18025","Nfe2l3"
"NFIA","4774","18027","Nfia"
"NFIB","4781","18028","Nfib"
"NFIC","4782","18029","Nfic"
"NFIL3","4783","18030","Nfil3"
"NFIX","4784","18032","Nfix"
"NFKB1","4790","18033","Nfkb1"
"NFKB2","4791","18034","Nfkb2"
"NFKBIA","4792","18035","Nfkbia"
"NFKBIB","4793","18036","Nfkbib"
"NFKBID","84807","243910","Nfkbid"
"NFKBIE","4794","18037","Nfkbie"
"NFKBIL1","4795","18038","Nfkbil1"
"NFKBIZ","64332","80859","Nfkbiz"
"NFRKB","4798","235134","Nfrkb"
"NFS1","9054","18041","Nfs1"
"NFU1","27247","56748","Nfu1"
"NFX1","4799","74164","Nfx1"
"NFXL1","152518","100978","Nfxl1"
"NFYA","4800","18044","Nfya"
"NFYB","4801","18045","Nfyb"
"NFYC","4802","18046","Nfyc"
"NGB","58157","64242","Ngb"
"NGDN","25983","68966","Ngdn"
"NGEF","25791","53972","Ngef"
"NGF","4803","18049","Ngf"
"NGFR","4804","18053","Ngfr"
"NGLY1","55768","59007","Ngly1"
"NGRN","51335","83485","Ngrn"
"NHEJ1","79840","75570","Nhej1"
"NHLH1","4807","18071","Nhlh1"
"NHLH2","4808","18072","Nhlh2"
"NHLRC1","378884","105193","Nhlrc1"
"NHLRC2","374354","66866","Nhlrc2"
"NHLRC3","387921","212114","Nhlrc3"
"NHLRC4","283948","621239","Nhlrc4"
"NHP2","55651","52530","Nhp2"
"NHS","4810","195727","Nhs"
"NHSL1","57224","215819","Nhsl1"
"NIBAN1","116496","63913","Niban1"
"NIBAN2","64855","227737","Niban2"
"NIBAN3","199786","100037278","Niban3"
"NICN1","84276","66257","Nicn1"
"NID1","4811","18073","Nid1"
"NID2","22795","18074","Nid2"
"NIF3L1","60491","65102","Nif3l1"
"NIFK","84365","67949","Nifk"
"NIM1K","167359","245269","Nim1k"
"NIN","51199","18080","Nin"
"NINJ1","4814","18081","Ninj1"
"NINJ2","4815","29862","Ninj2"
"NINL","22981","78177","Ninl"
"NIP7","51388","66164","Nip7"
"NIPA1","123606","233280","Nipa1"
"NIPA2","81614","93790","Nipa2"
"NIPAL1","152519","70701","Nipal1"
"NIPAL2","79815","223473","Nipal2"
"NIPAL3","57185","74552","Nipal3"
"NIPAL4","348938","214112","Nipal4"
"NIPBL","25836","71175","Nipbl"
"NIPSNAP1","8508","18082","Nipsnap1"
"NIPSNAP2","2631","14467","Nipsnap2"
"NIPSNAP3A","25934","66536","Nipsnap3b"
"NISCH","11188","64652","Nisch"
"NIT1","4817","27045","Nit1"
"NIT2","56954","52633","Nit2"
"NKAIN1","79570","67149","Nkain1"
"NKAIN2","154215","432450","Nkain2"
"NKAIN3","286183","269513","Nkain3"
"NKAIN4","128414","58237","Nkain4"
"NKAP","79576","67050","Nkap"
"NKAPD1","55216","270156","Nkapd1"
"NKAPL","222698","66707","Nkapl"
"NKD1","85407","93960","Nkd1"
"NKD2","85409","72293","Nkd2"
"NKG7","4818","72310","Nkg7"
"NKIRAS1","28512","69721","Nkiras1"
"NKIRAS2","28511","71966","Nkiras2"
"NKPD1","284353","69547","Nkpd1"
"NKRF","55922","77286","Nkrf"
"NKTR","4820","18087","Nktr"
"NKX1-1","54729","672284","Nkx1-1"
"NKX1-2","390010","20231","Nkx1-2"
"NKX2-1","7080","21869","Nkx2-1"
"NKX2-2","4821","18088","Nkx2-2"
"NKX2-3","159296","18089","Nkx2-3"
"NKX2-4","644524","228731","Nkx2-4"
"NKX2-5","1482","18091","Nkx2-5"
"NKX2-6","137814","18092","Nkx2-6"
"NKX2-8","26257","18094","Nkx2-9"
"NKX3-1","4824","18095","Nkx3-1"
"NKX3-2","579","12020","Nkx3-2"
"NKX6-1","4825","18096","Nkx6-1"
"NKX6-2","84504","14912","Nkx6-2"
"NKX6-3","157848","74561","Nkx6-3"
"NLE1","54475","217011","Nle1"
"NLGN1","22871","192167","Nlgn1"
"NLGN2","57555","216856","Nlgn2"
"NLGN3","54413","245537","Nlgn3"
"NLK","51701","18099","Nlk"
"NLN","57486","75805","Nln"
"NLRC3","197358","268857","Nlrc3"
"NLRC4","58484","268973","Nlrc4"
"NLRC5","84166","434341","Nlrc5"
"NLRP1","22861","637515","Nlrp1b"
"NLRP1","22861","195046","Nlrp1a"
"NLRP10","338322","244202","Nlrp10"
"NLRP12","91662","378425","Nlrp12"
"NLRP14","338323","76858","Nlrp14"
"NLRP2","55655","232827","Nlrp2"
"NLRP3","114548","216799","Nlrp3"
"NLRP4","147945","83564","Nlrp4c"
"NLRP4","147945","446099","Nlrp4e"
"NLRP4","147945","210045","Nlrp4b"
"NLRP4","147945","97895","Nlrp4f"
"NLRP4","147945","243880","Nlrp4a"
"NLRP5","126206","23968","Nlrp5"
"NLRP6","171389","101613","Nlrp6"
"NLRP9","338321","243874","Nlrp9b"
"NLRP9","338321","330490","Nlrp9c"
"NLRP9","338321","233001","Nlrp9a"
"NLRX1","79671","270151","Nlrx1"
"NMB","4828","68039","Nmb"
"NMD3","51068","97112","Nmd3"
"NME1","4830","18102","Nme1"
"NME1-NME2","654364","433968","Gm5566"
"NME2","4831","18103","Nme2"
"NME3","4832","79059","Nme3"
"NME4","4833","56520","Nme4"
"NME5","8382","75533","Nme5"
"NME6","10201","54369","Nme6"
"NME7","29922","171567","Nme7"
"NME8","51314","73412","Nme8"
"NMI","9111","64685","Nmi"
"NMNAT1","64802","66454","Nmnat1"
"NMNAT2","23057","226518","Nmnat2"
"NMNAT3","349565","74080","Nmnat3"
"NMRAL1","57407","67824","Nmral1"
"NMRK1","54981","225994","Nmrk1"
"NMRK2","27231","69564","Nmrk2"
"NMS","129521","433292","Nms"
"NMT1","4836","18107","Nmt1"
"NMT2","9397","18108","Nmt2"
"NMU","10874","56183","Nmu"
"NMUR1","10316","14767","Nmur1"
"NMUR2","56923","216749","Nmur2"
"NNAT","4826","18111","Nnat"
"NNMT","4837","18113","Nnmt"
"NNT","23530","18115","Nnt"
"NOA1","84273","56412","Noa1"
"NOB1","28987","67619","Nob1"
"NOBOX","135935","18291","Nobox"
"NOC2L","26155","57741","Noc2l"
"NOC3L","64318","57753","Noc3l"
"NOC4L","79050","100608","Noc4l"
"NOCT","25819","12457","Noct"
"NOD1","10392","107607","Nod1"
"NOD2","64127","257632","Nod2"
"NODAL","4838","18119","Nodal"
"NOG","9241","18121","Nog"
"NOL10","79954","217431","Nol10"
"NOL11","25926","68979","Nol11"
"NOL12","79159","97961","Nol12"
"NOL3","8996","78688","Nol3"
"NOL4","8715","319211","Nol4"
"NOL4L","140688","329540","Nol4l"
"NOL6","65083","230082","Nol6"
"NOL7","51406","70078","Nol7"
"NOL8","55035","70930","Nol8"
"NOL9","79707","74035","Nol9"
"NOLC1","9221","70769","Nolc1"
"NOM1","64434","433864","Nom1"
"NONO","4841","53610","Nono"
"NOP10","55505","66181","Nop10"
"NOP14","8602","75416","Nop14"
"NOP16","51491","28126","Nop16"
"NOP2","4839","110109","Nop2"
"NOP53","29997","68077","Nop53"
"NOP56","10528","67134","Nop56"
"NOP58","51602","55989","Nop58"
"NOP9","161424","67842","Nop9"
"NOPCHAP1","121053","28109","Nopchap1"
"NOS1","4842","18125","Nos1"
"NOS2","4843","18126","Nos2"
"NOS3","4846","18127","Nos3"
"NOSIP","51070","66394","Nosip"
"NOSTRIN","115677","329416","Nostrin"
"NOTCH1","4851","18128","Notch1"
"NOTCH2","4853","18129","Notch2"
"NOTCH3","4854","18131","Notch3"
"NOTCH4","4855","18132","Notch4"
"NOTO","344022","384452","Noto"
"NOTUM","147111","77583","Notum"
"NOVA1","4857","664883","Nova1"
"NOVA2","4858","384569","Nova2"
"NOX1","27035","237038","Nox1"
"NOX3","50508","224480","Nox3"
"NOX4","50507","50490","Nox4"
"NOXA1","10811","241275","Noxa1"
"NOXO1","124056","71893","Noxo1"
"NOXRED1","122945","71275","Noxred1"
"NPAS1","4861","18142","Npas1"
"NPAS2","4862","18143","Npas2"
"NPAS3","64067","27386","Npas3"
"NPAS4","266743","225872","Npas4"
"NPAT","4863","244879","Npat"
"NPB","256933","208990","Npb"
"NPBWR1","2831","226304","Npbwr1"
"NPC1","4864","18145","Npc1"
"NPC1L1","29881","237636","Npc1l1"
"NPC2","10577","67963","Npc2"
"NPDC1","56654","18146","Npdc1"
"NPEPL1","79716","228961","Npepl1"
"NPEPPS","9520","19155","Npepps"
"NPFF","8620","54615","Npff"
"NPFFR1","64106","237362","Npffr1"
"NPFFR2","10886","104443","Npffr2"
"NPHP1","4867","53885","Nphp1"
"NPHP3","27031","74025","Nphp3"
"NPHP4","261734","260305","Nphp4"
"NPHS1","4868","54631","Nphs1"
"NPHS2","7827","170484","Nphs2"
"NPL","80896","74091","Npl"
"NPLOC4","55666","217365","Nploc4"
"NPM1","4869","18148","Npm1"
"NPM2","10361","328440","Npm2"
"NPM3","10360","18150","Npm3"
"NPNT","255743","114249","Npnt"
"NPPA","4878","230899","Nppa"
"NPPB","4879","18158","Nppb"
"NPPC","4880","18159","Nppc"
"NPR1","4881","18160","Npr1"
"NPR2","4882","230103","Npr2"
"NPR3","4883","18162","Npr3"
"NPRL2","10641","56032","Nprl2"
"NPRL3","8131","17168","Nprl3"
"NPS","594857","100043254","Nps"
"NPSR1","387129","319239","Npsr1"
"NPTN","27020","20320","Nptn"
"NPTX1","4884","18164","Nptx1"
"NPTX2","4885","53324","Nptx2"
"NPTXR","23467","73340","Nptxr"
"NPVF","64111","60531","Npvf"
"NPW","283869","381073","Npw"
"NPY","4852","109648","Npy"
"NPY1R","4886","18166","Npy1r"
"NPY2R","4887","18167","Npy2r"
"NPY5R","4889","18168","Npy5r"
"NQO1","1728","18104","Nqo1"
"NQO2","4835","18105","Nqo2"
"NR0B1","190","11614","Nr0b1"
"NR0B2","8431","23957","Nr0b2"
"NR1D1","9572","217166","Nr1d1"
"NR1D2","9975","353187","Nr1d2"
"NR1H2","7376","22260","Nr1h2"
"NR1H3","10062","22259","Nr1h3"
"NR1H4","9971","20186","Nr1h4"
"NR1I2","8856","18171","Nr1i2"
"NR1I3","9970","12355","Nr1i3"
"NR2C1","7181","22025","Nr2c1"
"NR2C2","7182","22026","Nr2c2"
"NR2C2AP","126382","75692","Nr2c2ap"
"NR2E1","7101","21907","Nr2e1"
"NR2E3","10002","23958","Nr2e3"
"NR2F1","7025","13865","Nr2f1"
"NR2F2","7026","11819","Nr2f2"
"NR2F6","2063","13864","Nr2f6"
"NR3C1","2908","14815","Nr3c1"
"NR3C2","4306","110784","Nr3c2"
"NR4A1","3164","15370","Nr4a1"
"NR4A2","4929","18227","Nr4a2"
"NR4A3","8013","18124","Nr4a3"
"NR5A1","2516","26423","Nr5a1"
"NR5A2","2494","26424","Nr5a2"
"NR6A1","2649","14536","Nr6a1"
"NRAP","4892","18175","Nrap"
"NRARP","441478","67122","Nrarp"
"NRAS","4893","18176","Nras"
"NRBF2","29982","641340","Nrbf2"
"NRBP1","29959","192292","Nrbp1"
"NRBP2","340371","223649","Nrbp2"
"NRCAM","4897","319504","Nrcam"
"NRDC","4898","230598","Nrd1"
"NRDE2","55051","217827","Nrde2"
"NREP","9315","27528","Nrep"
"NRF1","4899","18181","Nrf1"
"NRG1","3084","211323","Nrg1"
"NRG2","9542","100042150","Nrg2"
"NRG3","10718","18183","Nrg3"
"NRG4","145957","83961","Nrg4"
"NRGN","4900","64011","Nrgn"
"NRIP1","8204","268903","Nrip1"
"NRIP2","83714","60345","Nrip2"
"NRIP3","56675","78593","Nrip3"
"NRK","203447","27206","Nrk"
"NRL","4901","18185","Nrl"
"NRM","11270","106582","Nrm"
"NRN1","51299","68404","Nrn1"
"NRN1L","123904","234700","Nrn1l"
"NRP1","8829","18186","Nrp1"
"NRP2","8828","18187","Nrp2"
"NRROS","375387","224109","Nrros"
"NRSN1","140767","22360","Nrsn1"
"NRSN2","80023","228777","Nrsn2"
"NRTN","4902","18188","Nrtn"
"NRXN1","9378","18189","Nrxn1"
"NRXN2","9379","18190","Nrxn2"
"NRXN3","9369","18191","Nrxn3"
"NSA2","10412","59050","Nsa2"
"NSD1","64324","18193","Nsd1"
"NSD2","7468","107823","Nsd2"
"NSD3","54904","234135","Nsd3"
"NSDHL","50814","18194","Nsdhl"
"NSF","4905","18195","Nsf"
"NSFL1C","55968","386649","Nsfl1c"
"NSG1","27065","18196","Nsg1"
"NSG2","51617","18197","Nsg2"
"NSL1","25936","381318","Nsl1"
"NSMAF","8439","18201","Nsmaf"
"NSMCE1","197370","67711","Nsmce1"
"NSMCE2","286053","68501","Nsmce2"
"NSMCE3","56160","66647","Nsmce3"
"NSMCE3","56160","75555","Nscme3l"
"NSMCE4A","54780","67872","Nsmce4a"
"NSMF","26012","56876","Nsmf"
"NSRP1","84081","237859","Nsrp1"
"NSUN2","54888","28114","Nsun2"
"NSUN3","63899","106338","Nsun3"
"NSUN4","387338","72181","Nsun4"
"NSUN5","55695","100609","Nsun5"
"NSUN6","221078","74455","Nsun6"
"NSUN7","79730","70918","Nsun7"
"NT5C","30833","50773","Nt5c"
"NT5C1A","84618","230718","Nt5c1a"
"NT5C2","22978","76952","Nt5c2"
"NT5C3A","51251","107569","Nt5c3"
"NT5C3B","115024","68106","Nt5c3b"
"NT5DC1","221294","319638","Nt5dc1"
"NT5DC2","64943","70021","Nt5dc2"
"NT5DC3","51559","103466","Nt5dc3"
"NT5E","4907","23959","Nt5e"
"NT5M","56953","103850","Nt5m"
"NTAN1","123803","18203","Ntan1"
"NTAQ1","55093","76773","Wdyhv1"
"NTF3","4908","18205","Ntf3"
"NTF4","4909","78405","Ntf5"
"NTHL1","4913","18207","Nthl1"
"NTM","50863","235106","Ntm"
"NTMT1","28989","66617","Ntmt1"
"NTN1","9423","18208","Ntn1"
"NTN3","4917","18209","Ntn3"
"NTN4","59277","57764","Ntn4"
"NTN5","126147","243967","Ntn5"
"NTNG1","22854","80883","Ntng1"
"NTNG2","84628","171171","Ntng2"
"NTPCR","84284","66566","Ntpcr"
"NTRK1","4914","18211","Ntrk1"
"NTRK2","4915","18212","Ntrk2"
"NTS","4922","67405","Nts"
"NTSR1","4923","18216","Ntsr1"
"NTSR2","23620","18217","Ntsr2"
"NUAK1","9891","77976","Nuak1"
"NUAK2","81788","74137","Nuak2"
"NUB1","51667","53312","Nub1"
"NUBP1","4682","26425","Nubp1"
"NUBP2","10101","26426","Nubp2"
"NUBPL","80224","76826","Nubpl"
"NUCB1","4924","18220","Nucb1"
"NUCB2","4925","53322","Nucb2"
"NUCKS1","64710","98415","Nucks1"
"NUDC","10726","18221","Nudc"
"NUDCD1","84955","67429","Nudcd1"
"NUDCD2","134492","52653","Nudcd2"
"NUDCD3","23386","209586","Nudcd3"
"NUDT1","4521","17766","Nudt1"
"NUDT11","55190","58242","Nudt11"
"NUDT11","55190","102954","Nudt10"
"NUDT12","83594","67993","Nudt12"
"NUDT13","25961","67725","Nudt13"
"NUDT14","256281","66174","Nudt14"
"NUDT15","55270","214254","Nudt15"
"NUDT16","131870","75686","Nudt16"
"NUDT16","131870","73532","Nudt16l2"
"NUDT16L1","84309","66911","Nudt16l1"
"NUDT17","200035","78373","Nudt17"
"NUDT18","79873","213484","Nudt18"
"NUDT19","390916","110959","Nudt19"
"NUDT2","318","66401","Nudt2"
"NUDT21","11051","68219","Nudt21"
"NUDT22","84304","68323","Nudt22"
"NUDT3","11165","56409","Nudt3"
"NUDT5","11164","53893","Nudt5"
"NUDT6","11162","229228","Nudt6"
"NUDT7","283927","67528","Nudt7"
"NUDT8","254552","66387","Nudt8"
"NUDT9","53343","74167","Nudt9"
"NUF2","83540","66977","Nuf2"
"NUFIP1","26747","27275","Nufip1"
"NUFIP2","57532","68564","Nufip2"
"NUGGC","389643","100503545","Nuggc"
"NUMA1","4926","101706","Numa1"
"NUMB","8650","18222","Numb"
"NUMBL","9253","18223","Numbl"
"NUP107","57122","103468","Nup107"
"NUP133","55746","234865","Nup133"
"NUP153","9972","218210","Nup153"
"NUP155","9631","170762","Nup155"
"NUP160","23279","59015","Nup160"
"NUP188","23511","227699","Nup188"
"NUP205","23165","70699","Nup205"
"NUP210","23225","54563","Nup210"
"NUP210L","91181","77595","Nup210l"
"NUP214","8021","227720","Nup214"
"NUP35","129401","69482","Nup35"
"NUP37","79023","69736","Nup37"
"NUP42","11097","231042","Nupl2"
"NUP43","348995","69912","Nup43"
"NUP50","10762","18141","Nup50"
"NUP54","53371","269113","Nup54"
"NUP58","9818","71844","Nupl1"
"NUP58","9818","71844","Gm49336"
"NUP62","23636","18226","Nup62"
"NUP62CL","54830","279706","Nup62cl"
"NUP85","79902","445007","Nup85"
"NUP88","4927","19069","Nup88"
"NUP93","9688","71805","Nup93"
"NUP98","4928","269966","Nup98"
"NUPR1","26471","56312","Nupr1"
"NUPR2","389493","69034","Nupr1l"
"NUS1","116150","52014","Nus1"
"NUSAP1","51203","108907","Nusap1"
"NUTF2","10204","68051","Nutf2"
"NUTF2","10204","621832","Nutf2-ps2"
"NUTM1","256646","213765","Nutm1"
"NVL","4931","67459","Nvl"
"NWD1","284434","319555","Nwd1"
"NWD2","57495","319807","Nwd2"
"NXF1","10482","53319","Nxf1"
"NXF2B","728343","170722","Nxf7"
"NXF3","56000","245610","Nxf3"
"NXN","64359","18230","Nxn"
"NXNL1","115861","234404","Nxnl1"
"NXNL2","158046","75124","Nxnl2"
"NXPE2","120406","78252","Nxpe2"
"NXPE3","91775","385658","Nxpe3"
"NXPE4","54827","244853","Nxpe4"
"NXPH1","30010","18231","Nxph1"
"NXPH2","11249","18232","Nxph2"
"NXPH3","11248","104079","Nxph3"
"NXPH4","11247","104080","Nxph4"
"NXT1","29107","56488","Nxt1"
"NXT2","55916","237082","Nxt2"
"NYAP1","222950","243300","Nyap1"
"NYAP2","57624","241134","Nyap2"
"NYNRIN","57523","277154","Nynrin"
"NYX","60506","236690","Nyx"
"OAF","220323","102644","Oaf"
"OARD1","221443","106821","Oard1"
"OAS1","4938","23960","Oas1g"
"OAS1","4938","246730","Oas1a"
"OAS1","4938","100535","Oas1d"
"OAS1","4938","246729","Oas1h"
"OAS1","4938","114643","Oas1c"
"OAS1","4938","243262","Oas1f"
"OAS1","4938","231699","Oas1e"
"OAS2","4939","246728","Oas2"
"OAS3","4940","246727","Oas3"
"OASL","8638","231655","Oasl1"
"OAT","4942","18242","Oat"
"OAZ1","4946","18245","Oaz1"
"OAZ2","4947","18247","Oaz2"
"OAZ3","51686","53814","Oaz3"
"OBI1","79596","72486","Obi1"
"OBP2A","29991","227627","Obp2a"
"OBP2B","29989","383678","Obp2b"
"OBSCN","84033","380698","Obscn"
"OBSL1","23363","98733","Obsl1"
"OC90","729330","18256","Oc90"
"OCA2","4948","18431","Oca2"
"OCEL1","79629","77090","Ocel1"
"OCIAD1","54940","68095","Ociad1"
"OCIAD2","132299","433904","Ociad2"
"OCLN","100506658","18260","Ocln"
"OCRL","4952","320634","Ocrl"
"OCSTAMP","128506","74614","Ocstamp"
"ODAD1","93233","211535","Odad1"
"ODAD2","55130","74934","Odad2"
"ODAD3","115948","77609","Odad3"
"ODAD4","83538","74407","Odad4"
"ODAM","54959","69592","Odam"
"ODAPH","152816","381651","Odaph"
"ODC1","4953","18263","Odc1"
"ODF1","4956","18285","Odf1"
"ODF2","4957","18286","Odf2"
"ODF2L","57489","52184","Odf2l"
"ODF3","113746","69287","Odf3"
"ODF3B","440836","70113","Odf3b"
"ODF3L1","161753","382075","Odf3l1"
"ODF3L2","284451","382384","Odf3l2"
"ODF4","146852","252868","Odf4"
"ODR4","54953","226499","Odr4"
"OFCC1","266553","218165","Ofcc1"
"OFD1","8481","237222","Ofd1"
"OGA","10724","76055","Oga"
"OGDH","4967","18293","Ogdh"
"OGDHL","55753","239017","Ogdhl"
"OGFOD1","55239","270086","Ogfod1"
"OGFOD2","79676","66627","Ogfod2"
"OGFOD3","79701","66179","Ogfod3"
"OGFR","11054","72075","Ogfr"
"OGFRL1","79627","70155","Ogfrl1"
"OGG1","4968","18294","Ogg1"
"OGN","4969","18295","Ogn"
"OGT","8473","108155","Ogt"
"OIP5","11339","70645","Oip5"
"OIT3","170392","18302","Oit3"
"OLA1","29789","67059","Ola1"
"OLAH","55301","99035","Olah"
"OLFM1","10439","56177","Olfm1"
"OLFM2","93145","244723","Olfm2"
"OLFM3","118427","229759","Olfm3"
"OLFM4","10562","380924","Olfm4"
"OLFML1","283298","244198","Olfml1"
"OLFML2A","169611","241327","Olfml2a"
"OLFML2B","25903","320078","Olfml2b"
"OLFML3","56944","99543","Olfml3"
"OLIG1","116448","50914","Olig1"
"OLIG2","10215","50913","Olig2"
"OLIG3","167826","94222","Olig3"
"OLR1","4973","108078","Olr1"
"OMA1","115209","67013","Oma1"
"OMD","4958","27047","Omd"
"OMP","4975","18378","Omp"
"ONECUT1","3175","15379","Onecut1"
"ONECUT2","9480","225631","Onecut2"
"ONECUT3","390874","246086","Onecut3"
"OOEP","441161","67968","Ooep"
"OOSP2","219990","225922","Oosp2"
"OPA1","4976","74143","Opa1"
"OPA3","80207","403187","Opa3"
"OPALIN","93377","226115","Opalin"
"OPCML","4978","330908","Opcml"
"OPHN1","4983","94190","Ophn1"
"OPLAH","26873","75475","Oplah"
"OPN1SW","611","12057","Opn1sw"
"OPN3","23596","13603","Opn3"
"OPN4","94233","30044","Opn4"
"OPN5","221391","353344","Opn5"
"OPRD1","4985","18386","Oprd1"
"OPRK1","4986","18387","Oprk1"
"OPRL1","4987","18389","Oprl1"
"OPRM1","4988","18390","Oprm1"
"OPTC","26254","269120","Optc"
"OPTN","10133","71648","Optn"
"OR10A4","283297","18314","Olfr17"
"OR10AD1","121275","545140","Olfr288"
"OR10AD1","121275","634104","Olfr287"
"OR10AD1","121275","629524","Olfr286"
"OR10AG1","282770","258347","Olfr1123"
"OR10AG1","282770","257875","Olfr1116"
"OR10AG1","282770","404328","Olfr1118"
"OR10AG1","282770","259033","Olfr1122"
"OR10C1","442194","258506","Olfr95"
"OR10D3","26497","258327","Olfr958"
"OR10G2","26534","258268","Olfr1511"
"OR10G2","26534","258423","Olfr1510"
"OR10G3","26533","258424","Olfr1512"
"OR10G3","26533","258008","Olfr1513"
"OR10G6","79490","258283","Olfr981"
"OR10J1","26476","258645","Olfr418"
"OR10J3","441911","258880","Olfr218"
"OR10J3","441911","258881","Olfr1404"
"OR10J5","127385","18313","Olfr16"
"OR10P1","121130","258933","Olfr796"
"OR10Q1","219960","258992","Olfr1494"
"OR10Q1","219960","258341","Olfr1495"
"OR10Q1","219960","258342","Olfr1491"
"OR10S1","219873","258853","Olfr982"
"OR10V1","390201","258405","Olfr1420"
"OR10W1","81341","258098","Olfr1490"
"OR10X1","128367","258238","Olfr417"
"OR10X1","128367","258709","Olfr248"
"OR10Z1","128368","258710","Olfr419"
"OR11A1","26531","258507","Olfr96"
"OR11G2","390439","257884","Olfr744"
"OR11G2","390439","258662","Olfr738"
"OR11H4","390442","56858","Olfr749"
"OR11H4","390442","258264","Olfr747"
"OR11H6","122748","258296","Olfr745"
"OR11L1","391189","258373","Olfr323"
"OR12D2","26529","258218","Olfr102"
"OR12D2","26529","258831","Olfr101"
"OR12D3","81797","258832","Olfr109"
"OR13A1","79290","258914","Olfr211"
"OR13C3","138803","258821","Olfr273"
"OR13C8","138802","258836","Olfr272"
"OR13D1","286365","258600","Olfr270"
"OR13G1","441933","258196","Olfr309"
"OR13H1","347468","258393","Olfr1325"
"OR13J1","392309","56015","Olfr71"
"OR14A2","388761","258089","Olfr304"
"OR14A2","388761","258610","Olfr307"
"OR14A2","388761","257904","Olfr294"
"OR14A2","388761","257905","Olfr298"
"OR14A2","388761","258609","Olfr305"
"OR14C36","127066","257958","Olfr301"
"OR14C36","127066","258222","Olfr310"
"OR14C36","127066","258613","Olfr292"
"OR14C36","127066","258850","Olfr295"
"OR14C36","127066","257906","Olfr293"
"OR14C36","127066","258611","Olfr297"
"OR14C36","127066","257929","Olfr299"
"OR14J1","442191","258287","Olfr125"
"OR1B1","347169","259053","Olfr362"
"OR1D2","4991","258153","Olfr412"
"OR1E2","8388","258925","Olfr20"
"OR1F1","4992","258859","Olfr161"
"OR1I1","126370","257883","Olfr1357"
"OR1J1","347168","18328","Olfr3"
"OR1J2","26740","258946","Olfr348"
"OR1J4","26219","258620","Olfr350"
"OR1L6","392390","258656","Olfr365"
"OR1L8","138881","258618","Olfr355"
"OR1M1","125963","18322","Olfr24"
"OR1N1","138883","258944","Olfr351"
"OR1N1","138883","258943","Olfr353"
"OR1N2","138882","258941","Olfr354"
"OR1Q1","158131","258616","Olfr357"
"OR2A12","346525","258292","Olfr446"
"OR2A14","135941","258648","Olfr237"
"OR2A14","135941","258649","Olfr441"
"OR2A14","135941","258650","Olfr444"
"OR2A2","442361","258293","Olfr437"
"OR2A25","392138","258990","Olfr447"
"OR2A5","393046","258270","Olfr448"
"OR2AG1","144125","259034","Olfr705"
"OR2AG1","144125","258180","Olfr699"
"OR2AG1","144125","258595","Olfr698"
"OR2AG1","144125","258592","Olfr697"
"OR2AG1","144125","258444","Olfr694"
"OR2AG1","144125","258593","Olfr700"
"OR2AG1","144125","258589","Olfr703"
"OR2AG1","144125","258445","Olfr693"
"OR2AG1","144125","257902","Olfr704"
"OR2AG1","144125","258591","Olfr695"
"OR2AG2","338755","66786","Olfr701"
"OR2AJ1","127608","258960","Olfr171"
"OR2AJ1","127608","258158","Olfr169"
"OR2AJ1","127608","258959","Olfr170"
"OR2AK2","391191","216783","Olfr320"
"OR2AK2","391191","258064","Olfr316"
"OR2AK2","391191","258494","Olfr318"
"OR2AK2","391191","258493","Olfr319"
"OR2AP1","121129","258315","Olfr767"
"OR2AP1","121129","544748","Olfr765"
"OR2AT4","341152","259066","Olfr520"
"OR2B11","127623","257962","Olfr222"
"OR2B2","81697","258067","Olfr1359"
"OR2B2","81697","258536","Olfr1360"
"OR2B6","26212","218066","Olfr11"
"OR2C1","4993","18312","Olfr15"
"OR2D2","120776","258776","Olfr715"
"OR2D2","120776","384732","Olfr715b"
"OR2D3","120775","258597","Olfr716"
"OR2H1","26716","258470","Olfr91"
"OR2H2","7932","258469","Olfr90"
"OR2K2","26248","258922","Olfr267"
"OR2L13","284521","259071","Olfr166"
"OR2L13","284521","258354","Olfr168"
"OR2M3","127062","258443","Olfr164"
"OR2M5","127059","258458","Olfr165"
"OR2S2","56656","29845","Olfr155"
"OR2T1","26696","18330","Olfr31"
"OR2T6","254879","258387","Olfr720"
"OR2V1","26693","18356","Olfr56"
"OR2V2","285659","258334","Olfr1396"
"OR2W1","26692","18341","Olfr263"
"OR2W3","343171","404346","Olfr322"
"OR2W3","343171","257931","Olfr317"
"OR2Y1","134083","257888","Olfr1386"
"OR2Y1","134083","258027","Olfr1385"
"OR2Y1","134083","257971","Olfr1382"
"OR2Y1","134083","276865","Olfr1371"
"OR2Y1","134083","259069","Olfr1389"
"OR2Y1","134083","258464","Olfr1384"
"OR2Y1","134083","259068","Olfr1390"
"OR2Y1","134083","258460","Olfr1391"
"OR2Y1","134083","258461","Olfr1381"
"OR2Y1","134083","258459","Olfr1388"
"OR2Y1","134083","404336","Olfr1380"
"OR2Y1","134083","258465","Olfr1387"
"OR2Y1","134083","211472","Olfr1373"
"OR2Y1","134083","258462","Olfr1392"
"OR2Y1","134083","258463","Olfr1393"
"OR2Y1","134083","18307","Olfr10"
"OR2Z1","284383","258532","Olfr373"
"OR2Z1","284383","404315","Olfr372"
"OR3A1","4994","258703","Olfr402"
"OR3A1","4994","258701","Olfr401"
"OR3A3","8392","258704","Olfr411"
"OR4A15","81328","258975","Olfr1234"
"OR4A16","81327","258804","Olfr1240"
"OR4A16","81327","258784","Olfr1245"
"OR4A16","81327","404331","Olfr1252"
"OR4A16","81327","258968","Olfr1247"
"OR4A16","81327","258970","Olfr1242"
"OR4A16","81327","258447","Olfr1241"
"OR4A16","81327","258787","Olfr1248"
"OR4A16","81327","258971","Olfr1243"
"OR4A16","81327","258967","Olfr1250"
"OR4A16","81327","258468","Olfr1254"
"OR4A47","403253","258985","Olfr1256"
"OR4A5","81318","258786","Olfr1238"
"OR4A5","81318","258788","Olfr1246"
"OR4A5","81318","259145","Olfr1251"
"OR4A5","81318","258370","Olfr1253"
"OR4B1","119765","18331","Olfr32"
"OR4B1","119765","406186","Olfr142"
"OR4B1","119765","258789","Olfr1271"
"OR4B1","119765","258987","Olfr1270"
"OR4B1","119765","258982","Olfr1272"
"OR4C11","219429","258896","Olfr1206"
"OR4C11","219429","258897","Olfr1201"
"OR4C11","219429","258898","Olfr1205"
"OR4C12","283093","258979","Olfr1255"
"OR4C12","283093","258338","Olfr1259"
"OR4C15","81309","258025","Olfr1211"
"OR4C15","81309","258899","Olfr1214"
"OR4C15","81309","258901","Olfr1219"
"OR4C15","81309","258969","Olfr1226"
"OR4C15","81309","258903","Olfr1217"
"OR4C15","81309","258902","Olfr1220"
"OR4C15","81309","258815","Olfr1218"
"OR4C15","81309","258241","Olfr1212"
"OR4C15","81309","258895","Olfr1216"
"OR4C15","81309","258894","Olfr1223"
"OR4C15","81309","258893","Olfr1225"
"OR4C15","81309","258900","Olfr1213"
"OR4C15","81309","258451","Olfr1215"
"OR4C15","81309","257921","Olfr1229"
"OR4C15","81309","258320","Olfr1232"
"OR4C15","81309","258904","Olfr1221"
"OR4C15","81309","258973","Olfr1228"
"OR4C15","81309","258177","Olfr1222"
"OR4C16","219428","258453","Olfr1209"
"OR4C16","219428","258450","Olfr1199"
"OR4C16","219428","258748","Olfr1195"
"OR4C3","256144","57272","Olfr140"
"OR4C3","256144","258206","Olfr1264"
"OR4C45","403257","258790","Olfr1263"
"OR4C45","403257","258466","Olfr1261"
"OR4C45","403257","258976","Olfr1262"
"OR4C5","79346","258983","Olfr1260"
"OR4C6","219432","258785","Olfr1230"
"OR4C6","219432","258768","Olfr1189"
"OR4D1","26689","258407","Olfr464"
"OR4D10","390197","258676","Olfr1424"
"OR4D10","390197","258805","Olfr1426"
"OR4D11","219986","258675","Olfr1423"
"OR4D2","124538","258406","Olfr462"
"OR4D2","124538","258408","Olfr463"
"OR4D5","219875","258601","Olfr984"
"OR4D6","219983","258673","Olfr1428"
"OR4E1","26687","57270","Olfr1508"
"OR4E1","26687","57269","Olfr1507"
"OR4E2","26686","57271","Olfr1509"
"OR4F15","390649","258439","Olfr1309"
"OR4F6","390648","258441","Olfr1310"
"OR4K1","79544","258039","Olfr728"
"OR4K15","81127","258316","Olfr727"
"OR4K15","81127","258313","Olfr726"
"OR4K15","81127","258314","Olfr725"
"OR4K2","390431","258486","Olfr730"
"OR4K5","79317","258275","Olfr729"
"OR4L1","122742","258485","Olfr724"
"OR4L1","122742","259147","Olfr723"
"OR4N5","390437","258487","Olfr722"
"OR4Q3","441669","257909","Olfr735"
"OR4S2","219431","329460","Olfr1193"
"OR4X2","119764","258340","Olfr1265"
"OR4X2","119764","258339","Olfr1269"
"OR4X2","119764","257665","Olfr1506"
"OR4X2","119764","258330","Olfr1274"
"OR51A7","119687","258248","Olfr576"
"OR51B2","79345","18366","Olfr64"
"OR51B4","79339","18367","Olfr66"
"OR51B6","390058","18365","Olfr65"
"OR51B6","390058","259126","Olfr623"
"OR51D1","390038","258358","Olfr557"
"OR51E1","143503","259097","Olfr558"
"OR51E2","81285","170639","Olfr78"
"OR51F1","256892","258752","Olfr583"
"OR51F1","256892","259091","Olfr585"
"OR51F1","256892","258168","Olfr566"
"OR51F2","119694","259095","Olfr568"
"OR51G1","79324","259119","Olfr578"
"OR51G2","81282","259113","Olfr577"
"OR51I1","390063","258819","Olfr640"
"OR51I2","390064","259075","Olfr641"
"OR51M1","390059","258961","Olfr631"
"OR51Q1","390061","259124","Olfr638"
"OR51Q1","390061","259122","Olfr635"
"OR51S1","119692","259089","Olfr571"
"OR51T1","401665","258357","Olfr574"
"OR51V1","283111","258189","Olfr624"
"OR51V1","283111","258808","Olfr620"
"OR52A5","390054","18370","Olfr69"
"OR52B2","255725","259063","Olfr691"
"OR52B4","143496","259083","Olfr547"
"OR52B6","340980","259049","Olfr618"
"OR52D1","390066","259058","Olfr646"
"OR52E2","119678","258246","Olfr594"
"OR52E2","119678","259054","Olfr589"
"OR52E4","390081","258355","Olfr677"
"OR52E5","390082","258753","Olfr678"
"OR52H1","390067","258746","Olfr648"
"OR52J3","119679","404317","Olfr592"
"OR52K2","119774","259106","Olfr552"
"OR52L1","338751","258160","Olfr685"
"OR52M1","119772","258322","Olfr554"
"OR52N2","390077","259100","Olfr666"
"OR52N2","390077","259061","Olfr668"
"OR52N2","390077","259062","Olfr667"
"OR52N4","390072","259051","Olfr658"
"OR52N4","390072","259052","Olfr659"
"OR52R1","119695","259092","Olfr569"
"OR52R1","119695","259055","Olfr582"
"OR52R1","119695","259056","Olfr584"
"OR52W1","120787","258352","Olfr692"
"OR56A3","390083","259046","Olfr679"
"OR56A3","390083","404318","Olfr681"
"OR56A4","120793","244187","Olfr684"
"OR56B1","387748","258163","Olfr504"
"OR56B1","387748","258309","Olfr657"
"OR56B4","196335","257914","Olfr663"
"OR56B4","196335","259161","Olfr688"
"OR56B4","196335","258745","Olfr689"
"OR5A1","219982","258677","Olfr76"
"OR5AC2","81050","258036","Olfr198"
"OR5AK2","390181","258427","Olfr993"
"OR5AK2","390181","258425","Olfr994"
"OR5AK2","390181","258426","Olfr995"
"OR5AN1","390195","258680","Olfr1434"
"OR5AN1","390195","258682","Olfr1436"
"OR5AN1","390195","258117","Olfr1437"
"OR5AN1","390195","258683","Olfr262"
"OR5AN1","390195","258409","Olfr1431"
"OR5AN1","390195","258681","Olfr235"
"OR5AP2","338675","258573","Olfr1020"
"OR5AR1","219493","259017","Olfr1019"
"OR5AS1","219447","258586","Olfr1111"
"OR5AU1","390445","258420","Olfr221"
"OR5B12","390191","258694","Olfr1445"
"OR5B12","390191","258696","Olfr1448"
"OR5B2","390190","258700","Olfr1451"
"OR5B21","219968","258697","Olfr1444"
"OR5B3","441608","258120","Olfr1463"
"OR5B3","441608","258699","Olfr1446"
"OR5B3","441608","258695","Olfr1453"
"OR5B3","441608","258299","Olfr1461"
"OR5B3","441608","258568","Olfr1457"
"OR5B3","441608","258690","Olfr1469"
"OR5B3","441608","258121","Olfr1465"
"OR5B3","441608","258684","Olfr1459"
"OR5B3","441608","258698","Olfr1447"
"OR5B3","441608","258687","Olfr1454"
"OR5B3","441608","258689","Olfr1466"
"OR5B3","441608","258688","Olfr1462"
"OR5C1","392391","258371","Olfr368"
"OR5D14","219436","258105","Olfr1162"
"OR5D14","219436","258638","Olfr1163"
"OR5D18","219438","117005","Olfr74"
"OR5D18","219438","258845","Olfr1161"
"OR5I1","10798","258640","Olfr152"
"OR5J2","282775","259012","Olfr1052"
"OR5K3","403277","259000","Olfr195"
"OR5K3","403277","259004","Olfr175"
"OR5K4","403278","258178","Olfr180"
"OR5K4","403278","259001","Olfr181"
"OR5K4","403278","258999","Olfr178"
"OR5L2","26338","258814","Olfr1156"
"OR5M11","219487","257936","Olfr1028"
"OR5M11","219487","258154","Olfr1029"
"OR5M3","219482","258572","Olfr1032"
"OR5M3","219482","258571","Olfr1033"
"OR5M8","219484","257916","Olfr1031"
"OR5M9","390162","258216","Olfr1034"
"OR5M9","390162","258245","Olfr1036"
"OR5P2","120065","258734","Olfr502"
"OR5P2","120065","258490","Olfr492"
"OR5P2","120065","258042","Olfr487"
"OR5P2","120065","258727","Olfr488"
"OR5P2","120065","258304","Olfr498"
"OR5P2","120065","258732","Olfr494"
"OR5P2","120065","258738","Olfr507"
"OR5P2","120065","258728","Olfr482"
"OR5P2","120065","258215","Olfr506"
"OR5P2","120065","258418","Olfr469"
"OR5P2","120065","258361","Olfr495"
"OR5P2","120065","258041","Olfr485"
"OR5P2","120065","258417","Olfr470"
"OR5P2","120065","258492","Olfr484"
"OR5P2","120065","258491","Olfr490"
"OR5P2","120065","258307","Olfr493"
"OR5P2","120065","258489","Olfr486"
"OR5P2","120065","258730","Olfr483"
"OR5P2","120065","258733","Olfr497"
"OR5P3","120066","56861","Olfr480"
"OR5P3","120066","258769","Olfr508"
"OR5T2","219464","258585","Olfr1086"
"OR5T2","219464","258584","Olfr1101"
"OR5T2","219464","257913","Olfr141"
"OR5T2","219464","258725","Olfr1095"
"OR5V1","81696","258325","Olfr110"
"OR5V1","81696","545205","Olfr111"
"OR5W2","390148","258631","Olfr1151"
"OR5W2","390148","258833","Olfr1132"
"OR6A2","8590","18317","Olfr2"
"OR6B1","135946","259067","Olfr449"
"OR6C1","390321","258934","Olfr802"
"OR6C1","390321","258542","Olfr786"
"OR6C2","341416","258932","Olfr791"
"OR6C3","254786","258547","Olfr803"
"OR6C3","254786","258544","Olfr788"
"OR6C6","283365","257985","Olfr782"
"OR6C6","283365","258068","Olfr804"
"OR6C65","403282","258666","Olfr822"
"OR6C65","403282","258930","Olfr808"
"OR6C68","403284","258723","Olfr781"
"OR6C68","403284","258929","Olfr799"
"OR6C68","403284","258281","Olfr780"
"OR6C70","390327","258543","Olfr810"
"OR6C70","390327","259165","Olfr814"
"OR6C70","390327","258665","Olfr815"
"OR6C74","254783","258772","Olfr821"
"OR6C75","390323","258935","Olfr790"
"OR6C76","390326","258150","Olfr792"
"OR6C76","390326","258549","Olfr798"
"OR6C76","390326","258252","Olfr813"
"OR6C76","390326","258321","Olfr809"
"OR6F1","343169","258614","Olfr308"
"OR6K2","81448","258302","Olfr420"
"OR6K6","128371","404222","Olfr231"
"OR6N1","128372","258717","Olfr429"
"OR6N2","81442","258713","Olfr430"
"OR6S1","341799","404319","Olfr750"
"OR6X1","390260","258608","Olfr986"
"OR7A5","26659","18357","Olfr57"
"OR7C2","26658","258305","Olfr1356"
"OR7D4","125958","258822","Olfr39"
"OR7D4","125958","258336","Olfr77"
"OR7D4","125958","257898","Olfr867"
"OR7E24","26648","258554","Olfr873"
"OR7E24","26648","258550","Olfr869"
"OR7E24","26648","258551","Olfr866"
"OR7E24","26648","258552","Olfr868"
"OR7E24","26648","258553","Olfr872"
"OR7G1","125962","258515","Olfr854"
"OR7G1","125962","258560","Olfr843"
"OR7G1","125962","258516","Olfr850"
"OR7G1","125962","259070","Olfr829"
"OR7G2","390882","258908","Olfr853"
"OR7G2","390882","258907","Olfr851"
"OR7G2","390882","258249","Olfr845"
"OR7G2","390882","258279","Olfr846"
"OR7G2","390882","258557","Olfr836"
"OR7G2","390882","258518","Olfr847"
"OR7G2","390882","257872","Olfr835"
"OR7G2","390882","258517","Olfr855"
"OR7G2","390882","258598","Olfr828"
"OR7G2","390882","258558","Olfr837"
"OR7G2","390882","258559","Olfr830"
"OR7G3","390883","258074","Olfr834"
"OR7G3","390883","258075","Olfr832"
"OR8A1","390275","80706","Olfr160"
"OR8A1","390275","406176","Olfr151"
"OR8B12","219858","258882","Olfr874"
"OR8B12","219858","258744","Olfr875"
"OR8B12","219858","258883","Olfr876"
"OR8B4","283162","258794","Olfr878"
"OR8B8","26493","258310","Olfr145"
"OR8D1","283159","18324","Olfr26"
"OR8D1","283159","258433","Olfr933"
"OR8D1","283159","258269","Olfr930"
"OR8D2","283160","258811","Olfr926"
"OR8D2","283160","404322","Olfr924"
"OR8D4","338662","258854","Olfr985"
"OR8G1","26494","258086","Olfr967"
"OR8G2P","26492","258606","Olfr229"
"OR8G5","219865","258741","Olfr935"
"OR8G5","219865","100503486","Olfr936"
"OR8G5","219865","258742","Olfr146"
"OR8I2","120586","258763","Olfr1104"
"OR8K1","390157","258575","Olfr1046"
"OR8K3","219473","259021","Olfr1054"
"OR8K3","219473","258843","Olfr1087"
"OR8K3","219473","258401","Olfr1076"
"OR8K3","219473","258386","Olfr1058"
"OR8K3","219473","257933","Olfr1089"
"OR8K3","219473","259014","Olfr1047"
"OR8K3","219473","258844","Olfr1090"
"OR8K3","219473","258402","Olfr1079"
"OR8K3","219473","258403","Olfr1065"
"OR8K3","219473","259022","Olfr1061"
"OR8K3","219473","404473","Olfr1082"
"OR8K3","219473","258404","Olfr1080"
"OR8K3","219473","258235","Olfr1084"
"OR8K3","219473","257880","Olfr1066"
"OR8K3","219473","258400","Olfr228"
"OR8K3","219473","258583","Olfr1085"
"OR8K5","219453","257974","Olfr1053"
"OR8K5","219453","258866","Olfr1008"
"OR8K5","219453","259018","Olfr1049"
"OR8K5","219453","404324","Olfr1051"
"OR8U1","219417","259013","Olfr1044"
"OR8U1","219417","18352","Olfr52"
"OR8U3","219479","259015","Olfr1038-ps"
"OR9A2","135924","258569","Olfr459"
"OR9A4","130075","258381","Olfr460"
"OR9G1","390174","258562","Olfr1014"
"OR9G1","390174","257915","Olfr1016"
"OR9G1","390174","258757","Olfr1013"
"OR9G4","283189","258563","Olfr1006"
"OR9G4","283189","258564","Olfr1015"
"OR9I1","219954","258151","Olfr1505"
"OR9I1","219954","258793","Olfr1502"
"OR9I1","219954","258792","Olfr1499"
"OR9K2","441639","258671","Olfr826"
"OR9K2","441639","258672","Olfr825"
"OR9Q1","219956","258097","Olfr1500"
"OR9Q2","219957","258736","Olfr1497"
"ORAI1","84876","109305","Orai1"
"ORAI2","80228","269717","Orai2"
"ORAI3","93129","269999","Orai3"
"ORC1","4998","18392","Orc1"
"ORC2","4999","18393","Orc2"
"ORC3","23595","50793","Orc3"
"ORC4","5000","26428","Orc4"
"ORC5","5001","26429","Orc5"
"ORC6","23594","56452","Orc6"
"ORM1","5004","18405","Orm1"
"ORM2","5005","18406","Orm2"
"ORMDL1","94101","227102","Ormdl1"
"ORMDL2","29095","66844","Ormdl2"
"ORMDL3","94103","66612","Ormdl3"
"OS9","10956","216440","Os9"
"OSBP","5007","76303","Osbp"
"OSBP2","23762","74309","Osbp2"
"OSBPL10","114884","74486","Osbpl10"
"OSBPL11","114885","106326","Osbpl11"
"OSBPL1A","114876","64291","Osbpl1a"
"OSBPL2","9885","228983","Osbpl2"
"OSBPL3","26031","71720","Osbpl3"
"OSBPL5","114879","79196","Osbpl5"
"OSBPL6","114880","99031","Osbpl6"
"OSBPL7","114881","71240","Osbpl7"
"OSBPL8","114882","237542","Osbpl8"
"OSBPL9","114883","100273","Osbpl9"
"OSCAR","126014","232790","Oscar"
"OSCP1","127700","230751","Oscp1"
"OSER1","51526","66680","Oser1"
"OSGEP","55644","66246","Osgep"
"OSGEPL1","64172","72085","Osgepl1"
"OSGIN1","29948","71839","Osgin1"
"OSGIN2","734","209212","Osgin2"
"OSM","5008","18413","Osm"
"OSMR","9180","18414","Osmr"
"OSR1","130497","23967","Osr1"
"OSR2","116039","107587","Osr2"
"OST4","100128731","67695","Ost4"
"OSTC","58505","66357","Ostc"
"OSTF1","26578","20409","Ostf1"
"OSTM1","28962","14628","Ostm1"
"OSTN","344901","239790","Ostn"
"OTC","5009","18416","Otc"
"OTOA","146183","246190","Otoa"
"OTOF","9381","83762","Otof"
"OTOG","340990","18419","Otog"
"OTOGL","283310","628870","Otogl"
"OTOL1","131149","229389","Otol1"
"OTOP1","133060","21906","Otop1"
"OTOP2","92736","237987","Otop2"
"OTOP3","347741","69602","Otop3"
"OTOR","56914","57329","Otor"
"OTOS","150677","260301","Otos"
"OTP","23440","18420","Otp"
"OTUB1","55611","107260","Otub1"
"OTUB2","78990","68149","Otub2"
"OTUD1","220213","71198","Otud1"
"OTUD3","23252","73162","Otud3"
"OTUD4","54726","73945","Otud4"
"OTUD5","55593","54644","Otud5"
"OTUD6A","139562","408193","Otud6a"
"OTUD6B","51633","72201","Otud6b"
"OTUD7A","161725","170711","Otud7a"
"OTUD7B","56957","229603","Otud7b"
"OTULIN","90268","432940","Otulin"
"OTULINL","54491","223433","Otulinl"
"OTX1","5013","18423","Otx1"
"OTX2","5015","18424","Otx2"
"OVCA2","124641","246257","Ovca2"
"OVCH2","341277","244199","Ovch2"
"OVGP1","5016","12659","Ovgp1"
"OVOL1","5017","18426","Ovol1"
"OVOL2","58495","107586","Ovol2"
"OVOL3","728361","381867","Ovol3"
"OVOS2","144203","232400","A2ml1"
"OXA1L","5018","69089","Oxa1l"
"OXCT1","5019","67041","Oxct1"
"OXCT2","64064","353371","Oxct2b"
"OXCT2","64064","64059","Oxct2a"
"OXGR1","27199","239283","Oxgr1"
"OXLD1","339229","66431","Oxld1"
"OXNAD1","92106","218885","Oxnad1"
"OXR1","55074","170719","Oxr1"
"OXSM","54995","71147","Oxsm"
"OXSR1","9943","108737","Oxsr1"
"OXT","5020","18429","Oxt"
"OXTR","5021","18430","Oxtr"
"P2RX1","5023","18436","P2rx1"
"P2RX2","22953","231602","P2rx2"
"P2RX3","5024","228139","P2rx3"
"P2RX4","5025","18438","P2rx4"
"P2RX5","5026","94045","P2rx5"
"P2RX6","9127","18440","P2rx6"
"P2RX7","5027","18439","P2rx7"
"P2RY1","5028","18441","P2ry1"
"P2RY10","27334","78826","P2ry10"
"P2RY12","64805","70839","P2ry12"
"P2RY13","53829","74191","P2ry13"
"P2RY2","5029","18442","P2ry2"
"P2RY4","5030","57385","P2ry4"
"P2RY6","5031","233571","P2ry6"
"P3H1","64175","56401","P3h1"
"P3H2","55214","210530","P3h2"
"P3H3","10536","14789","P3h3"
"P3H4","10609","66180","P3h4"
"P3R3URF","110117498","67323","P3r3urf"
"P4HA1","5033","18451","P4ha1"
"P4HA2","8974","18452","P4ha2"
"P4HA3","283208","320452","P4ha3"
"P4HB","5034","18453","P4hb"
"P4HTM","54681","74443","P4htm"
"PA2G4","5036","18813","Pa2g4"
"PABIR1","116224","68034","Fam122a"
"PABIR2","159090","78755","Fam122b"
"PABIR3","159091","73866","Fam122c"
"PABPC1L","80336","381404","Pabpc1l"
"PABPC1L2A","340529","668382","Pabpc1l2b"
"PABPC4","8761","230721","Pabpc4"
"PABPC4L","132430","241989","Pabpc4l"
"PABPC5","140886","93728","Pabpc5"
"PABPN1","8106","54196","Pabpn1"
"PABPN1L","390748","382035","Pabpn1l"
"PACC1","55248","66950","Pacc1"
"PACRG","135138","69310","Pacrg"
"PACRGL","133015","66768","Pacrgl"
"PACS1","55690","107975","Pacs1"
"PACS2","23241","217893","Pacs2"
"PACSIN1","29993","23969","Pacsin1"
"PACSIN2","11252","23970","Pacsin2"
"PACSIN3","29763","80708","Pacsin3"
"PADI1","29943","18599","Padi1"
"PADI2","11240","18600","Padi2"
"PADI3","51702","18601","Padi3"
"PADI4","23569","18602","Padi4"
"PADI6","353238","242726","Padi6"
"PAEP","5047","227630","Lcn11"
"PAF1","54623","54624","Paf1"
"PAFAH1B1","5048","18472","Pafah1b1"
"PAFAH1B2","5049","18475","Pafah1b2"
"PAFAH1B3","5050","18476","Pafah1b3"
"PAFAH2","5051","100163","Pafah2"
"PAG1","55824","94212","Pag1"
"PAGR1","79447","67278","Pagr1a"
"PAGR1","79447","67278","Gm42742"
"PAH","5053","18478","Pah"
"PAICS","10606","67054","Paics"
"PAIP1","10605","218693","Paip1"
"PAIP2","51247","67869","Paip2"
"PAIP2B","400961","232164","Paip2b"
"PAK1","5058","18479","Pak1"
"PAK1IP1","55003","68083","Pak1ip1"
"PAK2","5062","224105","Pak2"
"PAK3","5063","18481","Pak3"
"PAK4","10298","70584","Pak4"
"PAK5","57144","241656","Pak5"
"PALB2","79728","233826","Palb2"
"PALD1","27143","27355","Pald1"
"PALLD","23022","72333","Palld"
"PALM","5064","18483","Palm"
"PALM2AKAP2","445815","677884","Pakap"
"PALM3","342979","74337","Palm3"
"PALMD","54873","114301","Palmd"
"PALS1","64398","56217","Pals1"
"PALS1","64398","56217","Mpp5"
"PALS2","51678","56524","Pals2"
"PALS2","51678","56524","Mpp6"
"PAM","5066","18484","Pam"
"PAM16","51025","66449","Pam16"
"PAMR1","25891","210622","Pamr1"
"PAN2","9924","103135","Pan2"
"PAN3","255967","72587","Pan3"
"PANK1","53354","75735","Pank1"
"PANK2","80025","74450","Pank2"
"PANK3","79646","211347","Pank3"
"PANK4","55229","269614","Pank4"
"PANX1","24145","55991","Panx1"
"PANX2","56666","406218","Panx2"
"PANX3","116337","208098","Panx3"
"PAOX","196743","212503","Paox"
"PAPLN","89932","170721","Papln"
"PAPOLA","10914","18789","Papola"
"PAPOLB","56903","56522","Papolb"
"PAPOLG","64895","216578","Papolg"
"PAPPA","5069","18491","Pappa"
"PAPPA2","60676","23850","Pappa2"
"PAPSS1","9061","23971","Papss1"
"PAPSS2","9060","23972","Papss2"
"PAQR3","152559","231474","Paqr3"
"PAQR4","124222","76498","Paqr4"
"PAQR5","54852","74090","Paqr5"
"PAQR6","79957","68957","Paqr6"
"PAQR7","164091","71904","Paqr7"
"PAQR8","85315","74229","Paqr8"
"PAQR9","344838","75552","Paqr9"
"PARD3","56288","93742","Pard3"
"PARD3B","117583","72823","Pard3b"
"PARD6A","50855","56513","Pard6a"
"PARD6B","84612","58220","Pard6b"
"PARD6G","84552","93737","Pard6g"
"PARG","8505","26430","Parg"
"PARK7","11315","57320","Park7"
"PARL","55486","381038","Parl"
"PARM1","25849","231440","Parm1"
"PARN","5073","74108","Parn"
"PARP1","142","11545","Parp1"
"PARP10","84875","671535","Parp10"
"PARP11","57097","101187","Parp11"
"PARP12","64761","243771","Parp12"
"PARP14","54625","547253","Parp14"
"PARP16","54956","214424","Parp16"
"PARP2","10038","11546","Parp2"
"PARP3","10039","235587","Parp3"
"PARP4","143","328417","Parp4"
"PARP6","56965","67287","Parp6"
"PARP8","79668","52552","Parp8"
"PARP9","83666","80285","Parp9"
"PARPBP","55010","75317","Parpbp"
"PARS2","25973","230577","Pars2"
"PARVA","55742","57342","Parva"
"PARVB","29780","170736","Parvb"
"PARVG","64098","64099","Parvg"
"PASK","23178","269224","Pask"
"PATE1","160065","100312987","Pate1"
"PATE2","399967","330921","Pate2"
"PATE3","100169851","100312956","Pate3"
"PATE4","399968","56872","Pate4"
"PATJ","10207","12695","Patj"
"PATL1","219988","225929","Patl1"
"PATL2","197135","67578","Patl2"
"PATZ1","23598","56218","Patz1"
"PAWR","5074","114774","Pawr"
"PAX1","5075","18503","Pax1"
"PAX2","5076","18504","Pax2"
"PAX3","5077","18505","Pax3"
"PAX4","5078","18506","Pax4"
"PAX5","5079","18507","Pax5"
"PAX6","5080","18508","Pax6"
"PAX7","5081","18509","Pax7"
"PAX8","7849","18510","Pax8"
"PAX9","5083","18511","Pax9"
"PAXBP1","94104","67367","Paxbp1"
"PAXIP1","22976","55982","Paxip1"
"PAXX","286257","227622","Paxx"
"PBDC1","51260","67683","Pbdc1"
"PBK","55872","52033","Pbk"
"PBLD","64081","68371","Pbld1"
"PBLD","64081","67307","Pbld2"
"PBRM1","55193","66923","Pbrm1"
"PBX1","5087","18514","Pbx1"
"PBX2","5089","18515","Pbx2"
"PBX3","5090","18516","Pbx3"
"PBX4","80714","80720","Pbx4"
"PBXIP1","57326","229534","Pbxip1"
"PC","5091","18563","Pcx"
"PCARE","388939","225004","Pcare"
"PCBD1","5092","13180","Pcbd1"
"PCBD2","84105","72562","Pcbd2"
"PCBP1","5093","23983","Pcbp1"
"PCBP2","5094","18521","Pcbp2"
"PCBP3","54039","59093","Pcbp3"
"PCBP4","57060","59092","Pcbp4"
"PCCA","5095","110821","Pcca"
"PCCB","5096","66904","Pccb"
"PCDH1","5097","75599","Pcdh1"
"PCDH10","57575","18526","Pcdh10"
"PCDH12","51294","53601","Pcdh12"
"PCDH15","65217","11994","Pcdh15"
"PCDH17","27253","219228","Pcdh17"
"PCDH18","54510","73173","Pcdh18"
"PCDH19","57526","279653","Pcdh19"
"PCDH20","64881","219257","Pcdh20"
"PCDH7","5099","54216","Pcdh7"
"PCDH8","5100","18530","Pcdh8"
"PCDH9","5101","211712","Pcdh9"
"PCDHA1","56147","116731","Pcdha1"
"PCDHA10","56139","192161","Pcdha9"
"PCDHA11","56138","12942","Pcdha11"
"PCDHA12","56137","12943","Pcdha10"
"PCDHA13","56136","192164","Pcdha12"
"PCDHA2","56146","353234","Pcdha2"
"PCDHA3","56145","192163","Pcdha3"
"PCDHA4","56144","12936","Pcdha4"
"PCDHA5","56143","12941","Pcdha5"
"PCDHA9","9752","353235","Pcdha8"
"PCDHAC1","56135","353236","Pcdhac1"
"PCDHAC2","56134","353237","Pcdhac2"
"PCDHB1","29930","93872","Pcdhb1"
"PCDHB11","56125","93892","Pcdhb21"
"PCDHB14","56122","93891","Pcdhb20"
"PCDHB15","56121","93893","Pcdhb22"
"PCDHB16","57717","93888","Pcdhb17"
"PCDHB2","56133","93873","Pcdhb2"
"PCDHB3","56132","93874","Pcdhb3"
"PCDHB4","56131","93876","Pcdhb5"
"PCDHB4","56131","93880","Pcdhb9"
"PCDHB4","56131","93878","Pcdhb7"
"PCDHB5","26167","93881","Pcdhb10"
"PCDHB5","26167","93882","Pcdhb11"
"PCDHB5","26167","93875","Pcdhb4"
"PCDHB5","26167","93879","Pcdhb8"
"PCDHB5","26167","93877","Pcdhb6"
"PCDHB5","26167","93883","Pcdhb12"
"PCDHB6","56130","93884","Pcdhb13"
"PCDHB7","56129","93886","Pcdhb15"
"PCDHGA1","56114","93709","Pcdhga1"
"PCDHGA10","56106","93722","Pcdhga10"
"PCDHGA11","56105","93723","Pcdhga11"
"PCDHGA12","26025","93724","Pcdhga12"
"PCDHGA2","56113","93710","Pcdhga2"
"PCDHGA3","56112","93711","Pcdhga3"
"PCDHGA4","56111","93712","Pcdhga4"
"PCDHGA5","56110","93713","Pcdhga5"
"PCDHGA6","56109","93714","Pcdhga6"
"PCDHGA7","56108","93715","Pcdhga7"
"PCDHGA8","9708","93716","Pcdhga8"
"PCDHGA9","56107","93717","Pcdhga9"
"PCDHGB1","56104","93699","Pcdhgb1"
"PCDHGB2","56103","93700","Pcdhgb2"
"PCDHGB3","56102","93705","Pcdhgb8"
"PCDHGB4","8641","93701","Pcdhgb4"
"PCDHGB5","56101","93702","Pcdhgb5"
"PCDHGB6","56100","93703","Pcdhgb6"
"PCDHGB7","56099","93704","Pcdhgb7"
"PCDHGC3","5098","93706","Pcdhgc3"
"PCDHGC4","56098","93707","Pcdhgc4"
"PCDHGC5","56097","93708","Pcdhgc5"
"PCED1A","64773","319513","Pced1a"
"PCED1B","91523","239647","Pced1b"
"PCF11","51585","74737","Pcf11"
"PCGF1","84759","69837","Pcgf1"
"PCGF2","7703","22658","Pcgf2"
"PCGF3","10336","69587","Pcgf3"
"PCGF5","84333","76073","Pcgf5"
"PCGF6","84108","71041","Pcgf6"
"PCID2","55795","234069","Pcid2"
"PCIF1","63935","228866","Pcif1"
"PCK1","5105","18534","Pck1"
"PCK2","5106","74551","Pck2"
"PCLAF","9768","68026","Pclaf"
"PCLO","27445","26875","Pclo"
"PCM1","5108","18536","Pcm1"
"PCMT1","5110","18537","Pcmt1"
"PCMTD1","115294","319263","Pcmtd1"
"PCMTD2","55251","245867","Pcmtd2"
"PCNA","5111","18538","Pcna"
"PCNP","57092","76302","Pcnp"
"PCNT","5116","18541","Pcnt"
"PCNX1","22990","54604","Pcnx"
"PCNX2","80003","270109","Pcnx2"
"PCNX3","399909","104401","Pcnx3"
"PCNX4","64430","67708","Pcnx4"
"PCOLCE","5118","18542","Pcolce"
"PCOLCE2","26577","76477","Pcolce2"
"PCP2","126006","18545","Pcp2"
"PCP4","5121","18546","Pcp4"
"PCP4L1","654790","66425","Pcp4l1"
"PCSK1","5122","18548","Pcsk1"
"PCSK1N","27344","30052","Pcsk1n"
"PCSK2","5126","18549","Pcsk2"
"PCSK4","54760","18551","Pcsk4"
"PCSK5","5125","18552","Pcsk5"
"PCSK6","5046","18553","Pcsk6"
"PCSK7","9159","18554","Pcsk7"
"PCSK9","255738","100102","Pcsk9"
"PCTP","58488","18559","Pctp"
"PCYOX1","51449","66881","Pcyox1"
"PCYOX1L","78991","240334","Pcyox1l"
"PCYT1A","5130","13026","Pcyt1a"
"PCYT1B","9468","236899","Pcyt1b"
"PCYT2","5833","68671","Pcyt2"
"PDAP1","11333","231887","Pdap1"
"PDC","5132","20028","Pdc"
"PDCD1","5133","18566","Pdcd1"
"PDCD10","11235","56426","Pdcd10"
"PDCD11","22984","18572","Pdcd11"
"PDCD1LG2","80380","58205","Pdcd1lg2"
"PDCD2","5134","18567","Pdcd2"
"PDCD2L","84306","68079","Pdcd2l"
"PDCD4","27250","18569","Pdcd4"
"PDCD5","9141","56330","Pdcd5"
"PDCD5","9141","100042424","Pdcd5-ps"
"PDCD6","10016","18570","Pdcd6"
"PDCD6IP","10015","18571","Pdcd6ip"
"PDCD7","10081","50996","Pdcd7"
"PDCL","5082","67466","Pdcl"
"PDCL2","132954","79455","Pdcl2"
"PDCL3","79031","68833","Pdcl3"
"PDE11A","50940","241489","Pde11a"
"PDE12","201626","211948","Pde12"
"PDE1A","5136","18573","Pde1a"
"PDE1B","5153","18574","Pde1b"
"PDE1C","5137","18575","Pde1c"
"PDE2A","5138","207728","Pde2a"
"PDE2A","5138","207728","Gm45837"
"PDE3A","5139","54611","Pde3a"
"PDE3B","5140","18576","Pde3b"
"PDE4A","5141","18577","Pde4a"
"PDE4B","5142","18578","Pde4b"
"PDE4C","5143","110385","Pde4c"
"PDE4D","5144","238871","Pde4d"
"PDE4DIP","9659","83679","Pde4dip"
"PDE5A","8654","242202","Pde5a"
"PDE6A","5145","225600","Pde6a"
"PDE6B","5158","18587","Pde6b"
"PDE6C","5146","110855","Pde6c"
"PDE6D","5147","18582","Pde6d"
"PDE6G","5148","18588","Pde6g"
"PDE6H","5149","78600","Pde6h"
"PDE7A","5150","18583","Pde7a"
"PDE7B","27115","29863","Pde7b"
"PDE8A","5151","18584","Pde8a"
"PDE8B","8622","218461","Pde8b"
"PDE9A","5152","18585","Pde9a"
"PDF","64146","68023","Pdf"
"PDGFA","5154","18590","Pdgfa"
"PDGFB","5155","18591","Pdgfb"
"PDGFC","56034","54635","Pdgfc"
"PDGFD","80310","71785","Pdgfd"
"PDGFRA","5156","18595","Pdgfra"
"PDGFRB","5159","18596","Pdgfrb"
"PDGFRL","5157","68797","Pdgfrl"
"PDHA1","5160","18597","Pdha1"
"PDHA2","5161","18598","Pdha2"
"PDHB","5162","68263","Pdhb"
"PDHX","8050","27402","Pdhx"
"PDIA2","64714","69191","Pdia2"
"PDIA3","2923","14827","Pdia3"
"PDIA4","9601","12304","Pdia4"
"PDIA5","10954","72599","Pdia5"
"PDIA6","10130","71853","Pdia6"
"PDIK1L","149420","230809","Pdik1l"
"PDILT","204474","71830","Pdilt"
"PDK1","5163","228026","Pdk1"
"PDK2","5164","18604","Pdk2"
"PDK3","5165","236900","Pdk3"
"PDK4","5166","27273","Pdk4"
"PDLIM1","9124","54132","Pdlim1"
"PDLIM2","64236","213019","Pdlim2"
"PDLIM3","27295","53318","Pdlim3"
"PDLIM4","8572","30794","Pdlim4"
"PDLIM5","10611","56376","Pdlim5"
"PDLIM7","9260","67399","Pdlim7"
"PDP1","54704","381511","Pdp1"
"PDP2","57546","382051","Pdp2"
"PDPK1","5170","18607","Pdpk1"
"PDPN","10630","14726","Pdpn"
"PDPR","55066","319518","Pdpr"
"PDRG1","81572","68559","Pdrg1"
"PDS5A","23244","71521","Pds5a"
"PDS5B","23047","100710","Pds5b"
"PDSS1","23590","56075","Pdss1"
"PDSS2","57107","71365","Pdss2"
"PDX1","3651","18609","Pdx1"
"PDXDC1","23042","94184","Pdxdc1"
"PDXK","8566","216134","Pdxk"
"PDXP","57026","57028","Pdxp"
"PDYN","5173","18610","Pdyn"
"PDZD11","51248","72621","Pdzd11"
"PDZD2","23037","68070","Pdzd2"
"PDZD3","79849","170761","Pdzd3"
"PDZD4","57595","245469","Pdzd4"
"PDZD7","79955","100503041","Pdzd7"
"PDZD8","118987","107368","Pdzd8"
"PDZD9","255762","67983","Pdzd9"
"PDZK1","5174","59020","Pdzk1"
"PDZK1IP1","10158","67182","Pdzk1ip1"
"PDZRN3","23024","55983","Pdzrn3"
"PDZRN4","29951","239618","Pdzrn4"
"PEA15","8682","18611","Pea15a"
"PEAK1","79834","244895","Peak1"
"PEAR1","375033","73182","Pear1"
"PEBP1","5037","23980","Pebp1"
"PEBP1","5037","76400","Pbp2"
"PEBP4","157310","73523","Pebp4"
"PECAM1","5175","18613","Pecam1"
"PECR","55825","111175","Pecr"
"PEDS1","387521","407243","Tmem189"
"PEF1","553115","67898","Pef1"
"PEG10","23089","170676","Peg10"
"PEG3","5178","18616","Peg3"
"PELI1","57162","67245","Peli1"
"PELI3","246330","240518","Peli3"
"PELO","53918","105083","Pelo"
"PELP1","27043","75273","Pelp1"
"PEMT","10400","18618","Pemt"
"PENK","5179","18619","Penk"
"PEPD","5184","18624","Pepd"
"PER1","5187","18626","Per1"
"PER2","8864","18627","Per2"
"PER3","8863","18628","Per3"
"PERCC1","105371045","102643076","Percc1"
"PERM1","84808","74183","Perm1"
"PERP","64065","64058","Perp"
"PES1","23481","64934","Pes1"
"PET100","100131801","100503890","Pet100"
"PET117","100303755","100048644","Pet117"
"PEX1","5189","71382","Pex1"
"PEX10","5192","668173","Pex10"
"PEX11A","8800","18631","Pex11a"
"PEX11B","8799","18632","Pex11b"
"PEX11G","92960","69129","Pex11g"
"PEX12","5193","103737","Pex12"
"PEX13","5194","72129","Pex13"
"PEX14","5195","56273","Pex14"
"PEX16","9409","18633","Pex16"
"PEX19","5824","19298","Pex19"
"PEX2","5828","19302","Pex2"
"PEX26","55670","74043","Pex26"
"PEX3","8504","56535","Pex3"
"PEX5","5830","19305","Pex5"
"PEX5L","51555","58869","Pex5l"
"PEX6","5190","224824","Pex6"
"PEX7","5191","18634","Pex7"
"PF4","5196","56744","Pf4"
"PFAS","5198","237823","Pfas"
"PFDN1","5201","67199","Pfdn1"
"PFDN2","5202","18637","Pfdn2"
"PFDN4","5203","109054","Pfdn4"
"PFDN5","5204","56612","Pfdn5"
"PFDN6","10471","14976","Pfdn6"
"PFKFB1","5207","18639","Pfkfb1"
"PFKFB2","5208","18640","Pfkfb2"
"PFKFB3","5209","170768","Pfkfb3"
"PFKFB4","5210","270198","Pfkfb4"
"PFKL","5211","18641","Pfkl"
"PFKM","5213","18642","Pfkm"
"PFKP","5214","56421","Pfkp"
"PFN1","5216","18643","Pfn1"
"PFN2","5217","18645","Pfn2"
"PFN3","345456","75477","Pfn3"
"PFN4","375189","382562","Pfn4"
"PGAM2","5224","56012","Pgam2"
"PGAM5","192111","72542","Pgam5"
"PGAP1","80055","241062","Pgap1"
"PGAP2","27315","233575","Pgap2"
"PGAP3","93210","320655","Pgap3"
"PGAP4","84302","67063","Pgap4"
"PGAP6","58986","60455","Pgap6"
"PGBD1","84547","319207","Pgbd1"
"PGBD5","79605","209966","Pgbd5"
"PGC","5225","109820","Pgc"
"PGD","5226","110208","Pgd"
"PGF","5228","18654","Pgf"
"PGGHG","80162","212974","Pgghg"
"PGGT1B","5229","225467","Pggt1b"
"PGK1","5230","18655","Pgk1"
"PGK2","5232","18663","Pgk2"
"PGLS","25796","66171","Pgls"
"PGLYRP1","8993","21946","Pglyrp1"
"PGLYRP2","114770","57757","Pglyrp2"
"PGLYRP3","114771","242100","Pglyrp3"
"PGLYRP4","57115","384997","Pglyrp4"
"PGM1","5236","72157","Pgm1"
"PGM2","55276","66681","Pgm2"
"PGM2L1","283209","70974","Pgm2l1"
"PGM3","5238","109785","Pgm3"
"PGM5","5239","226041","Pgm5"
"PGP","283871","67078","Pgp"
"PGPEP1","54858","66522","Pgpep1"
"PGPEP1L","145814","78444","Pgpep1l"
"PGR","5241","18667","Pgr"
"PGRMC1","10857","53328","Pgrmc1"
"PGRMC2","10424","70804","Pgrmc2"
"PGS1","9489","74451","Pgs1"
"PHACTR1","221692","218194","Phactr1"
"PHACTR2","9749","215789","Phactr2"
"PHACTR3","116154","74189","Phactr3"
"PHACTR4","65979","100169","Phactr4"
"PHAF1","80262","234678","Phaf1"
"PHAF1","80262","234678","D230025D16Rik"
"PHAX","51808","56698","Phax"
"PHB","5245","18673","Phb"
"PHB2","11331","12034","Phb2"
"PHC1","1911","13619","Phc1"
"PHC2","1912","54383","Phc2"
"PHC3","80012","241915","Phc3"
"PHETA1","144717","231717","Pheta1"
"PHETA2","150368","338368","Pheta2"
"PHEX","5251","18675","Phex"
"PHF1","5252","21652","Phf1"
"PHF10","55274","72057","Phf10"
"PHF11","51131","219131","Phf11a"
"PHF11","51131","219132","Phf11d"
"PHF11","51131","236451","Phf11b"
"PHF11","51131","628705","Phf11c"
"PHF12","57649","268448","Phf12"
"PHF13","148479","230936","Phf13"
"PHF14","9678","75725","Phf14"
"PHF19","26147","74016","Phf19"
"PHF2","5253","18676","Phf2"
"PHF20","51230","228829","Phf20"
"PHF20L1","51105","239510","Phf20l1"
"PHF21A","51317","192285","Phf21a"
"PHF21B","112885","271305","Phf21b"
"PHF23","79142","78246","Phf23"
"PHF24","23349","230085","Phf24"
"PHF3","23469","213109","Phf3"
"PHF5A","84844","68479","Phf5a"
"PHF6","84295","70998","Phf6"
"PHF7","51533","71838","Phf7"
"PHF8","23133","320595","Phf8"
"PHGDH","26227","236539","Phgdh"
"PHIP","55023","83946","Phip"
"PHKA1","5255","18679","Phka1"
"PHKA2","5256","110094","Phka2"
"PHKB","5257","102093","Phkb"
"PHKG1","5260","18682","Phkg1"
"PHKG2","5261","68961","Phkg2"
"PHLDA1","22822","21664","Phlda1"
"PHLDA2","7262","22113","Phlda2"
"PHLDA3","23612","27280","Phlda3"
"PHLDB1","23187","102693","Phldb1"
"PHLDB2","90102","208177","Phldb2"
"PHLDB3","653583","232970","Phldb3"
"PHLPP1","23239","98432","Phlpp1"
"PHLPP2","23035","244650","Phlpp2"
"PHOSPHO1","162466","237928","Phospho1"
"PHOSPHO2","493911","73373","Phospho2"
"PHOX2A","401","11859","Phox2a"
"PHOX2B","8929","18935","Phox2b"
"PHPT1","29085","75454","Phpt1"
"PHRF1","57661","101471","Phrf1"
"PHTF1","10745","18685","Phtf1"
"PHTF2","57157","68770","Phtf2"
"PHYH","5264","16922","Phyh"
"PHYHD1","254295","227696","Phyhd1"
"PHYHIP","9796","105653","Phyhip"
"PHYKPL","85007","72947","Phykpl"
"PI15","51050","94227","Pi15"
"PI16","221476","74116","Pi16"
"PI4K2A","55361","84095","Pi4k2a"
"PI4K2B","55300","67073","Pi4k2b"
"PI4KA","5297","224020","Pi4ka"
"PI4KB","5298","107650","Pi4kb"
"PIANP","196500","319352","Pianp"
"PIAS1","8554","56469","Pias1"
"PIAS2","9063","17344","Pias2"
"PIAS3","10401","229615","Pias3"
"PIAS4","51588","59004","Pias4"
"PIBF1","10464","52023","Pibf1"
"PICALM","8301","233489","Picalm"
"PICK1","9463","18693","Pick1"
"PID1","55022","98496","Pid1"
"PIDD1","55367","57913","Pidd1"
"PIEZO1","9780","234839","Piezo1"
"PIEZO2","63895","667742","Piezo2"
"PIF1","80119","208084","Pif1"
"PIFO","128344","100503311","Pifo"
"PIGA","5277","18700","Piga"
"PIGB","9488","55981","Pigb"
"PIGBOS1","101928527","66364","Pigbos1"
"PIGC","5279","67292","Pigc"
"PIGF","5281","18701","Pigf"
"PIGG","54872","433931","Pigg"
"PIGH","5283","110417","Pigh"
"PIGK","10026","329777","Pigk"
"PIGL","9487","327942","Pigl"
"PIGM","93183","67556","Pigm"
"PIGN","23556","27392","Pign"
"PIGO","84720","56703","Pigo"
"PIGP","51227","56176","Pigp"
"PIGQ","9091","14755","Pigq"
"PIGR","5284","18703","Pigr"
"PIGS","94005","276846","Pigs"
"PIGT","51604","78928","Pigt"
"PIGU","128869","228812","Pigu"
"PIGV","55650","230801","Pigv"
"PIGW","284098","70325","Pigw"
"PIGX","54965","72084","Pigx"
"PIGY","84992","66268","Pigyl"
"PIGZ","80235","239827","Pigz"
"PIH1D1","55011","68845","Pih1d1"
"PIH1D2","120379","72614","Pih1d2"
"PIK3AP1","118788","83490","Pik3ap1"
"PIK3C2A","5286","18704","Pik3c2a"
"PIK3C2B","5287","240752","Pik3c2b"
"PIK3C2G","5288","18705","Pik3c2g"
"PIK3C3","5289","225326","Pik3c3"
"PIK3CA","5290","18706","Pik3ca"
"PIK3CB","5291","74769","Pik3cb"
"PIK3CD","5293","18707","Pik3cd"
"PIK3CG","5294","30955","Pik3cg"
"PIK3IP1","113791","216505","Pik3ip1"
"PIK3R1","5295","18708","Pik3r1"
"PIK3R2","5296","18709","Pik3r2"
"PIK3R4","30849","75669","Pik3r4"
"PIK3R5","23533","320207","Pik3r5"
"PIK3R6","146850","104709","Pik3r6"
"PIKFYVE","200576","18711","Pikfyve"
"PILRA","29992","231805","Pilra"
"PILRB","29990","170741","Pilrb1"
"PILRB","29990","545812","Pilrb2"
"PIM1","5292","18712","Pim1"
"PIM2","11040","18715","Pim2"
"PIM3","415116","223775","Pim3"
"PIMREG","54478","109212","Pimreg"
"PIN1","5300","23988","Pin1"
"PIN1","5300","241593","Pin1rt1"
"PIN4","5303","69713","Pin4"
"PINK1","65018","68943","Pink1"
"PINLYP","390940","641361","Pinlyp"
"PINX1","54984","72400","Pinx1"
"PIP","5304","18716","Pip"
"PIP4K2A","5305","18718","Pip4k2a"
"PIP4K2B","8396","108083","Pip4k2b"
"PIP4K2C","79837","117150","Pip4k2c"
"PIP4P1","90809","219024","Pip4p1"
"PIP4P2","55529","72519","Pip4p2"
"PIP5K1A","8394","18720","Pip5k1a"
"PIP5K1B","8395","18719","Pip5k1b"
"PIP5K1C","23396","18717","Pip5k1c"
"PIP5KL1","138429","227733","Pip5kl1"
"PIPOX","51268","19193","Pipox"
"PIR","8544","69656","Pir"
"PIRT","644139","193003","Pirt"
"PISD","23761","320951","Pisd"
"PITHD1","57095","66193","Pithd1"
"PITPNA","5306","18738","Pitpna"
"PITPNB","23760","56305","Pitpnb"
"PITPNC1","26207","71795","Pitpnc1"
"PITPNM1","9600","18739","Pitpnm1"
"PITPNM2","57605","19679","Pitpnm2"
"PITPNM3","83394","327958","Pitpnm3"
"PITRM1","10531","69617","Pitrm1"
"PITX1","5307","18740","Pitx1"
"PITX2","5308","18741","Pitx2"
"PITX3","5309","18742","Pitx3"
"PIWIL1","9271","57749","Piwil1"
"PIWIL2","55124","57746","Piwil2"
"PIWIL4","143689","330890","Piwil4"
"PJA1","64219","18744","Pja1"
"PJA2","9867","224938","Pja2"
"PJVK","494513","381375","Pjvk"
"PKD1","5310","18763","Pkd1"
"PKD1L1","168507","171395","Pkd1l1"
"PKD1L2","114780","76645","Pkd1l2"
"PKD1L3","342372","244646","Pkd1l3"
"PKD2","5311","18764","Pkd2"
"PKD2L1","9033","329064","Pkd2l1"
"PKD2L2","27039","53871","Pkd2l2"
"PKDCC","91461","106522","Pkdcc"
"PKDREJ","10343","18766","Pkdrej"
"PKHD1","5314","241035","Pkhd1"
"PKHD1L1","93035","192190","Pkhd1l1"
"PKIA","5569","18767","Pkia"
"PKIB","5570","18768","Pkib"
"PKIG","11142","18769","Pkig"
"PKLR","5313","18770","Pklr"
"PKM","5315","18746","Pkm"
"PKMYT1","9088","268930","Pkmyt1"
"PKN1","5585","320795","Pkn1"
"PKN2","5586","109333","Pkn2"
"PKN3","29941","263803","Pkn3"
"PKNOX1","5316","18771","Pknox1"
"PKNOX2","63876","208076","Pknox2"
"PKP1","5317","18772","Pkp1"
"PKP2","5318","67451","Pkp2"
"PKP3","11187","56460","Pkp3"
"PKP4","8502","227937","Pkp4"
"PLA1A","51365","85031","Pla1a"
"PLA2G10","8399","26565","Pla2g10"
"PLA2G12A","81579","66350","Pla2g12a"
"PLA2G12B","84647","69836","Pla2g12b"
"PLA2G15","23659","192654","Pla2g15"
"PLA2G1B","5319","18778","Pla2g1b"
"PLA2G2A","5320","18780","Pla2g2a"
"PLA2G2C","391013","18781","Pla2g2c"
"PLA2G2D","26279","18782","Pla2g2d"
"PLA2G2E","30814","26970","Pla2g2e"
"PLA2G2F","64600","26971","Pla2g2f"
"PLA2G3","50487","237625","Pla2g3"
"PLA2G4A","5321","18783","Pla2g4a"
"PLA2G4C","8605","232889","Pla2g4c"
"PLA2G4D","283748","78390","Pla2g4d"
"PLA2G4E","123745","329502","Pla2g4e"
"PLA2G4F","255189","271844","Pla2g4f"
"PLA2G5","5322","18784","Pla2g5"
"PLA2G6","8398","53357","Pla2g6"
"PLA2G7","7941","27226","Pla2g7"
"PLA2R1","22925","18779","Pla2r1"
"PLAA","9373","18786","Plaa"
"PLAAT1","57110","27281","Plaat1"
"PLAAT3","11145","225845","Plaat3"
"PLAAT5","117245","66727","Plaat5"
"PLAC1","10761","56096","Plac1"
"PLAC8","51316","231507","Plac8"
"PLAC8L1","153770","69401","Plac8l1"
"PLAC9","219348","211623","Plac9a"
"PLAG1","5324","56711","Plag1"
"PLAGL1","5325","22634","Plagl1"
"PLAGL2","5326","54711","Plagl2"
"PLAT","5327","18791","Plat"
"PLAU","5328","18792","Plau"
"PLAUR","5329","18793","Plaur"
"PLB1","151056","665270","Plb1"
"PLBD1","79887","66857","Plbd1"
"PLBD2","196463","71772","Plbd2"
"PLCB1","23236","18795","Plcb1"
"PLCB2","5330","18796","Plcb2"
"PLCB3","5331","18797","Plcb3"
"PLCB4","5332","18798","Plcb4"
"PLCD1","5333","18799","Plcd1"
"PLCD3","113026","72469","Plcd3"
"PLCD4","84812","18802","Plcd4"
"PLCE1","51196","74055","Plce1"
"PLCG1","5335","18803","Plcg1"
"PLCG2","5336","234779","Plcg2"
"PLCH1","23007","269437","Plch1"
"PLCH2","9651","269615","Plch2"
"PLCL1","5334","227120","Plcl1"
"PLCL2","23228","224860","Plcl2"
"PLCXD1","55344","403178","Plcxd1"
"PLCXD2","257068","433022","Plcxd2"
"PLCXD3","345557","239318","Plcxd3"
"PLCZ1","89869","114875","Plcz1"
"PLD1","5337","18805","Pld1"
"PLD2","5338","18806","Pld2"
"PLD3","23646","18807","Pld3"
"PLD4","122618","104759","Pld4"
"PLD5","200150","319455","Pld5"
"PLD6","201164","194908","Pld6"
"PLEC","5339","18810","Plec"
"PLEK","5341","56193","Plek"
"PLEK2","26499","27260","Plek2"
"PLEKHA1","59338","101476","Plekha1"
"PLEKHA2","59339","83436","Plekha2"
"PLEKHA3","65977","83435","Plekha3"
"PLEKHA4","57664","69217","Plekha4"
"PLEKHA5","54477","109135","Plekha5"
"PLEKHA6","22874","240753","Plekha6"
"PLEKHA7","144100","233765","Plekha7"
"PLEKHA8","84725","231999","Plekha8"
"PLEKHB1","58473","27276","Plekhb1"
"PLEKHB2","55041","226971","Plekhb2"
"PLEKHD1","400224","217682","Plekhd1"
"PLEKHF1","79156","72287","Plekhf1"
"PLEKHF2","79666","71801","Plekhf2"
"PLEKHG1","57480","213783","Plekhg1"
"PLEKHG2","64857","101497","Plekhg2"
"PLEKHG3","26030","263406","Plekhg3"
"PLEKHG4","25894","102075","Plekhg4"
"PLEKHG5","57449","269608","Plekhg5"
"PLEKHG6","55200","213522","Plekhg6"
"PLEKHH1","57475","211945","Plekhh1"
"PLEKHH2","130271","213556","Plekhh2"
"PLEKHH3","79990","217198","Plekhh3"
"PLEKHJ1","55111","78670","Plekhj1"
"PLEKHM1","9842","353047","Plekhm1"
"PLEKHM2","23207","69582","Plekhm2"
"PLEKHM3","389072","241075","Plekhm3"
"PLEKHN1","84069","231002","Plekhn1"
"PLEKHO1","51177","67220","Plekho1"
"PLEKHO2","80301","102595","Plekho2"
"PLEKHS1","79949","226245","Plekhs1"
"PLET1","349633","76509","Plet1"
"PLG","5340","18815","Plg"
"PLGRKT","55848","67759","Plgrkt"
"PLIN1","5346","103968","Plin1"
"PLIN2","123","11520","Plin2"
"PLIN3","10226","66905","Plin3"
"PLIN4","729359","57435","Plin4"
"PLIN5","440503","66968","Plin5"
"PLK1","5347","18817","Plk1"
"PLK2","10769","20620","Plk2"
"PLK3","1263","12795","Plk3"
"PLK4","10733","20873","Plk4"
"PLK5","126520","216166","Plk5"
"PLLP","51090","67801","Pllp"
"PLN","5350","18821","Pln"
"PLOD1","5351","18822","Plod1"
"PLOD2","5352","26432","Plod2"
"PLOD3","8985","26433","Plod3"
"PLP1","5354","18823","Plp1"
"PLP2","5355","18824","Plp2"
"PLPBP","11212","114863","Plpbp"
"PLPP1","8611","19012","Plpp1"
"PLPP2","8612","50784","Plpp2"
"PLPP3","8613","67916","Plpp3"
"PLPP4","196051","381925","Plpp4"
"PLPP5","84513","71910","Plpp5"
"PLPP6","403313","74411","Plpp6"
"PLPP7","84814","227721","Plpp7"
"PLPPR1","54886","272031","Plppr1"
"PLPPR2","64748","235044","Plppr2"
"PLPPR3","79948","216152","Plppr3"
"PLPPR4","9890","229791","Plppr4"
"PLPPR5","163404","75769","Plppr5"
"PLRG1","5356","53317","Plrg1"
"PLS1","5357","102502","Pls1"
"PLS3","5358","102866","Pls3"
"PLSCR1","5359","22038","Plscr1"
"PLSCR1","5359","78459","1700057G04Rik"
"PLSCR1","5359","18828","Plscr2"
"PLSCR3","57048","70310","Plscr3"
"PLSCR4","57088","235527","Plscr4"
"PLSCR5","389158","100504689","Plscr5"
"PLTP","5360","18830","Pltp"
"PLVAP","83483","84094","Plvap"
"PLXDC1","57125","72324","Plxdc1"
"PLXDC2","84898","67448","Plxdc2"
"PLXNA1","5361","18844","Plxna1"
"PLXNA2","5362","18845","Plxna2"
"PLXNA3","55558","18846","Plxna3"
"PLXNA4","91584","243743","Plxna4"
"PLXNB1","5364","235611","Plxnb1"
"PLXNB2","23654","140570","Plxnb2"
"PLXNB3","5365","140571","Plxnb3"
"PLXNC1","10154","54712","Plxnc1"
"PLXND1","23129","67784","Plxnd1"
"PM20D1","148811","212933","Pm20d1"
"PM20D2","135293","242377","Pm20d2"
"PMAIP1","5366","58801","Pmaip1"
"PMCH","5367","110312","Pmch"
"PMEL","6490","20431","Pmel"
"PMEPA1","56937","65112","Pmepa1"
"PMFBP1","83449","56523","Pmfbp1"
"PML","5371","18854","Pml"
"PMM1","5372","29858","Pmm1"
"PMM2","5373","54128","Pmm2"
"PMP2","5375","18857","Pmp2"
"PMP22","5376","18858","Pmp22"
"PMPCA","23203","66865","Pmpca"
"PMPCB","9512","73078","Pmpcb"
"PMS1","5378","227099","Pms1"
"PMS2","5395","18861","Pms2"
"PMVK","10654","68603","Pmvk"
"PNCK","139728","93843","Pnck"
"PNISR","25957","66625","Pnisr"
"PNKD","25953","56695","Pnkd"
"PNKP","11284","59047","Pnkp"
"PNLDC1","154197","240023","Pnldc1"
"PNLIP","5406","69060","Pnlip"
"PNLIPRP1","5407","18946","Pnliprp1"
"PNLIPRP2","5408","18947","Pnliprp2"
"PNMA1","9240","70481","Pnma1"
"PNMA2","10687","239157","Pnma2"
"PNMA3","29944","245468","Pnma3"
"PNMA5","114824","385377","Pnma5"
"PNMA8A","55228","71691","Pnmal1"
"PNMA8B","57469","434128","Pnmal2"
"PNMA8C","110806277","105247240","Gm42372"
"PNMT","5409","18948","Pnmt"
"PNN","5411","18949","Pnn"
"PNO1","56902","66249","Pno1"
"PNOC","5368","18155","Pnoc"
"PNP","4860","18950","Pnp"
"PNP","4860","667034","Pnp2"
"PNPLA1","285848","433091","Pnpla1"
"PNPLA2","57104","66853","Pnpla2"
"PNPLA3","80339","116939","Pnpla3"
"PNPLA5","150379","75772","Pnpla5"
"PNPLA6","10908","50767","Pnpla6"
"PNPLA7","375775","241274","Pnpla7"
"PNPLA8","50640","67452","Pnpla8"
"PNPO","55163","103711","Pnpo"
"PNPT1","87178","71701","Pnpt1"
"PNRC1","10957","108767","Pnrc1"
"PNRC2","55629","52830","Pnrc2"
"POC1A","25886","70235","Poc1a"
"POC1B","282809","382406","Poc1b"
"POC5","134359","67463","Poc5"
"PODN","127435","242608","Podn"
"PODNL1","79883","244550","Podnl1"
"PODXL","5420","27205","Podxl"
"PODXL2","50512","319655","Podxl2"
"POF1B","79983","69693","Pof1b"
"POFUT1","23509","140484","Pofut1"
"POFUT2","23275","80294","Pofut2"
"POGK","57645","71592","Pogk"
"POGLUT1","56983","224143","Poglut1"
"POGLUT2","79070","72050","Poglut2"
"POGLUT3","143888","68304","Poglut3"
"POGZ","23126","229584","Pogz"
"POLA1","5422","18968","Pola1"
"POLA2","23649","18969","Pola2"
"POLB","5423","18970","Polb"
"POLD1","5424","18971","Pold1"
"POLD2","5425","18972","Pold2"
"POLD3","10714","67967","Pold3"
"POLD4","57804","69745","Pold4"
"POLDIP2","26073","67811","Poldip2"
"POLDIP3","84271","73826","Poldip3"
"POLE","5426","18973","Pole"
"POLE2","5427","18974","Pole2"
"POLE3","54107","59001","Pole3"
"POLE4","56655","66979","Pole4"
"POLG","5428","18975","Polg"
"POLG2","11232","50776","Polg2"
"POLH","5429","80905","Polh"
"POLI","11201","26447","Poli"
"POLK","51426","27015","Polk"
"POLL","27343","56626","Poll"
"POLM","27434","54125","Polm"
"POLN","353497","272158","Poln"
"POLQ","10721","77782","Polq"
"POLR1A","25885","20019","Polr1a"
"POLR1B","84172","20017","Polr1b"
"POLR1C","9533","20016","Polr1c"
"POLR1D","51082","20018","Polr1d"
"POLR1E","64425","64424","Polr1e"
"POLR1F","221830","28071","Polr1f"
"POLR1G","10849","70333","Cd3eap"
"POLR1H","30834","66136","Polr1h"
"POLR2A","5430","20020","Polr2a"
"POLR2B","5431","231329","Polr2b"
"POLR2C","5432","20021","Polr2c"
"POLR2D","5433","69241","Polr2d"
"POLR2E","5434","66420","Polr2e"
"POLR2F","5435","69833","Polr2f"
"POLR2G","5436","67710","Polr2g"
"POLR2H","5437","245841","Polr2h"
"POLR2I","5438","69920","Polr2i"
"POLR2K","5440","17749","Polr2k"
"POLR2L","5441","66491","Polr2l"
"POLR2M","81488","28015","Polr2m"
"POLR3A","11128","218832","Polr3a"
"POLR3B","55703","70428","Polr3b"
"POLR3C","10623","74414","Polr3c"
"POLR3D","661","67065","Polr3d"
"POLR3E","55718","26939","Polr3e"
"POLR3F","10621","70408","Polr3f"
"POLR3G","10622","67486","Polr3g"
"POLR3GL","84265","69870","Polr3gl"
"POLR3H","171568","78929","Polr3h"
"POLR3K","51728","67005","Polr3k"
"POLRMT","5442","216151","Polrmt"
"POM121L12","285877","432536","Pom121l12"
"POM121L2","94026","195236","Pom121l2"
"POMC","5443","18976","Pomc"
"POMGNT2","84892","215494","Pomgnt2"
"POMK","84197","74653","Pomk"
"POMP","51371","66537","Pomp"
"POMT1","10585","99011","Pomt1"
"POMT2","29954","217734","Pomt2"
"PON1","5444","18979","Pon1"
"PON2","5445","330260","Pon2"
"PON3","5446","269823","Pon3"
"POP1","10940","67724","Pop1"
"POP4","10775","66161","Pop4"
"POP5","51367","117109","Pop5"
"POP7","10248","74097","Pop7"
"POPDC2","64091","64082","Popdc2"
"POPDC3","64208","78977","Popdc3"
"POR","5447","18984","Por"
"PORCN","64840","53627","Porcn"
"POSTN","10631","50706","Postn"
"POT1","25913","101185","Pot1a"
"POT1","25913","72836","Pot1b"
"POTEA","340441","100040599","Gm15319"
"POTEA","340441","626415","4930467E23Rik"
"POTEA","340441","670593","Gm9495"
"POTEA","340441","67575","A26c3"
"POTEA","340441","78672","Gm31371"
"POTEA","340441","622251","A26c2"
"POTEA","340441","665578","Gm7697"
"POTEA","340441","100861668","Gm21119"
"POU1F1","5449","18736","Pou1f1"
"POU2AF1","5450","18985","Pou2af1"
"POU2F1","5451","18986","Pou2f1"
"POU2F2","5452","18987","Pou2f2"
"POU2F3","25833","18988","Pou2f3"
"POU3F1","5453","18991","Pou3f1"
"POU3F2","5454","18992","Pou3f2"
"POU3F3","5455","18993","Pou3f3"
"POU3F4","5456","18994","Pou3f4"
"POU4F1","5457","18996","Pou4f1"
"POU4F2","5458","18997","Pou4f2"
"POU4F3","5459","18998","Pou4f3"
"POU5F2","134187","75507","Pou5f2"
"POU6F1","5463","19009","Pou6f1"
"POU6F2","11281","218030","Pou6f2"
"PP2D1","151649","110332","Pp2d1"
"PPA1","5464","67895","Ppa1"
"PPA2","27068","74776","Ppa2"
"PPARA","5465","19013","Ppara"
"PPARG","5468","19016","Pparg"
"PPARGC1A","10891","19017","Ppargc1a"
"PPARGC1B","133522","170826","Ppargc1b"
"PPAT","5471","231327","Ppat"
"PPBP","5473","57349","Ppbp"
"PPCDC","60490","66812","Ppcdc"
"PPCS","79717","106564","Ppcs"
"PPDPF","79144","66496","Ppdpf"
"PPEF1","5475","237178","Ppef1"
"PPEF2","5470","19023","Ppef2"
"PPFIA1","8500","233977","Ppfia1"
"PPFIA2","8499","327814","Ppfia2"
"PPFIA3","8541","76787","Ppfia3"
"PPFIA4","8497","68507","Ppfia4"
"PPFIBP1","8496","67533","Ppfibp1"
"PPFIBP2","8495","19024","Ppfibp2"
"PPHLN1","51535","223828","Pphln1"
"PPIA","5478","268373","Ppia"
"PPIB","5479","19035","Ppib"
"PPIC","5480","19038","Ppic"
"PPID","5481","67738","Ppid"
"PPIE","10450","56031","Ppie"
"PPIF","10105","105675","Ppif"
"PPIG","9360","228005","Ppig"
"PPIH","10465","66101","Ppih"
"PPIL1","51645","68816","Ppil1"
"PPIL2","23759","66053","Ppil2"
"PPIL3","53938","70225","Ppil3"
"PPIL4","85313","67418","Ppil4"
"PPIL6","285755","73075","Ppil6"
"PPIP5K1","9677","327655","Ppip5k1"
"PPIP5K2","23262","227399","Ppip5k2"
"PPL","5493","19041","Ppl"
"PPM1A","5494","19042","Ppm1a"
"PPM1B","5495","19043","Ppm1b"
"PPM1D","8493","53892","Ppm1d"
"PPM1E","22843","320472","Ppm1e"
"PPM1F","9647","68606","Ppm1f"
"PPM1G","5496","14208","Ppm1g"
"PPM1H","57460","319468","Ppm1h"
"PPM1J","333926","71887","Ppm1j"
"PPM1K","152926","243382","Ppm1k"
"PPM1L","151742","242083","Ppm1l"
"PPM1M","132160","67905","Ppm1m"
"PPM1N","147699","232941","Ppm1n"
"PPME1","51400","72590","Ppme1"
"PPOX","5498","19044","Ppox"
"PPP1CA","5499","19045","Ppp1ca"
"PPP1CB","5500","19046","Ppp1cb"
"PPP1CC","5501","434233","Ppp1ccb"
"PPP1R10","5514","52040","Ppp1r10"
"PPP1R11","6992","76497","Ppp1r11"
"PPP1R12A","4659","17931","Ppp1r12a"
"PPP1R12B","4660","329251","Ppp1r12b"
"PPP1R12C","54776","232807","Ppp1r12c"
"PPP1R13B","23368","21981","Ppp1r13b"
"PPP1R13L","10848","333654","Ppp1r13l"
"PPP1R14A","94274","68458","Ppp1r14a"
"PPP1R14B","26472","18938","Ppp1r14b"
"PPP1R14B","26472","66755","Ppp1r14bl"
"PPP1R14C","81706","76142","Ppp1r14c"
"PPP1R14D","54866","72112","Ppp1r14d"
"PPP1R15A","23645","17872","Ppp1r15a"
"PPP1R15B","84919","108954","Ppp1r15b"
"PPP1R16A","84988","73062","Ppp1r16a"
"PPP1R16B","26051","228852","Ppp1r16b"
"PPP1R17","10842","19051","Ppp1r17"
"PPP1R1A","5502","58200","Ppp1r1a"
"PPP1R1B","84152","19049","Ppp1r1b"
"PPP1R1C","151242","75276","Ppp1r1c"
"PPP1R21","129285","73825","Ppp1r21"
"PPP1R26","9858","241289","Ppp1r26"
"PPP1R27","116729","68701","Ppp1r27"
"PPP1R32","220004","67752","Ppp1r32"
"PPP1R35","221908","69871","Ppp1r35"
"PPP1R36","145376","210762","Ppp1r36"
"PPP1R37","284352","232947","Ppp1r37"
"PPP1R3A","5506","140491","Ppp1r3a"
"PPP1R3B","79660","244416","Ppp1r3b"
"PPP1R3C","5507","53412","Ppp1r3c"
"PPP1R3D","5509","228966","Ppp1r3d"
"PPP1R3E","90673","105651","Ppp1r3e"
"PPP1R3F","89801","54646","Ppp1r3f"
"PPP1R3G","648791","76487","Ppp1r3g"
"PPP1R42","286187","69312","Ppp1r42"
"PPP1R7","5510","66385","Ppp1r7"
"PPP1R8","5511","100336","Ppp1r8"
"PPP1R9A","55607","243725","Ppp1r9a"
"PPP1R9B","84687","217124","Ppp1r9b"
"PPP2CA","5515","19052","Ppp2ca"
"PPP2CB","5516","19053","Ppp2cb"
"PPP2R1A","5518","51792","Ppp2r1a"
"PPP2R1B","5519","73699","Ppp2r1b"
"PPP2R2A","5520","71978","Ppp2r2a"
"PPP2R2B","5521","72930","Ppp2r2b"
"PPP2R2C","5522","269643","Ppp2r2c"
"PPP2R2D","55844","52432","Ppp2r2d"
"PPP2R3A","5523","235542","Ppp2r3a"
"PPP2R3C","55012","59032","Ppp2r3c"
"PPP2R5A","5525","226849","Ppp2r5a"
"PPP2R5B","5526","225849","Ppp2r5b"
"PPP2R5C","5527","26931","Ppp2r5c"
"PPP2R5D","5528","21770","Ppp2r5d"
"PPP2R5E","5529","26932","Ppp2r5e"
"PPP3CA","5530","19055","Ppp3ca"
"PPP3CB","5532","19056","Ppp3cb"
"PPP3CC","5533","19057","Ppp3cc"
"PPP3R1","5534","19058","Ppp3r1"
"PPP3R2","5535","19059","Ppp3r2"
"PPP4C","5531","56420","Ppp4c"
"PPP4R1","9989","70351","Ppp4r1"
"PPP4R2","151987","232314","Ppp4r2"
"PPP4R3A","55671","68734","Ppp4r3a"
"PPP4R3B","57223","104570","Ppp4r3b"
"PPP4R3C","139420","245509","4932429P05Rik"
"PPP4R3C","139420","245511","4930415L06Rik"
"PPP4R4","57718","74521","Ppp4r4"
"PPP5C","5536","19060","Ppp5c"
"PPP6C","5537","67857","Ppp6c"
"PPP6R1","22870","243819","Ppp6r1"
"PPP6R2","9701","71474","Ppp6r2"
"PPP6R3","55291","52036","Ppp6r3"
"PPRC1","23082","226169","Pprc1"
"PPT1","5538","19063","Ppt1"
"PPT2","9374","54397","Ppt2"
"PPTC7","160760","320717","Pptc7"
"PPWD1","23398","238831","Ppwd1"
"PPY","5539","19064","Ppy"
"PQBP1","10084","54633","Pqbp1"
"PRADC1","84279","73327","Pradc1"
"PRAF2","11230","54637","Praf2"
"PRAG1","157285","244418","Prag1"
"PRAM1","84106","378460","Pram1"
"PRAP1","118471","22264","Prap1"
"PRC1","9055","233406","Prc1"
"PRCC","5546","94315","Prcc"
"PRCP","5547","72461","Prcp"
"PRDM1","639","12142","Prdm1"
"PRDM10","56980","382066","Prdm10"
"PRDM11","56981","100042784","Prdm11"
"PRDM12","59335","381359","Prdm12"
"PRDM13","59336","230025","Prdm13"
"PRDM14","63978","383491","Prdm14"
"PRDM15","63977","114604","Prdm15"
"PRDM16","63976","70673","Prdm16"
"PRDM2","7799","110593","Prdm2"
"PRDM4","11108","72843","Prdm4"
"PRDM5","11107","70779","Prdm5"
"PRDM6","93166","225518","Prdm6"
"PRDM8","56978","77630","Prdm8"
"PRDX1","5052","18477","Prdx1"
"PRDX2","7001","21672","Prdx2"
"PRDX3","10935","11757","Prdx3"
"PRDX4","10549","53381","Prdx4"
"PRDX5","25824","54683","Prdx5"
"PRDX6","9588","11758","Prdx6"
"PRDX6","9588","320769","Prdx6b"
"PREB","10113","50907","Preb"
"PRELID1","27166","66494","Prelid1"
"PRELID2","153768","77619","Prelid2"
"PRELID3A","10650","225655","Prelid3a"
"PRELID3B","51012","66390","Prelid3b"
"PRELP","5549","116847","Prelp"
"PREP","5550","19072","Prep"
"PREPL","9581","213760","Prepl"
"PREX1","57580","277360","Prex1"
"PREX2","80243","109294","Prex2"
"PRF1","5551","18646","Prf1"
"PRG2","5553","19074","Prg2"
"PRG3","10394","53856","Prg3"
"PRG4","10216","96875","Prg4"
"PRICKLE1","144165","106042","Prickle1"
"PRICKLE2","166336","243548","Prickle2"
"PRICKLE3","4007","54630","Prickle3"
"PRICKLE4","29964","381104","Prickle4"
"PRIM1","5557","19075","Prim1"
"PRIM2","5558","19076","Prim2"
"PRIMA1","145270","170952","Prima1"
"PRIMPOL","201973","408022","Primpol"
"PRKAA1","5562","105787","Prkaa1"
"PRKAA2","5563","108079","Prkaa2"
"PRKAB1","5564","19079","Prkab1"
"PRKAB2","5565","108097","Prkab2"
"PRKACA","5566","18747","Prkaca"
"PRKACB","5567","18749","Prkacb"
"PRKAG1","5571","19082","Prkag1"
"PRKAG2","51422","108099","Prkag2"
"PRKAG3","53632","241113","Prkag3"
"PRKAR1A","5573","19084","Prkar1a"
"PRKAR1B","5575","19085","Prkar1b"
"PRKAR2A","5576","19087","Prkar2a"
"PRKAR2B","5577","19088","Prkar2b"
"PRKCA","5578","18750","Prkca"
"PRKCB","5579","18751","Prkcb"
"PRKCD","5580","18753","Prkcd"
"PRKCE","5581","18754","Prkce"
"PRKCG","5582","18752","Prkcg"
"PRKCH","5583","18755","Prkch"
"PRKCI","5584","18759","Prkci"
"PRKCQ","5588","18761","Prkcq"
"PRKCSH","5589","19089","Prkcsh"
"PRKCZ","5590","18762","Prkcz"
"PRKD1","5587","18760","Prkd1"
"PRKD2","25865","101540","Prkd2"
"PRKD3","23683","75292","Prkd3"
"PRKDC","5591","19090","Prkdc"
"PRKG1","5592","19091","Prkg1"
"PRKG2","5593","19092","Prkg2"
"PRKN","5071","50873","Prkn"
"PRKRA","8575","23992","Prkra"
"PRKRIP1","79706","66801","Prkrip1"
"PRKX","5613","19108","Prkx"
"PRL","5617","19109","Prl"
"PRL","5617","27372","Prl3c1"
"PRL","5617","18775","Prl3d1"
"PRL","5617","13529","Prl8a2"
"PRL","5617","215029","Prl3d3"
"PRL","5617","66392","Prl2b1"
"PRL","5617","18814","Prl7d1"
"PRL","5617","19112","Prl8a6"
"PRL","5617","666317","Prl2c1"
"PRL","5617","67310","Prl8a9"
"PRL","5617","19111","Prl6a1"
"PRL","5617","107849","Prl2c5"
"PRL","5617","18776","Prl3b1"
"PRL","5617","67000","Prl3a1"
"PRL","5617","67505","Prl7c1"
"PRL","5617","18811","Prl2c2"
"PRL","5617","56635","Prl2a1"
"PRL","5617","74188","Prl8a8"
"PRL","5617","19114","Prl7a2"
"PRL","5617","75596","Prl7b1"
"PRL","5617","73244","Prl8a1"
"PRL","5617","19113","Prl7a1"
"PRL","5617","19110","Prl4a1"
"PRL","5617","215028","Prl3d2"
"PRL","5617","28078","Prl5a1"
"PRLH","51052","623503","Prlh"
"PRLHR","2834","226278","Prlhr"
"PRLR","5618","19116","Prlr"
"PRM2","5620","19119","Prm2"
"PRM3","58531","19120","Prm3"
"PRMT1","3276","15469","Prmt1"
"PRMT2","3275","15468","Prmt2"
"PRMT3","10196","71974","Prmt3"
"PRMT5","10419","27374","Prmt5"
"PRMT6","55170","99890","Prmt6"
"PRMT7","54496","214572","Prmt7"
"PRMT8","56341","381813","Prmt8"
"PRMT9","90826","102182","Prmt9"
"PRND","23627","26434","Prnd"
"PRND","23627","111368","Prn"
"PRNP","5621","19122","Prnp"
"PROB1","389333","381148","Prob1"
"PROC","5624","19123","Proc"
"PROCA1","147011","216974","Proca1"
"PROCR","10544","19124","Procr"
"PRODH2","58510","56189","Prodh2"
"PROK1","84432","246691","Prok1"
"PROK2","60675","50501","Prok2"
"PROKR1","10887","58182","Prokr1"
"PROKR2","128674","246313","Prokr2"
"PROM1","8842","19126","Prom1"
"PROM2","150696","192212","Prom2"
"PROP1","5626","19127","Prop1"
"PRORP","9692","66132","Prorp"
"PROS1","5627","19128","Pros1"
"PROSER1","80209","212127","Proser1"
"PROSER2","254427","227545","Proser2"
"PROSER3","148137","333193","Proser3"
"PROX1","5629","19130","Prox1"
"PROX2","283571","73422","Prox2"
"PROZ","8858","66901","Proz"
"PRPF18","8559","67229","Prpf18"
"PRPF19","27339","28000","Prpf19"
"PRPF3","9129","70767","Prpf3"
"PRPF31","26121","68988","Prpf31"
"PRPF38A","84950","230596","Prpf38a"
"PRPF38B","55119","66921","Prpf38b"
"PRPF39","55015","328110","Prpf39"
"PRPF4","9128","70052","Prpf4"
"PRPF40A","55660","56194","Prpf40a"
"PRPF40B","25766","54614","Prpf40b"
"PRPF4B","8899","19134","Prpf4b"
"PRPF6","24148","68879","Prpf6"
"PRPF8","10594","192159","Prpf8"
"PRPH","5630","19132","Prph"
"PRPH2","5961","19133","Prph2"
"PRPS1","5631","19139","Prps1"
"PRPS1","5631","328099","Prps1l3"
"PRPS1L1","221823","75456","Prps1l1"
"PRPS2","5634","110639","Prps2"
"PRPSAP1","5635","67763","Prpsap1"
"PRPSAP2","5636","212627","Prpsap2"
"PRR11","55771","270906","Prr11"
"PRR12","57479","233210","Prr12"
"PRR14","78994","233895","Prr14"
"PRR14L","253143","215476","Prr14l"
"PRR15","222171","78004","Prr15"
"PRR15L","79170","217138","Prr15l"
"PRR16","51334","71373","Prr16"
"PRR18","285800","320111","Prr18"
"PRR19","284338","623131","Prr19"
"PRR22","163154","100504446","Prr22"
"PRR27","401137","73779","Prr27"
"PRR29","92340","75573","Prr29"
"PRR3","80742","75210","Prr3"
"PRR30","339779","76627","Prr30"
"PRR32","100130613","68800","Prr32"
"PRR35","146325","100034748","A930017K11Rik"
"PRR36","80164","73072","Prr36"
"PRR5","55615","109270","Prr5"
"PRR5L","79899","72446","Prr5l"
"PRR7","80758","432763","Prr7"
"PRR9","574414","109314","Prr9"
"PRRC1","133619","73137","Prrc1"
"PRRC2A","7916","53761","Prrc2a"
"PRRC2B","84726","227723","Prrc2b"
"PRRC2C","23215","226562","Prrc2c"
"PRRG1","5638","546336","Prrg1"
"PRRG2","5639","65116","Prrg2"
"PRRG3","79057","208748","Prrg3"
"PRRG4","79056","228413","Prrg4"
"PRRT1B","642515","433415","Gm13420"
"PRRT2","112476","69017","Prrt2"
"PRRT3","285368","210673","Prrt3"
"PRRT4","401399","101359","Prrt4"
"PRRX1","5396","18933","Prrx1"
"PRRX2","51450","20204","Prrx2"
"PRSS1","5644","114228","Prss1"
"PRSS12","8492","19142","Prss12"
"PRSS16","10279","54373","Prss16"
"PRSS2","5645","22072","Prss2"
"PRSS21","10942","57256","Prss21"
"PRSS22","64063","70835","Prss22"
"PRSS23","11098","76453","Prss23"
"PRSS27","83886","213171","Prss27"
"PRSS3","5646","22073","Prss3"
"PRSS33","260429","353130","Prss33"
"PRSS35","167681","244954","Prss35"
"PRSS36","146547","77613","Prss36"
"PRSS37","136242","67690","Prss37"
"PRSS38","339501","216797","Prss38"
"PRSS41","360226","71003","Prss41"
"PRSS42P","339906","235628","Prss42"
"PRSS45P","377047","260408","Prss45"
"PRSS46P","100287362","74306","Prss46"
"PRSS48","345062","368202","Prss48"
"PRSS50","29122","235631","Prss50"
"PRSS53","339105","330657","Prss53"
"PRSS54","221191","70993","Prss54"
"PRSS55","203074","71037","Prss55"
"PRSS56","646960","69453","Prss56"
"PRSS57","400668","73106","Prss57"
"PRSS58","136541","232717","Prss58"
"PRSS8","5652","76560","Prss8"
"PRTG","283659","235472","Prtg"
"PRTN3","5657","19152","Prtn3"
"PRUNE1","58497","229589","Prune1"
"PRUNE2","158471","353211","Prune2"
"PRX","57716","19153","Prx"
"PRXL2A","84293","70564","Prxl2a"
"PRXL2B","127281","66469","Prxl2b"
"PRXL2C","195827","66129","Prxl2c"
"PSAP","5660","19156","Psap"
"PSAPL1","768239","76943","Psapl1"
"PSAT1","29968","107272","Psat1"
"PSCA","8000","72373","Psca"
"PSD","5662","73728","Psd"
"PSD2","84249","74002","Psd2"
"PSD3","23362","234353","Psd3"
"PSD4","23550","215632","Psd4"
"PSEN1","5663","19164","Psen1"
"PSEN2","5664","19165","Psen2"
"PSENEN","55851","66340","Psenen"
"PSIP1","11168","101739","Psip1"
"PSKH1","5681","244631","Pskh1"
"PSMA1","5682","26440","Psma1"
"PSMA2","5683","19166","Psma2"
"PSMA3","5684","19167","Psma3"
"PSMA4","5685","26441","Psma4"
"PSMA5","5686","26442","Psma5"
"PSMA6","5687","26443","Psma6"
"PSMA7","5688","26444","Psma7"
"PSMA8","143471","73677","Psma8"
"PSMB1","5689","19170","Psmb1"
"PSMB10","5699","19171","Psmb10"
"PSMB11","122706","73902","Psmb11"
"PSMB2","5690","26445","Psmb2"
"PSMB3","5691","26446","Psmb3"
"PSMB4","5692","19172","Psmb4"
"PSMB5","5693","19173","Psmb5"
"PSMB6","5694","19175","Psmb6"
"PSMB7","5695","19177","Psmb7"
"PSMB8","5696","16913","Psmb8"
"PSMB9","5698","16912","Psmb9"
"PSMC1","5700","19179","Psmc1"
"PSMC2","5701","19181","Psmc2"
"PSMC3","5702","19182","Psmc3"
"PSMC3IP","29893","19183","Psmc3ip"
"PSMC4","5704","23996","Psmc4"
"PSMC5","5705","19184","Psmc5"
"PSMC6","5706","67089","Psmc6"
"PSMD1","5707","70247","Psmd1"
"PSMD10","5716","53380","Psmd10"
"PSMD11","5717","69077","Psmd11"
"PSMD12","5718","66997","Psmd12"
"PSMD13","5719","23997","Psmd13"
"PSMD14","10213","59029","Psmd14"
"PSMD2","5708","21762","Psmd2"
"PSMD3","5709","22123","Psmd3"
"PSMD4","5710","19185","Psmd4"
"PSMD5","5711","66998","Psmd5"
"PSMD6","9861","66413","Psmd6"
"PSMD7","5713","17463","Psmd7"
"PSMD8","5714","57296","Psmd8"
"PSMD9","5715","67151","Psmd9"
"PSME1","5720","19186","Psme1"
"PSME2","5721","19188","Psme2"
"PSME2","5721","621823","Psme2b"
"PSME3","10197","19192","Psme3"
"PSME3IP1","80011","102122","Psme3ip1"
"PSME4","23198","103554","Psme4"
"PSMF1","9491","228769","Psmf1"
"PSMG1","8624","56088","Psmg1"
"PSMG2","56984","107047","Psmg2"
"PSMG3","84262","66506","Psmg3"
"PSMG4","389362","69666","Psmg4"
"PSORS1C2","170680","57390","Psors1c2"
"PSPC1","55269","66645","Pspc1"
"PSPH","5723","100678","Psph"
"PSPN","5623","19197","Pspn"
"PSRC1","84722","56742","Psrc1"
"PSTK","118672","214580","Pstk"
"PSTPIP1","9051","19200","Pstpip1"
"PSTPIP2","9050","19201","Pstpip2"
"PTAFR","5724","19204","Ptafr"
"PTAR1","375743","72351","Ptar1"
"PTBP1","5725","19205","Ptbp1"
"PTBP2","58155","56195","Ptbp2"
"PTBP3","9991","230257","Ptbp3"
"PTCD2","79810","68927","Ptcd2"
"PTCD3","55037","69956","Ptcd3"
"PTCH1","5727","19206","Ptch1"
"PTCH2","8643","19207","Ptch2"
"PTCHD1","139411","211612","Ptchd1"
"PTCHD3","374308","74675","Ptchd3"
"PTCHD4","442213","627626","Ptchd4"
"PTCRA","171558","19208","Ptcra"
"PTDSS1","9791","19210","Ptdss1"
"PTDSS2","81490","27388","Ptdss2"
"PTEN","5728","19211","Pten"
"PTER","9317","19212","Pter"
"PTF1A","256297","19213","Ptf1a"
"PTGDR","5729","19214","Ptgdr"
"PTGDR2","11251","14764","Ptgdr2"
"PTGDS","5730","19215","Ptgds"
"PTGER1","5731","19216","Ptger1"
"PTGER2","5732","19217","Ptger2"
"PTGER3","5733","19218","Ptger3"
"PTGER4","5734","19219","Ptger4"
"PTGES","9536","64292","Ptges"
"PTGES2","80142","96979","Ptges2"
"PTGES3","10728","56351","Ptges3"
"PTGES3","10728","100043508","Ptges3-ps"
"PTGES3L","100885848","73635","Ptges3l"
"PTGFR","5737","19220","Ptgfr"
"PTGFRN","5738","19221","Ptgfrn"
"PTGIR","5739","19222","Ptgir"
"PTGIS","5740","19223","Ptgis"
"PTGR1","22949","67103","Ptgr1"
"PTGR2","145482","77219","Ptgr2"
"PTGS1","5742","19224","Ptgs1"
"PTGS2","5743","19225","Ptgs2"
"PTH","5741","19226","Pth"
"PTH1R","5745","19228","Pth1r"
"PTH2","113091","114640","Pth2"
"PTH2R","5746","213527","Pth2r"
"PTHLH","5744","19227","Pthlh"
"PTK2","5747","14083","Ptk2"
"PTK2B","2185","19229","Ptk2b"
"PTK6","5753","20459","Ptk6"
"PTK7","5754","71461","Ptk7"
"PTMS","5763","69202","Ptms"
"PTN","5764","19242","Ptn"
"PTOV1","53635","84113","Ptov1"
"PTP4A1","7803","19243","Ptp4a1"
"PTP4A2","8073","19244","Ptp4a2"
"PTP4A3","11156","19245","Ptp4a3"
"PTPA","5524","110854","Ptpa"
"PTPDC1","138639","218232","Ptpdc1"
"PTPMT1","114971","66461","Ptpmt1"
"PTPN1","5770","19246","Ptpn1"
"PTPN11","5781","19247","Ptpn11"
"PTPN12","5782","19248","Ptpn12"
"PTPN13","5783","19249","Ptpn13"
"PTPN14","5784","19250","Ptpn14"
"PTPN18","26469","19253","Ptpn18"
"PTPN2","5771","19255","Ptpn2"
"PTPN20","26095","19256","Ptpn20"
"PTPN21","11099","24000","Ptpn21"
"PTPN22","26191","19260","Ptpn22"
"PTPN23","25930","104831","Ptpn23"
"PTPN3","5774","545622","Ptpn3"
"PTPN4","5775","19258","Ptpn4"
"PTPN5","84867","19259","Ptpn5"
"PTPN6","5777","15170","Ptpn6"
"PTPN7","5778","320139","Ptpn7"
"PTPN9","5780","56294","Ptpn9"
"PTPRA","5786","19262","Ptpra"
"PTPRB","5787","19263","Ptprb"
"PTPRC","5788","19264","Ptprc"
"PTPRCAP","5790","19265","Ptprcap"
"PTPRD","5789","19266","Ptprd"
"PTPRE","5791","19267","Ptpre"
"PTPRF","5792","19268","Ptprf"
"PTPRG","5793","19270","Ptprg"
"PTPRH","5794","545902","Ptprh"
"PTPRJ","5795","19271","Ptprj"
"PTPRK","5796","19272","Ptprk"
"PTPRM","5797","19274","Ptprm"
"PTPRN","5798","19275","Ptprn"
"PTPRN2","5799","19276","Ptprn2"
"PTPRO","5800","19277","Ptpro"
"PTPRQ","374462","237523","Ptprq"
"PTPRR","5801","19279","Ptprr"
"PTPRS","5802","19280","Ptprs"
"PTPRT","11122","19281","Ptprt"
"PTPRU","10076","19273","Ptpru"
"PTPRZ1","5803","19283","Ptprz1"
"PTRH1","138428","329384","Ptrh1"
"PTRH2","51651","217057","Ptrh2"
"PTRHD1","391356","69709","Ptrhd1"
"PTS","5805","19286","Pts"
"PTTG1IP","754","108705","Pttg1ip"
"PTTG1IP2","102723899","381716","Pttg1ip2"
"PTX3","5806","19288","Ptx3"
"PTX4","390667","68509","Ptx4"
"PUDP","8226","67365","Pudp"
"PUF60","22827","67959","Puf60"
"PUM1","9698","80912","Pum1"
"PUM2","23369","80913","Pum2"
"PUM3","9933","52874","Pum3"
"PURA","5813","19290","Pura"
"PURB","5814","19291","Purb"
"PURG","29942","75029","Purg"
"PUS1","80324","56361","Pus1"
"PUS10","150962","74467","Pus10"
"PUS3","83480","67049","Pus3"
"PUS7","54517","78697","Pus7"
"PUS7L","83448","78895","Pus7l"
"PUSL1","126789","433813","Pusl1"
"PVALB","5816","19293","Pvalb"
"PVR","5817","52118","Pvr"
"PVRIG","79037","102640920","Pvrig"
"PWP1","11137","103136","Pwp1"
"PWP2","5822","110816","Pwp2"
"PWWP2A","114825","70802","Pwwp2a"
"PWWP2B","170394","101631","Pwwp2b"
"PWWP3A","84939","68114","Pwwp3a"
"PWWP3B","139221","245631","Pwwp3b"
"PXDC1","221749","66895","Pxdc1"
"PXDN","7837","69675","Pxdn"
"PXK","54899","218699","Pxk"
"PXMP2","5827","19301","Pxmp2"
"PXMP4","11264","59038","Pxmp4"
"PXN","5829","19303","Pxn"
"PXT1","222659","69307","Pxt1"
"PXYLP1","92370","235534","Pxylp1"
"PYCARD","29108","66824","Pycard"
"PYCR1","5831","209027","Pycr1"
"PYCR2","29920","69051","Pycr2"
"PYCR3","65263","66194","Pycrl"
"PYGB","5834","110078","Pygb"
"PYGL","5836","110095","Pygl"
"PYGM","5837","19309","Pygm"
"PYGO1","26108","72135","Pygo1"
"PYGO2","90780","68911","Pygo2"
"PYM1","84305","78428","Pym1"
"PYROXD1","79912","232491","Pyroxd1"
"PYROXD2","84795","74580","Pyroxd2"
"PYURF","100996939","66459","Pyurf"
"PYY","5697","217212","Pyy"
"QARS1","5859","97541","Qars"
"QDPR","5860","110391","Qdpr"
"QKI","9444","19317","Qk"
"QPCT","25797","70536","Qpct"
"QPCTL","54814","67369","Qpctl"
"QPRT","23475","67375","Qprt"
"QRFP","347148","227717","Qrfp"
"QRFPR","84109","229214","Qrfpr"
"QRFPR","84109","243407","Qrfprl"
"QRICH1","54870","69232","Qrich1"
"QRICH2","84074","217341","Qrich2"
"QRSL1","55278","76563","Qrsl1"
"QSER1","79832","99003","Qser1"
"QSOX1","5768","104009","Qsox1"
"QSOX2","169714","227638","Qsox2"
"QTRT1","81890","60507","Qtrt1"
"QTRT2","79691","106248","Qtrt2"
"R3HCC1","203069","71843","R3hcc1"
"R3HCC1L","27291","52013","R3hcc1l"
"R3HDM1","23518","226412","R3hdm1"
"R3HDM2","22864","71750","R3hdm2"
"R3HDM4","91300","109284","R3hdm4"
"R3HDML","140902","100043899","R3hdml"
"RAB10","10890","19325","Rab10"
"RAB11A","8766","53869","Rab11a"
"RAB11B","9230","19326","Rab11b"
"RAB11FIP1","80223","75767","Rab11fip1"
"RAB11FIP2","22841","74998","Rab11fip2"
"RAB11FIP3","9727","215445","Rab11fip3"
"RAB11FIP4","84440","268451","Rab11fip4"
"RAB11FIP5","26056","52055","Rab11fip5"
"RAB12","201475","19328","Rab12"
"RAB13","5872","68328","Rab13"
"RAB14","51552","68365","Rab14"
"RAB15","376267","104886","Rab15"
"RAB17","64284","19329","Rab17"
"RAB18","22931","19330","Rab18"
"RAB19","401409","19331","Rab19"
"RAB1A","5861","19324","Rab1a"
"RAB1B","81876","76308","Rab1b"
"RAB20","55647","19332","Rab20"
"RAB21","23011","216344","Rab21"
"RAB22A","57403","19334","Rab22a"
"RAB23","51715","19335","Rab23"
"RAB24","53917","19336","Rab24"
"RAB25","57111","53868","Rab25"
"RAB26","25837","328778","Rab26"
"RAB27A","5873","11891","Rab27a"
"RAB27B","5874","80718","Rab27b"
"RAB28","9364","100972","Rab28"
"RAB29","8934","226422","Rab29"
"RAB2A","5862","59021","Rab2a"
"RAB2B","84932","76338","Rab2b"
"RAB30","27314","75985","Rab30"
"RAB31","11031","106572","Rab31"
"RAB32","10981","67844","Rab32"
"RAB33A","9363","19337","Rab33a"
"RAB33B","83452","19338","Rab33b"
"RAB34","83871","19376","Rab34"
"RAB35","11021","77407","Rab35"
"RAB36","9609","76877","Rab36"
"RAB37","326624","58222","Rab37"
"RAB38","23682","72433","Rab38"
"RAB39A","54734","270160","Rab39"
"RAB39B","116442","67790","Rab39b"
"RAB3A","5864","19339","Rab3a"
"RAB3B","5865","69908","Rab3b"
"RAB3C","115827","67295","Rab3c"
"RAB3D","9545","19340","Rab3d"
"RAB3GAP1","22930","226407","Rab3gap1"
"RAB3GAP2","25782","98732","Rab3gap2"
"RAB3IL1","5866","74760","Rab3il1"
"RAB3IP","117177","216363","Rab3ip"
"RAB40B","10966","217371","Rab40b"
"RAB40C","57799","224624","Rab40c"
"RAB42","115273","242681","Rab42"
"RAB43","339122","69834","Rab43"
"RAB44","401258","442827","Rab44"
"RAB4A","5867","19341","Rab4a"
"RAB4B","53916","19342","Rab4b"
"RAB5A","5868","271457","Rab5a"
"RAB5B","5869","19344","Rab5b"
"RAB5C","5878","19345","Rab5c"
"RAB6A","5870","19346","Rab6a"
"RAB6B","51560","270192","Rab6b"
"RAB7A","7879","19349","Rab7"
"RAB7B","338382","226421","Rab7b"
"RAB8A","4218","17274","Rab8a"
"RAB8B","51762","235442","Rab8b"
"RAB9A","9367","56382","Rab9"
"RAB9B","51209","319642","Rab9b"
"RABAC1","10567","14470","Rabac1"
"RABEP1","9135","54189","Rabep1"
"RABEP2","79874","70314","Rabep2"
"RABEPK","10244","227746","Rabepk"
"RABGAP1","23637","227800","Rabgap1"
"RABGAP1L","9910","29809","Rabgap1l"
"RABGEF1","27342","56715","Rabgef1"
"RABGGTA","5875","56187","Rabggta"
"RABGGTB","5876","19352","Rabggtb"
"RABIF","5877","98710","Rabif"
"RABL3","285282","67657","Rabl3"
"RABL6","55684","227624","Rabl6"
"RAC1","5879","19353","Rac1"
"RAC2","5880","19354","Rac2"
"RAC3","5881","170758","Rac3"
"RACGAP1","29127","26934","Racgap1"
"RACK1","10399","14694","Rack1"
"RAD1","5810","19355","Rad1"
"RAD17","5884","19356","Rad17"
"RAD18","56852","58186","Rad18"
"RAD21","5885","19357","Rad21"
"RAD21L1","642636","668929","Rad21l"
"RAD23A","5886","19358","Rad23a"
"RAD23B","5887","19359","Rad23b"
"RAD50","10111","19360","Rad50"
"RAD51","5888","19361","Rad51"
"RAD51AP1","10635","19362","Rad51ap1"
"RAD51AP2","729475","209550","Rad51ap2"
"RAD51B","5890","19363","Rad51b"
"RAD51C","5889","114714","Rad51c"
"RAD51D","5892","19364","Rad51d"
"RAD52","5893","19365","Rad52"
"RAD54B","25788","623474","Rad54b"
"RAD54L","8438","19366","Rad54l"
"RAD54L2","23132","81000","Rad54l2"
"RAD9A","5883","19367","Rad9a"
"RAD9B","144715","231724","Rad9b"
"RADIL","55698","231858","Radil"
"RADX","55086","102871","Radx"
"RAE1","8480","66679","Rae1"
"RAET1E","135250","379043","Raet1e"
"RAF1","5894","110157","Raf1"
"RAG1","5896","19373","Rag1"
"RAG2","5897","19374","Rag2"
"RAI1","10743","19377","Rai1"
"RAI14","26064","75646","Rai14"
"RAI2","10742","24004","Rai2"
"RALA","5898","56044","Rala"
"RALB","5899","64143","Ralb"
"RALBP1","10928","19765","Ralbp1"
"RALGAPA1","253959","56784","Ralgapa1"
"RALGAPA2","57186","241694","Ralgapa2"
"RALGAPB","57148","228850","Ralgapb"
"RALGDS","5900","19730","Ralgds"
"RALGPS1","9649","241308","Ralgps1"
"RALGPS2","55103","78255","Ralgps2"
"RALY","22913","19383","Raly"
"RALYL","138046","76897","Ralyl"
"RAMAC","83640","67148","Ramac"
"RAMP1","10267","51801","Ramp1"
"RAMP2","10266","54409","Ramp2"
"RAMP3","10268","56089","Ramp3"
"RAN","5901","19384","Ran"
"RANBP1","5902","19385","Ranbp1"
"RANBP10","57610","74334","Ranbp10"
"RANBP17","64901","66011","Ranbp17"
"RANBP3","8498","71810","Ranbp3"
"RANBP3L","202151","223332","Ranbp3l"
"RANBP6","26953","240614","Ranbp6"
"RANBP9","10048","56705","Ranbp9"
"RANGAP1","5905","19387","Rangap1"
"RANGRF","29098","57785","Rangrf"
"RAP1A","5906","109905","Rap1a"
"RAP1B","5908","215449","Rap1b"
"RAP1GAP","5909","110351","Rap1gap"
"RAP1GAP2","23108","380711","Rap1gap2"
"RAP1GDS1","5910","229877","Rap1gds1"
"RAP2A","5911","76108","Rap2a"
"RAP2B","5912","74012","Rap2b"
"RAP2C","57826","72065","Rap2c"
"RAPGEF1","2889","107746","Rapgef1"
"RAPGEF2","9693","76089","Rapgef2"
"RAPGEF3","10411","223864","Rapgef3"
"RAPGEF4","11069","56508","Rapgef4"
"RAPGEF5","9771","217944","Rapgef5"
"RAPGEF6","51735","192786","Rapgef6"
"RAPGEFL1","51195","268480","Rapgefl1"
"RAPH1","65059","77300","Raph1"
"RAPSN","5913","19400","Rapsn"
"RARA","5914","19401","Rara"
"RARB","5915","218772","Rarb"
"RARG","5916","19411","Rarg"
"RARRES1","5918","109222","Rarres1"
"RARRES2","5919","71660","Rarres2"
"RARS1","5917","104458","Rars"
"RARS2","57038","109093","Rars2"
"RASA1","5921","218397","Rasa1"
"RASA2","5922","114713","Rasa2"
"RASA3","22821","19414","Rasa3"
"RASAL1","8437","19415","Rasal1"
"RASAL2","9462","226525","Rasal2"
"RASAL3","64926","320484","Rasal3"
"RASD1","51655","19416","Rasd1"
"RASD2","23551","75141","Rasd2"
"RASEF","158158","242505","Rasef"
"RASGEF1A","221002","70727","Rasgef1a"
"RASGEF1B","153020","320292","Rasgef1b"
"RASGEF1C","255426","74563","Rasgef1c"
"RASGRF1","5923","19417","Rasgrf1"
"RASGRF2","5924","19418","Rasgrf2"
"RASGRP1","10125","19419","Rasgrp1"
"RASGRP2","10235","19395","Rasgrp2"
"RASGRP3","25780","240168","Rasgrp3"
"RASGRP4","115727","233046","Rasgrp4"
"RASIP1","54922","69903","Rasip1"
"RASL10A","10633","75668","Rasl10a"
"RASL10B","91608","276952","Rasl10b"
"RASL11A","387496","68895","Rasl11a"
"RASL11B","65997","68939","Rasl11b"
"RASL12","51285","70784","Rasl12"
"RASSF1","11186","56289","Rassf1"
"RASSF10","644943","78748","Rassf10"
"RASSF2","9770","215653","Rassf2"
"RASSF3","283349","192678","Rassf3"
"RASSF4","83937","213391","Rassf4"
"RASSF5","83593","54354","Rassf5"
"RASSF6","166824","73246","Rassf6"
"RASSF7","8045","66985","Rassf7"
"RASSF8","11228","71323","Rassf8"
"RASSF9","9182","237504","Rassf9"
"RAVER1","125950","71766","Raver1"
"RAVER2","55225","242570","Raver2"
"RAX","30062","19434","Rax"
"RB1","5925","19645","Rb1"
"RB1CC1","9821","12421","Rb1cc1"
"RBAK","57786","57782","Rbak"
"RBBP4","5928","19646","Rbbp4"
"RBBP5","5929","213464","Rbbp5"
"RBBP6","5930","19647","Rbbp6"
"RBBP7","5931","245688","Rbbp7"
"RBBP8","5932","225182","Rbbp8"
"RBBP8NL","140893","271887","Rbbp8nl"
"RBBP9","10741","26450","Rbbp9"
"RBCK1","10616","24105","Rbck1"
"RBFA","79863","68731","Rbfa"
"RBFOX1","54715","268859","Rbfox1"
"RBFOX2","23543","93686","Rbfox2"
"RBFOX3","146713","52897","Rbfox3"
"RBIS","401466","69126","Rbis"
"RBKS","64080","71336","Rbks"
"RBL1","5933","19650","Rbl1"
"RBL2","5934","19651","Rbl2"
"RBM10","8241","236732","Rbm10"
"RBM11","54033","224344","Rbm11"
"RBM12","10137","75710","Rbm12"
"RBM12B","389677","72397","Rbm12b1"
"RBM12B","389677","77604","Rbm12b2"
"RBM14","10432","56275","Rbm14"
"RBM15","64783","229700","Rbm15"
"RBM15B","29890","109095","Rbm15b"
"RBM17","84991","76938","Rbm17"
"RBM18","92400","67889","Rbm18"
"RBM19","9904","74111","Rbm19"
"RBM20","282996","73713","Rbm20"
"RBM22","55696","66810","Rbm22"
"RBM24","221662","666794","Rbm24"
"RBM25","58517","67039","Rbm25"
"RBM26","64062","74213","Rbm26"
"RBM27","54439","225432","Rbm27"
"RBM28","55131","68272","Rbm28"
"RBM3","5935","100043257","Rbm3-ps"
"RBM33","155435","381626","Rbm33"
"RBM34","23029","52202","Rbm34"
"RBM38","55544","56190","Rbm38"
"RBM39","9584","170791","Rbm39"
"RBM4","5936","19653","Rbm4"
"RBM4","5936","102902673","Gm21992"
"RBM41","55285","237073","Rbm41"
"RBM42","79171","68035","Rbm42"
"RBM43","375287","71684","Rbm43"
"RBM44","375316","329207","Rbm44"
"RBM45","129831","241490","Rbm45"
"RBM46","166863","633285","Rbm46"
"RBM47","54502","245945","Rbm47"
"RBM48","84060","269623","Rbm48"
"RBM4B","83759","66704","Rbm4b"
"RBM5","10181","83486","Rbm5"
"RBM6","10180","19654","Rbm6"
"RBM7","10179","67010","Rbm7"
"RBM8A","9939","60365","Rbm8a"
"RBMS1","5937","56878","Rbms1"
"RBMS2","5939","56516","Rbms2"
"RBMS3","27303","207181","Rbms3"
"RBMX","27316","19655","Rbmx"
"RBMX2","51634","209003","Rbmx2"
"RBMXL1","494115","19656","Rbmxl1"
"RBP1","5947","19659","Rbp1"
"RBP2","5948","19660","Rbp2"
"RBP3","5949","19661","Rbp3"
"RBP4","5950","19662","Rbp4"
"RBP7","116362","63954","Rbp7"
"RBPJ","3516","19664","Rbpj"
"RBPJL","11317","19668","Rbpjl"
"RBPMS","11030","19663","Rbpms"
"RBPMS2","348093","71973","Rbpms2"
"RBSN","64145","78287","Rbsn"
"RBX1","9978","56438","Rbx1"
"RBX1","9978","100043674","Rbx1-ps"
"RC3H1","149041","381305","Rc3h1"
"RC3H2","54542","319817","Rc3h2"
"RCAN1","1827","54720","Rcan1"
"RCAN2","10231","53901","Rcan2"
"RCAN3","11123","53902","Rcan3"
"RCBTB1","55213","71330","Rcbtb1"
"RCBTB2","1102","105670","Rcbtb2"
"RCC1","1104","100088","Rcc1"
"RCC1L","81554","94254","Rcc1l"
"RCC2","55920","108911","Rcc2"
"RCCD1","91433","269955","Rccd1"
"RCE1","9986","19671","Rce1"
"RCHY1","25898","68098","Rchy1"
"RCL1","10171","59028","Rcl1"
"RCN1","5954","19672","Rcn1"
"RCN2","5955","26611","Rcn2"
"RCN3","57333","52377","Rcn3"
"RCOR1","23186","217864","Rcor1"
"RCOR2","283248","104383","Rcor2"
"RCOR3","55758","214742","Rcor3"
"RCSD1","92241","226594","Rcsd1"
"RCVRN","5957","19674","Rcvrn"
"RD3","343035","74023","Rd3"
"RD3L","647286","217874","Rd3l"
"RDH10","157506","98711","Rdh10"
"RDH11","51109","17252","Rdh11"
"RDH12","145226","77974","Rdh12"
"RDH13","112724","108841","Rdh13"
"RDH14","57665","105014","Rdh14"
"RDH16","8608","19683","Rdh16"
"RDH16","8608","103142","Rdh9"
"RDH16","8608","107605","Rdh1"
"RDH16","8608","216453","Rdh19"
"RDH16","8608","216454","Rdh16f2"
"RDH16","8608","54150","Rdh7"
"RDH5","5959","19682","Rdh5"
"RDH8","50700","235033","Rdh8"
"RDM1","201299","66599","Rdm1"
"RDX","5962","19684","Rdx"
"REC114","283677","73673","Rec114"
"REC8","9985","56739","Rec8"
"RECK","8434","53614","Reck"
"RECQL","5965","19691","Recql"
"RECQL4","9401","79456","Recql4"
"RECQL5","9400","170472","Recql5"
"REEP1","65055","52250","Reep1"
"REEP2","51308","225362","Reep2"
"REEP3","221035","28193","Reep3"
"REEP4","80346","72549","Reep4"
"REEP5","7905","13476","Reep5"
"REEP6","92840","70335","Reep6"
"REG1A","5967","19692","Reg1"
"REG1B","5968","30053","Reg3d"
"REG1B","5968","19694","Reg3a"
"REG4","83998","67709","Reg4"
"REL","5966","19696","Rel"
"RELA","5970","19697","Rela"
"RELB","5971","19698","Relb"
"RELCH","57614","227446","Relch"
"RELL1","768211","100532","Rell1"
"RELL2","285613","225392","Rell2"
"RELN","5649","19699","Reln"
"RELT","84957","320100","Relt"
"REM1","28954","19700","Rem1"
"REM2","161253","140743","Rem2"
"REN","5972","19701","Ren1"
"RENBP","5973","19703","Renbp"
"REP15","387849","66532","Rep15"
"REPIN1","29803","58887","Repin1"
"REPS1","85021","19707","Reps1"
"REPS2","9185","194590","Reps2"
"RER1","11079","67830","Rer1"
"RERE","473","68703","Rere"
"RERG","85004","232441","Rerg"
"RERGL","79785","632971","Rergl"
"RESF1","55196","67246","Resf1"
"RESP18","389075","19711","Resp18"
"REST","5978","19712","Rest"
"RET","5979","19713","Ret"
"RETN","56729","57264","Retn"
"RETNLB","84666","57263","Retnlb"
"RETNLB","84666","245195","Retnlg"
"RETNLB","84666","57262","Retnla"
"RETREG1","54463","66270","Retreg1"
"RETREG2","79137","227298","Retreg2"
"RETREG3","162427","67998","Retreg3"
"RETSAT","54884","67442","Retsat"
"REV1","51455","56210","Rev1"
"REV3L","5980","19714","Rev3l"
"REX1BD","55049","66462","Rex1bd"
"REXO1","57455","66932","Rexo1"
"REXO2","25996","104444","Rexo2"
"REXO4","57109","227656","Rexo4"
"REXO5","81691","434234","Rexo5"
"RFC1","5981","19687","Rfc1"
"RFC2","5982","19718","Rfc2"
"RFC3","5983","69263","Rfc3"
"RFC4","5984","106344","Rfc4"
"RFC5","5985","72151","Rfc5"
"RFESD","317671","218341","Rfesd"
"RFFL","117584","67338","Rffl"
"RFK","55312","54391","Rfk"
"RFLNB","359845","76566","Rflnb"
"RFNG","5986","19719","Rfng"
"RFPL4B","442247","215919","Rfpl4b"
"RFT1","91869","328370","Rft1"
"RFTN1","23180","76438","Rftn1"
"RFTN2","130132","74013","Rftn2"
"RFWD3","55159","234736","Rfwd3"
"RFX1","5989","19724","Rfx1"
"RFX2","5990","19725","Rfx2"
"RFX3","5991","19726","Rfx3"
"RFX4","5992","71137","Rfx4"
"RFX5","5993","53970","Rfx5"
"RFX6","222546","320995","Rfx6"
"RFX7","64864","319758","Rfx7"
"RFX8","731220","619289","Rfx8"
"RFXANK","8625","19727","Rfxank"
"RFXAP","5994","170767","Rfxap"
"RGCC","28984","66214","Rgcc"
"RGL1","23179","19731","Rgl1"
"RGL2","5863","19732","Rgl2"
"RGL3","57139","71746","Rgl3"
"RGMA","56963","244058","Rgma"
"RGMB","285704","68799","Rgmb"
"RGN","9104","19733","Rgn"
"RGP1","9827","242406","Rgp1"
"RGR","5995","57811","Rgr"
"RGS1","5996","50778","Rgs1"
"RGS10","6001","67865","Rgs10"
"RGS11","8786","50782","Rgs11"
"RGS12","6002","71729","Rgs12"
"RGS13","6003","246709","Rgs13"
"RGS14","10636","51791","Rgs14"
"RGS16","6004","19734","Rgs16"
"RGS17","26575","56533","Rgs17"
"RGS18","64407","64214","Rgs18"
"RGS19","10287","56470","Rgs19"
"RGS2","5997","19735","Rgs2"
"RGS20","8601","58175","Rgs20"
"RGS21","431704","624910","Rgs21"
"RGS22","26166","626596","Rgs22"
"RGS3","5998","50780","Rgs3"
"RGS4","5999","19736","Rgs4"
"RGS5","8490","19737","Rgs5"
"RGS6","9628","50779","Rgs6"
"RGS7","6000","24012","Rgs7"
"RGS7BP","401190","52882","Rgs7bp"
"RGS8","85397","67792","Rgs8"
"RGS9","8787","19739","Rgs9"
"RGS9BP","388531","243923","Rgs9bp"
"RGSL1","353299","240816","Rgsl1"
"RHAG","6005","19743","Rhag"
"RHBDD1","84236","76867","Rhbdd1"
"RHBDD2","57414","215160","Rhbdd2"
"RHBDD3","25807","279766","Rhbdd3"
"RHBDF1","64285","13650","Rhbdf1"
"RHBDF2","79651","217344","Rhbdf2"
"RHBDL1","9028","214951","Rhbdl1"
"RHBDL2","54933","230726","Rhbdl2"
"RHBDL3","162494","246104","Rhbdl3"
"RHBG","57127","58176","Rhbg"
"RHCG","51458","56315","Rhcg"
"RHEB","6009","19744","Rheb"
"RHEBL1","121268","69159","Rhebl1"
"RHNO1","83695","72440","Rhno1"
"RHO","6010","212541","Rho"
"RHOA","387","11848","Rhoa"
"RHOB","388","11852","Rhob"
"RHOBTB1","9886","69288","Rhobtb1"
"RHOBTB2","23221","246710","Rhobtb2"
"RHOBTB3","22836","73296","Rhobtb3"
"RHOC","389","11853","Rhoc"
"RHOD","29984","11854","Rhod"
"RHOF","54509","23912","Rhof"
"RHOG","391","56212","Rhog"
"RHOH","399","74734","Rhoh"
"RHOJ","57381","80837","Rhoj"
"RHOQ","23433","104215","Rhoq"
"RHOT1","55288","59040","Rhot1"
"RHOT2","89941","214952","Rhot2"
"RHOU","58480","69581","Rhou"
"RHOV","171177","228543","Rhov"
"RHOXF1","158800","73614","Rhox13"
"RHPN1","114822","14787","Rhpn1"
"RHPN2","85415","52428","Rhpn2"
"RIBC1","158787","66611","Ribc1"
"RIBC2","26150","67747","Ribc2"
"RIC1","57589","226089","Ric1"
"RIC3","79608","320360","Ric3"
"RIC8A","60626","101489","Ric8a"
"RIC8B","55188","237422","Ric8b"
"RICTOR","253260","78757","Rictor"
"RIDA","10247","15473","Rida"
"RIF1","55183","51869","Rif1"
"RIIAD1","284485","66353","Riiad1"
"RILP","83547","280408","Rilp"
"RILPL1","353116","75695","Rilpl1"
"RILPL2","196383","80291","Rilpl2"
"RIMBP2","23504","231760","Rimbp2"
"RIMKLA","284716","194237","Rimkla"
"RIMKLB","57494","108653","Rimklb"
"RIMS1","22999","116837","Rims1"
"RIMS2","9699","116838","Rims2"
"RIMS3","9783","242662","Rims3"
"RIMS4","140730","241770","Rims4"
"RIN1","9610","225870","Rin1"
"RIN3","79890","217835","Rin3"
"RING1","6015","19763","Ring1"
"RINL","126432","320435","Rinl"
"RINT1","60561","72772","Rint1"
"RIOK1","83732","71340","Riok1"
"RIOK2","55781","67045","Riok2"
"RIOK3","8780","66878","Riok3"
"RIOX1","79697","71952","Riox1"
"RIOX2","84864","67014","Riox2"
"RIPK1","8737","19766","Ripk1"
"RIPK2","8767","192656","Ripk2"
"RIPK3","11035","56532","Ripk3"
"RIPK4","54101","72388","Ripk4"
"RIPOR1","79567","75687","Ripor1"
"RIPOR2","9750","193385","Ripor2"
"RIPOR3","140876","69553","Ripor3"
"RIPPLY1","92129","622473","Ripply1"
"RIPPLY2","134701","382089","Ripply2"
"RIPPLY3","53820","170765","Ripply3"
"RIT1","6016","19769","Rit1"
"RIT2","6014","19762","Rit2"
"RITA1","84934","100764","Rita1"
"RLBP1","6017","19771","Rlbp1"
"RLF","6018","109263","Rlf"
"RLIM","51132","19820","Rlim"
"RLN3","117579","212108","Rln3"
"RMC1","29919","76482","Rmc1"
"RMDN1","51115","66302","Rmdn1"
"RMDN2","151393","381110","Rmdn2"
"RMDN3","55177","67809","Rmdn3"
"RMI1","80010","74386","Rmi1"
"RMI2","116028","223970","Rmi2"
"RMND1","55005","66084","Rmnd1"
"RMND5A","64795","68477","Rmnd5a"
"RMND5B","64777","66089","Rmnd5b"
"RN7SL1","6029","103948","Rn7s1"
"RNA5S1","100169751","100861471","n-R5s100"
"RNA5S10","100169761","100861480","Gm25018"
"RNA5S12","100169763","100861495","n-R5s141"
"RNA5S16","100169767","19804","Rn5s"
"RNA5S16","100169767","100861475","n-R5s108"
"RNA5S16","100169767","100861484","n-R5s123"
"RNA5S6","100169757","100861492","n-R5s138"
"RNA5S7","100169758","100861493","n-R5s139"
"RNA5S8","100169759","100861499","Gm25212"
"RNASE1","6035","19752","Rnase1"
"RNASE10","338879","75019","Rnase10"
"RNASE11","122651","497113","Rnase11"
"RNASE12","493901","497106","Rnase12"
"RNASE13","440163","497071","Rnase13"
"RNASE4","6038","58809","Rnase4"
"RNASE6","6039","78416","Rnase6"
"RNASE9","390443","328401","Rnase9"
"RNASEH1","246243","19819","Rnaseh1"
"RNASEH2A","10535","69724","Rnaseh2a"
"RNASEH2B","79621","67153","Rnaseh2b"
"RNASEH2C","84153","68209","Rnaseh2c"
"RNASEK","440400","52898","Rnasek"
"RNASEL","6041","24014","Rnasel"
"RNASET2","8635","68195","Rnaset2b"
"RNASET2","8635","100037283","Rnaset2a"
"RND1","27289","223881","Rnd1"
"RND2","8153","11858","Rnd2"
"RND3","390","74194","Rnd3"
"RNF10","9921","50849","Rnf10"
"RNF103","7844","22644","Rnf103"
"RNF11","26994","29864","Rnf11"
"RNF111","54778","93836","Rnf111"
"RNF112","7732","22671","Rnf112"
"RNF113A","7737","66381","Rnf113a2"
"RNF113A","7737","69942","Rnf113a1"
"RNF114","55905","81018","Rnf114"
"RNF115","27246","67845","Rnf115"
"RNF121","55298","75212","Rnf121"
"RNF122","79845","68867","Rnf122"
"RNF123","63891","84585","Rnf123"
"RNF126","55658","70294","Rnf126"
"RNF128","79589","66889","Rnf128"
"RNF13","11342","24017","Rnf13"
"RNF130","55819","59044","Rnf130"
"RNF133","168433","386611","Rnf133"
"RNF135","84282","71956","Rnf135"
"RNF138","51444","56515","Rnf138"
"RNF138","51444","74264","Rnf138rt1"
"RNF139","11236","75841","Rnf139"
"RNF14","9604","56736","Rnf14"
"RNF141","50862","67150","Rnf141"
"RNF144A","9781","108089","Rnf144a"
"RNF144B","255488","218215","Rnf144b"
"RNF145","153830","74315","Rnf145"
"RNF146","81847","68031","Rnf146"
"RNF148","378925","71300","Rnf148"
"RNF149","284996","67702","Rnf149"
"RNF150","57484","330812","Rnf150"
"RNF151","146310","67504","Rnf151"
"RNF152","220441","320311","Rnf152"
"RNF157","114804","217340","Rnf157"
"RNF165","494470","225743","Rnf165"
"RNF166","115992","68718","Rnf166"
"RNF167","26001","70510","Rnf167"
"RNF168","165918","70238","Rnf168"
"RNF169","254225","108937","Rnf169"
"RNF17","56163","30054","Rnf17"
"RNF170","81790","77733","Rnf170"
"RNF180","285671","71816","Rnf180"
"RNF181","51255","66510","Rnf181"
"RNF182","221687","328234","Rnf182"
"RNF183","138065","76072","Rnf183"
"RNF185","91445","193670","Rnf185"
"RNF186","54546","66825","Rnf186"
"RNF187","149603","108660","Rnf187"
"RNF19A","25897","30945","Rnf19a"
"RNF19B","127544","75234","Rnf19b"
"RNF2","6045","19821","Rnf2"
"RNF20","56254","109331","Rnf20"
"RNF207","388591","433809","Rnf207"
"RNF208","727800","68846","Rnf208"
"RNF212","285498","671564","Rnf212"
"RNF212B","100507650","102632837","Rnf212b"
"RNF213","57674","672511","Rnf213"
"RNF214","257160","235315","Rnf214"
"RNF215","200312","71673","Rnf215"
"RNF216","54476","108086","Rnf216"
"RNF217","154214","268291","Rnf217"
"RNF220","55182","66743","Rnf220"
"RNF222","643904","320040","Rnf222"
"RNF223","401934","100045778","Rnf223"
"RNF224","643596","329360","Rnf224"
"RNF225","646862","381845","Rnf225"
"RNF24","11237","51902","Rnf24"
"RNF25","64320","57751","Rnf25"
"RNF26","79102","213211","Rnf26"
"RNF31","55072","268749","Rnf31"
"RNF32","140545","56874","Rnf32"
"RNF34","80196","80751","Rnf34"
"RNF38","152006","73469","Rnf38"
"RNF39","80352","386454","Rnf39"
"RNF4","6047","19822","Rnf4"
"RNF40","9810","233900","Rnf40"
"RNF41","10193","67588","Rnf41"
"RNF43","54894","207742","Rnf43"
"RNF44","22838","105239","Rnf44"
"RNF5","6048","54197","Rnf5"
"RNF6","6049","74132","Rnf6"
"RNF7","9616","19823","Rnf7"
"RNF8","9025","58230","Rnf8"
"RNFT1","51136","76892","Rnft1"
"RNFT2","84900","269695","Rnft2"
"RNGTT","8732","24018","Rngtt"
"RNH1","6050","107702","Rnh1"
"RNLS","55328","67795","Rnls"
"RNMT","8731","67897","Rnmt"
"RNPC3","55599","67225","Rnpc3"
"RNPEP","6051","215615","Rnpep"
"RNPEPL1","57140","108657","Rnpepl1"
"RNPS1","10921","19826","Rnps1"
"RNU105B","26767","115490459","Gm24533"
"RNU105C","26766","100306945","Snora73b"
"RNU105C","26766","100306944","Snora73a"
"RNU12","267010","104307","Rnu12"
"RNU2-1","6066","115487691","Gm25939"
"RNU2-1","6066","115487918","Gm23971"
"RNU2-1","6066","115487916","Gm23849"
"RNU2-1","6066","115487917","Gm24950"
"RNU2-1","6066","115487919","Gm26316"
"RNU2-1","6066","19848","Rnu2-10"
"RNU2-1","6066","115487915","Gm23444"
"RNU2-1","6066","115487690","Gm25360"
"RNU2-1","6066","115488085","Gm22973"
"RNU2-1","6066","115487688","Gm24497"
"RNU2-1","6066","115487687","Gm23472"
"RNU4-1","26835","115490317","Gm24265"
"RNU4-2","26834","115490316","Gm24407"
"RNU5A-1","26831","97418","Rnu5g"
"RNU5B-1","26832","115487325","Gm25313"
"RNU6-1","26827","115487326","Gm25064"
"RNU6-2","103625684","115488445","Gm22823"
"RNU6-2","103625684","115489655","Gm26496"
"RNY3","6085","19874","Rny3"
"RO60","6738","20822","Ro60"
"ROBO1","6091","19876","Robo1"
"ROBO2","6092","268902","Robo2"
"ROBO3","64221","19649","Robo3"
"ROBO4","54538","74144","Robo4"
"ROCK1","6093","19877","Rock1"
"ROCK2","9475","19878","Rock2"
"ROGDI","79641","66049","Rogdi"
"ROM1","6094","19881","Rom1"
"ROMO1","140823","67067","Romo1"
"ROPN1L","83853","252967","Ropn1l"
"ROR1","4919","26563","Ror1"
"ROR2","4920","26564","Ror2"
"RORA","6095","19883","Rora"
"RORB","6096","225998","Rorb"
"RORC","6097","19885","Rorc"
"ROS1","6098","19886","Ros1"
"RP1","6101","19888","Rp1"
"RP1L1","94137","271209","Rp1l1"
"RP2","6102","19889","Rp2"
"RP9","6100","55934","Rp9"
"RPA1","6117","68275","Rpa1"
"RPA2","6118","19891","Rpa2"
"RPA3","6119","68240","Rpa3"
"RPAIN","84268","69723","Rpain"
"RPAP1","26015","68925","Rpap1"
"RPAP2","79871","231571","Rpap2"
"RPAP3","79657","71919","Rpap3"
"RPE65","6121","19892","Rpe65"
"RPF1","80135","70285","Rpf1"
"RPF2","84154","67239","Rpf2"
"RPGR","6103","19893","Rpgr"
"RPGRIP1","57096","77945","Rpgrip1"
"RPGRIP1L","23322","244585","Rpgrip1l"
"RPH3A","22895","19894","Rph3a"
"RPH3AL","9501","380714","Rph3al"
"RPIA","22934","19895","Rpia"
"RPL10","6134","110954","Rpl10"
"RPL10A","4736","19896","Rpl10a"
"RPL10L","140801","238217","Rpl10l"
"RPL11","6135","67025","Rpl11"
"RPL12","6136","269261","Rpl12"
"RPL13","6137","270106","Rpl13"
"RPL13","6137","100040416","Rpl13-ps6"
"RPL13A","23521","22121","Rpl13a"
"RPL14","9045","67115","Rpl14"
"RPL15","6138","66480","Rpl15"
"RPL17","6139","319195","Rpl17"
"RPL17","6139","102632403","Rpl17-ps8"
"RPL17-C18orf32","100526842","100040929","Gm10362"
"RPL18","6141","19899","Rpl18"
"RPL18A","6142","76808","Rpl18a"
"RPL19","6143","19921","Rpl19"
"RPL21","6144","19933","Rpl21"
"RPL22","6146","19934","Rpl22"
"RPL22L1","200916","68028","Rpl22l1"
"RPL23","9349","65019","Rpl23"
"RPL24","6152","68193","Rpl24"
"RPL26","6154","19941","Rpl26"
"RPL27","6155","19942","Rpl27"
"RPL27A","6157","26451","Rpl27a"
"RPL28","6158","19943","Rpl28"
"RPL29","6159","19944","Rpl29"
"RPL3","6122","27367","Rpl3"
"RPL30","6156","19946","Rpl30"
"RPL31","6160","114641","Rpl31"
"RPL32","6161","19951","Rpl32"
"RPL32","6161","621697","Rpl32l"
"RPL34","6164","623174","Rpl34-ps2"
"RPL35","11224","66489","Rpl35"
"RPL35A","6165","57808","Rpl35a"
"RPL36","25873","100043718","Rpl36-ps12"
"RPL36A","6173","19982","Rpl36a"
"RPL36AL","6166","66483","Rpl36al"
"RPL37A","6168","19981","Rpl37a"
"RPL38","6169","67671","Rpl38"
"RPL39","6170","67248","Rpl39"
"RPL3L","6123","66211","Rpl3l"
"RPL4","6124","67891","Rpl4"
"RPL5","6125","100503670","Rpl5"
"RPL6","6128","19988","Rpl6"
"RPL6","6128","432502","Rpl6l"
"RPL7","6129","19989","Rpl7"
"RPL7A","6130","27176","Rpl7a"
"RPL7L1","285855","66229","Rpl7l1"
"RPL8","6132","26961","Rpl8"
"RPL9","6133","20005","Rpl9"
"RPLP0","6175","11837","Rplp0"
"RPLP1","6176","56040","Rplp1"
"RPLP2","6181","67186","Rplp2"
"RPN1","6184","103963","Rpn1"
"RPN2","6185","20014","Rpn2"
"RPP25","54913","102614","Rpp25"
"RPP25L","138716","69961","Rpp25l"
"RPP30","10556","54364","Rpp30"
"RPP38","10557","227522","Rpp38"
"RPP40","10799","208366","Rpp40"
"RPRD1A","55197","225283","Rprd1a"
"RPRD1B","58490","70470","Rprd1b"
"RPRD2","23248","75137","Rprd2"
"RPRM","56475","67874","Rprm"
"RPRML","388394","104582","Rprml"
"RPS10","6204","67097","Rps10"
"RPS11","6205","27207","Rps11"
"RPS12","6206","20042","Rps12"
"RPS13","6207","68052","Rps13"
"RPS14","6208","20044","Rps14"
"RPS15","6209","20054","Rps15"
"RPS15A","6210","267019","Rps15a"
"RPS16","6217","20055","Rps16"
"RPS17","6218","20068","Rps17"
"RPS18","6222","20084","Rps18"
"RPS19","6223","20085","Rps19"
"RPS19BP1","91582","66538","Rps19bp1"
"RPS2","6187","16898","Rps2"
"RPS20","6224","67427","Rps20"
"RPS21","6227","66481","Rps21"
"RPS23","6228","66475","Rps23"
"RPS24","6229","20088","Rps24"
"RPS25","6230","75617","Rps25"
"RPS26","6231","27370","Rps26"
"RPS27","6232","57294","Rps27"
"RPS27","6232","100043813","Rps27rt"
"RPS27A","6233","78294","Rps27a"
"RPS27L","51065","67941","Rps27l"
"RPS28","6234","54127","Rps28"
"RPS29","6235","20090","Rps29"
"RPS3","6188","27050","Rps3"
"RPS3A","6189","20091","Rps3a1"
"RPS5","6193","20103","Rps5"
"RPS6","6194","20104","Rps6"
"RPS6KA1","6195","20111","Rps6ka1"
"RPS6KA2","6196","20112","Rps6ka2"
"RPS6KA3","6197","110651","Rps6ka3"
"RPS6KA4","8986","56613","Rps6ka4"
"RPS6KA5","9252","73086","Rps6ka5"
"RPS6KA6","27330","67071","Rps6ka6"
"RPS6KB1","6198","72508","Rps6kb1"
"RPS6KB2","6199","58988","Rps6kb2"
"RPS6KC1","26750","320119","Rps6kc1"
"RPS6KL1","83694","238323","Rps6kl1"
"RPS7","6201","20115","Rps7"
"RPS9","6203","76846","Rps9"
"RPTN","126638","20129","Rptn"
"RPTOR","57521","74370","Rptor"
"RPUSD1","113000","106707","Rpusd1"
"RPUSD2","27079","271842","Rpusd2"
"RPUSD3","285367","101122","Rpusd3"
"RPUSD4","84881","71989","Rpusd4"
"RRAD","6236","56437","Rrad"
"RRAGA","10670","68441","Rraga"
"RRAGB","10325","245670","Rragb"
"RRAGC","64121","54170","Rragc"
"RRAGD","58528","52187","Rragd"
"RRAS","6237","20130","Rras"
"RRAS2","22800","66922","Rras2"
"RRBP1","6238","81910","Rrbp1"
"RREB1","6239","68750","Rreb1"
"RRH","10692","20132","Rrh"
"RRM1","6240","20133","Rrm1"
"RRM2","6241","20135","Rrm2"
"RRM2B","50484","382985","Rrm2b"
"RRN3","54700","106298","Rrn3"
"RRP1","8568","18114","Rrp1"
"RRP12","23223","107094","Rrp12"
"RRP15","51018","67223","Rrp15"
"RRP1B","23076","72462","Rrp1b"
"RRP36","88745","224823","Rrp36"
"RRP7A","27341","74778","Rrp7a"
"RRP8","23378","101867","Rrp8"
"RRP9","9136","27966","Rrp9"
"RRS1","23212","59014","Rrs1"
"RS1","6247","20147","Rs1"
"RSAD1","55316","237926","Rsad1"
"RSAD2","91543","58185","Rsad2"
"RSBN1","54665","229675","Rsbn1"
"RSBN1L","222194","242860","Rsbn1l"
"RSC1A1","6248","69994","Rsc1a1"
"RSF1","51773","233532","Rsf1"
"RSKR","124923","216976","Rskr"
"RSL1D1","26156","66409","Rsl1d1"
"RSL24D1","51187","225215","Rsl24d1"
"RSPH1","89765","22092","Rsph1"
"RSPH10B","222967","75136","Rsph10b"
"RSPH14","27156","71236","Rsph14"
"RSPH3","83861","66832","Rsph3a"
"RSPH3","83861","100037282","Rsph3b"
"RSPH4A","345895","212892","Rsph4a"
"RSPH6A","81492","83434","Rsph6a"
"RSPH9","221421","75564","Rsph9"
"RSPO1","284654","192199","Rspo1"
"RSPO2","340419","239405","Rspo2"
"RSPO3","84870","72780","Rspo3"
"RSPO4","343637","228770","Rspo4"
"RSPRY1","89970","67610","Rspry1"
"RSRC1","51319","66880","Rsrc1"
"RSRC2","65117","208606","Rsrc2"
"RSRP1","57035","27981","Rsrp1"
"RSU1","6251","20163","Rsu1"
"RTBDN","83546","234542","Rtbdn"
"RTCA","8634","66368","Rtca"
"RTCB","51493","28088","Rtcb"
"RTEL1","51750","269400","Rtel1"
"RTF1","23168","76246","Rtf1"
"RTF2","51507","66404","Rtf2"
"RTKN","6242","20166","Rtkn"
"RTKN2","219790","170799","Rtkn2"
"RTL1","388015","353326","Rtl1"
"RTL3","203430","213436","Rtl3"
"RTL4","340595","619287","Rtl4"
"RTL5","340526","331474","Rtl5"
"RTL6","84247","223732","Rtl6"
"RTL8B","441518","553127","Rtl8b"
"RTL8C","8933","72865","Rtl8c"
"RTL9","57529","209540","Rtl9"
"RTN1","6252","104001","Rtn1"
"RTN2","6253","20167","Rtn2"
"RTN3","10313","20168","Rtn3"
"RTN4","57142","68585","Rtn4"
"RTN4IP1","84816","170728","Rtn4ip1"
"RTN4R","65078","65079","Rtn4r"
"RTN4RL1","146760","237847","Rtn4rl1"
"RTN4RL2","349667","269295","Rtn4rl2"
"RTP1","132112","239766","Rtp1"
"RTP2","344892","224055","Rtp2"
"RTP3","83597","235636","Rtp3"
"RTP4","64108","67775","Rtp4"
"RTRAF","51637","68045","Rtraf"
"RTTN","25914","246102","Rttn"
"RUBCN","9711","100502698","Rubcn"
"RUBCNL","80183","271221","Rubcnl"
"RUFY1","80230","216724","Rufy1"
"RUFY2","55680","70432","Rufy2"
"RUFY3","22902","52822","Rufy3"
"RUFY4","285180","435626","Rufy4"
"RUNDC1","146923","217201","Rundc1"
"RUNDC3A","10900","51799","Rundc3a"
"RUNDC3B","154661","242819","Rundc3b"
"RUNX1T1","862","12395","Runx1t1"
"RUNX2","860","12393","Runx2"
"RUNX3","864","12399","Runx3"
"RUSC1","23623","72296","Rusc1"
"RUSC2","9853","100213","Rusc2"
"RUSF1","64755","233913","Rusf1"
"RUVBL1","8607","56505","Ruvbl1"
"RUVBL2","10856","20174","Ruvbl2"
"RWDD1","51389","66521","Rwdd1"
"RWDD2A","112611","69519","Rwdd2a"
"RWDD2B","10069","53858","Rwdd2b"
"RWDD3","25950","66568","Rwdd3"
"RWDD4","201965","192174","Rwdd4a"
"RXFP1","59350","381489","Rxfp1"
"RXFP2","122042","140498","Rxfp2"
"RXFP3","51289","239336","Rxfp3"
"RXFP4","339403","242093","Rxfp4"
"RXRA","6256","20181","Rxra"
"RXRB","6257","20182","Rxrb"
"RXRG","6258","20183","Rxrg"
"RXYLT1","10329","216395","Rxylt1"
"RYBP","23429","628746","Rybp-ps"
"RYK","6259","20187","Ryk"
"RYR1","6261","20190","Ryr1"
"RYR2","6262","20191","Ryr2"
"RYR3","6263","20192","Ryr3"
"S100A1","6271","20193","S100a1"
"S100A10","6281","20194","S100a10"
"S100A11","6282","20195","S100a11"
"S100A11","6282","277089","S100a11-ps"
"S100A13","6284","20196","S100a13"
"S100A14","57402","66166","S100a14"
"S100A16","140576","67860","S100a16"
"S100A2","6273","628324","S100a2"
"S100A3","6274","20197","S100a3"
"S100A4","6275","20198","S100a4"
"S100A5","6276","20199","S100a5"
"S100A6","6277","20200","S100a6"
"S100A8","6279","20201","S100a8"
"S100A9","6280","20202","S100a9"
"S100B","6285","20203","S100b"
"S100G","795","12309","S100g"
"S100PBP","64766","74648","S100pbp"
"S100Z","170591","268686","S100z"
"S1PR1","1901","13609","S1pr1"
"S1PR2","9294","14739","S1pr2"
"S1PR4","8698","13611","S1pr4"
"S1PR5","53637","94226","S1pr5"
"SAA1","6288","20208","Saa1"
"SAA1","6288","20209","Saa2"
"SAAL1","113174","78935","Saal1"
"SAC3D1","29901","66406","Sac3d1"
"SACM1L","22908","83493","Sacm1l"
"SACS","26278","50720","Sacs"
"SAE1","10055","56459","Sae1"
"SAFB","6294","224903","Safb"
"SAFB2","9667","224902","Safb2"
"SAG","6295","20215","Sag"
"SALL1","6299","58198","Sall1"
"SALL2","6297","50524","Sall2"
"SALL3","27164","20689","Sall3"
"SALL4","57167","99377","Sall4"
"SAMD1","90378","666704","Samd1"
"SAMD10","140700","229011","Samd10"
"SAMD11","148398","231004","Samd11"
"SAMD12","401474","320679","Samd12"
"SAMD13","148418","75015","Samd13"
"SAMD14","201191","217125","Samd14"
"SAMD15","161394","238333","Samd15"
"SAMD3","154075","268288","Samd3"
"SAMD4A","23034","74480","Samd4"
"SAMD4B","55095","233033","Samd4b"
"SAMD5","389432","320825","Samd5"
"SAMD7","344658","75953","Samd7"
"SAMD8","142891","67630","Samd8"
"SAMD9L","219285","209086","Samd9l"
"SAMHD1","25939","56045","Samhd1"
"SAMM50","25813","68653","Samm50"
"SANBR","84542","71675","Sanbr"
"SANBR","84542","71675","0610010F05Rik"
"SAP130","79595","269003","Sap130"
"SAP18","10284","20220","Sap18"
"SAP18","10284","100041953","Sap18b"
"SAP25","100316904","751865","Sap25"
"SAP30","8819","60406","Sap30"
"SAP30BP","29115","57230","Sap30bp"
"SAP30L","79685","50724","Sap30l"
"SAPCD1","401251","78376","Sapcd1"
"SAPCD2","89958","72080","Sapcd2"
"SAR1A","56681","20224","Sar1a"
"SAR1B","51128","66397","Sar1b"
"SARAF","51669","67887","Saraf"
"SARDH","1757","192166","Sardh"
"SARM1","23098","237868","Sarm1"
"SARNP","84324","66118","Sarnp"
"SARS1","6301","20226","Sars"
"SARS2","54938","71984","Sars2"
"SART1","9092","20227","Sart1"
"SART3","9733","53890","Sart3"
"SASH1","23328","70097","Sash1"
"SASH3","54440","74131","Sash3"
"SASS6","163786","72776","Sass6"
"SAT1","6303","20229","Sat1"
"SAT2","112483","69215","Sat2"
"SATB1","6304","20230","Satb1"
"SATB2","23314","212712","Satb2"
"SATL1","340562","73809","Satl1"
"SAV1","60485","64010","Sav1"
"SAXO1","158297","75811","Saxo1"
"SAXO2","283726","330577","Saxo2"
"SAYSD1","55776","67509","Saysd1"
"SBDS","51119","66711","Sbds"
"SBF1","6305","77980","Sbf1"
"SBF2","81846","319934","Sbf2"
"SBK1","388228","104175","Sbk1"
"SBK2","646643","381836","Sbk2"
"SBK3","100130827","381835","Sbk3"
"SBNO1","55206","243272","Sbno1"
"SBNO2","22904","216161","Sbno2"
"SBSN","374897","282619","Sbsn"
"SBSPON","157869","226866","Sbspon"
"SC5D","6309","235293","Sc5d"
"SCAF1","58506","233208","Scaf1"
"SCAF11","9169","72193","Scaf11"
"SCAF4","57466","224432","Scaf4"
"SCAF8","22828","106583","Scaf8"
"SCAI","286205","320271","Scai"
"SCAMP1","9522","107767","Scamp1"
"SCAMP2","10066","24044","Scamp2"
"SCAMP3","10067","24045","Scamp3"
"SCAMP4","113178","56214","Scamp4"
"SCAMP5","192683","56807","Scamp5"
"SCAND1","51282","19018","Scand1"
"SCAP","22937","235623","Scap"
"SCAPER","49855","244891","Scaper"
"SCARA3","51435","219151","Scara3"
"SCARA5","286133","71145","Scara5"
"SCARB1","949","20778","Scarb1"
"SCARB2","950","12492","Scarb2"
"SCARF1","8578","380713","Scarf1"
"SCARF2","91179","224024","Scarf2"
"SCARNA12","677777","115490496","Gm23547"
"SCARNA14","692149","115487307","Gm24289"
"SCARNA18","677765","115488238","Gm24507"
"SCARNA18B","107397392","115487685","Gm25663"
"SCARNA4","677771","115489824","Gm25820"
"SCARNA4","677771","115487888","Gm26413"
"SCCPDH","51097","109232","Sccpdh"
"SCD","6319","20249","Scd1"
"SCD","6319","329065","Scd4"
"SCD","6319","20250","Scd2"
"SCEL","8796","64929","Scel"
"SCFD1","23256","76983","Scfd1"
"SCFD2","152579","212986","Scfd2"
"SCG2","7857","20254","Scg2"
"SCG3","29106","20255","Scg3"
"SCG5","6447","20394","Scg5"
"SCGB1A1","7356","22287","Scgb1a1"
"SCGB3A1","92304","68662","Scgb3a1"
"SCGB3A2","117156","117158","Scgb3a2"
"SCGN","10590","214189","Scgn"
"SCIMP","388325","327957","Scimp"
"SCIN","85477","20259","Scin"
"SCLT1","132320","67161","Sclt1"
"SCLY","51540","50880","Scly"
"SCMH1","22955","29871","Scmh1"
"SCML2","10389","107815","Scml2"
"SCML4","256380","268297","Scml4"
"SCN10A","6336","20264","Scn10a"
"SCN11A","11280","24046","Scn11a"
"SCN1A","6323","20265","Scn1a"
"SCN1B","6324","20266","Scn1b"
"SCN2A","6326","110876","Scn2a"
"SCN2B","6327","72821","Scn2b"
"SCN3A","6328","20269","Scn3a"
"SCN3B","55800","235281","Scn3b"
"SCN4A","6329","110880","Scn4a"
"SCN4B","6330","399548","Scn4b"
"SCN5A","6331","20271","Scn5a"
"SCN7A","6332","20272","Scn7a"
"SCN8A","6334","20273","Scn8a"
"SCN9A","6335","20274","Scn9a"
"SCNN1A","6337","20276","Scnn1a"
"SCNN1B","6338","20277","Scnn1b"
"SCNN1G","6340","20278","Scnn1g"
"SCO1","6341","52892","Sco1"
"SCO2","9997","100126824","Sco2"
"SCOC","60592","56367","Scoc"
"SCP2","6342","20280","Scp2"
"SCP2D1","140856","66328","Scp2d1"
"SCPEP1","59342","74617","Scpep1"
"SCRG1","11341","20284","Scrg1"
"SCRIB","23513","105782","Scrib"
"SCRN1","9805","69938","Scrn1"
"SCRN2","90507","217140","Scrn2"
"SCRN3","79634","74616","Scrn3"
"SCRT1","83482","170729","Scrt1"
"SCRT2","85508","545474","Scrt2"
"SCT","6343","20287","Sct"
"SCTR","6344","319229","Sctr"
"SCUBE1","80274","64706","Scube1"
"SCUBE2","57758","56788","Scube2"
"SCUBE3","222663","268935","Scube3"
"SCX","642658","20289","Scx"
"SCYL1","57410","78891","Scyl1"
"SCYL2","55681","213326","Scyl2"
"SCYL3","57147","240880","Scyl3"
"SDAD1","55153","231452","Sdad1"
"SDC1","6382","20969","Sdc1"
"SDC2","6383","15529","Sdc2"
"SDC3","9672","20970","Sdc3"
"SDC4","6385","20971","Sdc4"
"SDCBP","6386","53378","Sdcbp"
"SDCBP2","27111","228765","Sdcbp2"
"SDCCAG8","10806","76816","Sdccag8"
"SDE2","163859","208768","Sde2"
"SDF2","6388","20316","Sdf2"
"SDF2L1","23753","64136","Sdf2l1"
"SDF4","51150","20318","Sdf4"
"SDHA","6389","66945","Sdha"
"SDHAF1","644096","68332","Sdhaf1"
"SDHAF2","54949","66072","Sdhaf2"
"SDHAF3","57001","71238","Sdhaf3"
"SDHAF4","135154","68002","Sdhaf4"
"SDHB","6390","67680","Sdhb"
"SDHC","6391","66052","Sdhc"
"SDHD","6392","66925","Sdhd"
"SDK1","221935","330222","Sdk1"
"SDK2","54549","237979","Sdk2"
"SDR16C5","195814","242285","Sdr16c5"
"SDR39U1","56948","654795","Sdr39u1"
"SDR42E1","93517","74032","Sdr42e1"
"SDR42E2","100288072","436008","Gm5737"
"SDR9C7","121214","70061","Sdr9c7"
"SDS","10993","231691","Sds"
"SDSL","113675","257635","Sdsl"
"SEBOX","645832","18292","Sebox"
"SEC11A","23478","56529","Sec11a"
"SEC11C","90701","66286","Sec11c"
"SEC13","6396","110379","Sec13"
"SEC14L1","6397","74136","Sec14l1"
"SEC14L2","23541","67815","Sec14l2"
"SEC14L3","266629","380683","Sec14l3"
"SEC14L4","284904","103655","Sec14l4"
"SEC14L5","9717","665119","Sec14l5"
"SEC16A","9919","227648","Sec16a"
"SEC22A","26984","317717","Sec22a"
"SEC22B","9554","20333","Sec22b"
"SEC22C","9117","215474","Sec22c"
"SEC23A","10484","20334","Sec23a"
"SEC23B","10483","27054","Sec23b"
"SEC23IP","11196","207352","Sec23ip"
"SEC24A","10802","77371","Sec24a"
"SEC24B","10427","99683","Sec24b"
"SEC24C","9632","218811","Sec24c"
"SEC24D","9871","69608","Sec24d"
"SEC31A","22872","69162","Sec31a"
"SEC31B","25956","240667","Sec31b"
"SEC61A1","29927","53421","Sec61a1"
"SEC61A2","55176","57743","Sec61a2"
"SEC61B","10952","66212","Sec61b"
"SEC61G","23480","20335","Sec61g"
"SEC61G","23480","100043039","Gm4184"
"SEC61G","23480","102637269","Gm11575"
"SEC61G","23480","102640296","Gm12881"
"SEC62","7095","69276","Sec62"
"SEC63","11231","140740","Sec63"
"SECISBP2","79048","75420","Secisbp2"
"SECISBP2L","9728","70354","Secisbp2l"
"SECTM1","6398","209588","Sectm1a"
"SECTM1","6398","58210","Sectm1b"
"SEH1L","81929","72124","Seh1l"
"SEL1L","6400","20338","Sel1l"
"SEL1L2","80343","228684","Sel1l2"
"SEL1L3","23231","231238","Sel1l3"
"SELE","6401","20339","Sele"
"SELENBP1","8991","20341","Selenbp1"
"SELENBP1","8991","20342","Selenbp2"
"SELENOF","9403","93684","Selenof"
"SELENOH","280636","72657","Selenoh"
"SELENOI","85465","28042","Selenoi"
"SELENOK","58515","80795","Selenok"
"SELENOM","140606","114679","Selenom"
"SELENON","57190","74777","Selenon"
"SELENOO","83642","223776","Selenoo"
"SELENOP","6414","20363","Selenop"
"SELENOS","55829","109815","Selenos"
"SELENOT","51714","69227","Selenot"
"SELENOV","348303","280621","Selenov"
"SELENOW","6415","20364","Selenow"
"SELL","6402","20343","Sell"
"SELP","6403","20344","Selp"
"SELPLG","6404","20345","Selplg"
"SEM1","7979","20422","Sem1"
"SEMA3A","10371","20346","Sema3a"
"SEMA3B","7869","20347","Sema3b"
"SEMA3C","10512","20348","Sema3c"
"SEMA3D","223117","108151","Sema3d"
"SEMA3E","9723","20349","Sema3e"
"SEMA3F","6405","20350","Sema3f"
"SEMA3G","56920","218877","Sema3g"
"SEMA4A","64218","20351","Sema4a"
"SEMA4B","10509","20352","Sema4b"
"SEMA4C","54910","20353","Sema4c"
"SEMA4D","10507","20354","Sema4d"
"SEMA4F","10505","20355","Sema4f"
"SEMA4G","57715","26456","Sema4g"
"SEMA5A","9037","20356","Sema5a"
"SEMA5B","54437","20357","Sema5b"
"SEMA6A","57556","20358","Sema6a"
"SEMA6B","10501","20359","Sema6b"
"SEMA6C","10500","20360","Sema6c"
"SEMA6D","80031","214968","Sema6d"
"SEMA7A","8482","20361","Sema7a"
"SENP1","29843","223870","Senp1"
"SENP2","59343","75826","Senp2"
"SENP3","26168","80886","Senp3"
"SENP5","205564","320213","Senp5"
"SENP6","26054","215351","Senp6"
"SENP7","57337","66315","Senp7"
"SENP8","123228","71599","Senp8"
"SEPHS1","22929","109079","Sephs1"
"SEPHS2","22928","20768","Sephs2"
"SEPSECS","51091","211006","Sepsecs"
"SEPTIN10","151011","103080","Septin10"
"SEPTIN11","55752","52398","Septin11"
"SEPTIN12","124404","71089","Septin12"
"SEPTIN14","346288","74222","Septin14"
"SEPTIN2","4735","18000","Septin2"
"SEPTIN3","55964","24050","Septin3"
"SEPTIN4","5414","18952","Septin4"
"SEPTIN5","5413","18951","Septin5"
"SEPTIN6","23157","56526","Septin6"
"SEPTIN7","989","235072","Septin7"
"SEPTIN8","23176","20362","Septin8"
"SEPTIN9","10801","53860","Septin9"
"SERAC1","84947","321007","Serac1"
"SERBP1","26135","66870","Serbp1"
"SERF1A","8293","20365","Serf1"
"SERF2","10169","378702","Serf2"
"SERGEF","26297","27414","Sergef"
"SERHL2","253190","68607","Serhl"
"SERINC1","57515","56442","Serinc1"
"SERINC2","347735","230779","Serinc2"
"SERINC3","10955","26943","Serinc3"
"SERINC4","619189","574418","Serinc4"
"SERINC5","256987","218442","Serinc5"
"SERP1","27230","28146","Serp1"
"SERP2","387923","72661","Serp2"
"SERPINA1","5265","20700","Serpina1a"
"SERPINA1","5265","20701","Serpina1b"
"SERPINA1","5265","20702","Serpina1c"
"SERPINA1","5265","20703","Serpina1d"
"SERPINA1","5265","20704","Serpina1e"
"SERPINA10","51156","217847","Serpina10"
"SERPINA11","256394","380780","Serpina11"
"SERPINA12","145264","68054","Serpina12"
"SERPINA3","12","16625","Serpina3c"
"SERPINA3","12","20714","Serpina3k"
"SERPINA3","12","20716","Serpina3n"
"SERPINA3","12","20717","Serpina3m"
"SERPINA3","12","271047","Serpina3b"
"SERPINA3","12","74069","Serpina3a"
"SERPINA3","12","20715","Serpina3g"
"SERPINA3","12","238393","Serpina3f"
"SERPINA3","12","238395","Serpina3j"
"SERPINA3","12","628900","Serpina3i"
"SERPINA5","5104","268591","Serpina5"
"SERPINA6","866","12401","Serpina6"
"SERPINA7","6906","331535","Serpina7"
"SERPINA9","327657","71907","Serpina9"
"SERPINB1","1992","66222","Serpinb1a"
"SERPINB1","1992","380839","Serpinb1c"
"SERPINB1","1992","282663","Serpinb1b"
"SERPINB10","5273","241197","Serpinb10"
"SERPINB11","89778","66957","Serpinb11"
"SERPINB12","89777","71869","Serpinb12"
"SERPINB13","5275","241196","Serpinb13"
"SERPINB2","5055","18788","Serpinb2"
"SERPINB5","5268","20724","Serpinb5"
"SERPINB6","5269","20719","Serpinb6a"
"SERPINB6","5269","238568","Serpinb6d"
"SERPINB6","5269","435350","Serpinb6e"
"SERPINB6","5269","20708","Serpinb6b"
"SERPINB6","5269","97848","Serpinb6c"
"SERPINB7","8710","116872","Serpinb7"
"SERPINB8","5271","20725","Serpinb8"
"SERPINB9","5272","20723","Serpinb9"
"SERPINB9","5272","20709","Serpinb9f"
"SERPINB9","5272","20706","Serpinb9b"
"SERPINB9","5272","20726","Serpinb9d"
"SERPINB9","5272","20710","Serpinb9e"
"SERPINB9","5272","20707","Serpinb9c"
"SERPINB9","5272","544923","Serpinb9h"
"SERPINB9","5272","93806","Serpinb9g"
"SERPINC1","462","11905","Serpinc1"
"SERPIND1","3053","15160","Serpind1"
"SERPINE1","5054","18787","Serpine1"
"SERPINE2","5270","20720","Serpine2"
"SERPINE3","647174","319433","Serpine3"
"SERPINF1","5176","20317","Serpinf1"
"SERPINF2","5345","18816","Serpinf2"
"SERPING1","710","12258","Serping1"
"SERPINH1","871","12406","Serpinh1"
"SERPINI1","5274","20713","Serpini1"
"SERPINI2","5276","67931","Serpini2"
"SERTAD1","29950","55942","Sertad1"
"SERTAD2","9792","58172","Sertad2"
"SERTAD3","29946","170742","Sertad3"
"SERTAD4","56256","214791","Sertad4"
"SERTM1","400120","329641","Sertm1"
"SERTM2","401613","319764","A730046J19Rik"
"SESN1","27244","140742","Sesn1"
"SESN2","83667","230784","Sesn2"
"SESN3","143686","75747","Sesn3"
"SESTD1","91404","228071","Sestd1"
"SETBP1","26040","240427","Setbp1"
"SETD1A","9739","233904","Setd1a"
"SETD1B","23067","208043","Setd1b"
"SETD2","29072","235626","Setd2"
"SETD3","84193","52690","Setd3"
"SETD4","54093","224440","Setd4"
"SETD5","55209","72895","Setd5"
"SETD6","79918","66083","Setd6"
"SETD7","80854","73251","Setd7"
"SETDB1","9869","84505","Setdb1"
"SETDB2","83852","239122","Setdb2"
"SETX","23064","269254","Setx"
"SEZ6","124925","20370","Sez6"
"SEZ6L","23544","56747","Sez6l"
"SEZ6L2","26470","233878","Sez6l2"
"SF1","7536","22668","Sf1"
"SF3A1","10291","67465","Sf3a1"
"SF3A2","8175","20222","Sf3a2"
"SF3A3","10946","75062","Sf3a3"
"SF3B1","23451","81898","Sf3b1"
"SF3B2","10992","319322","Sf3b2"
"SF3B3","23450","101943","Sf3b3"
"SF3B4","10262","107701","Sf3b4"
"SF3B5","83443","66125","Sf3b5"
"SF3B6","51639","66055","Sf3b6"
"SFI1","9814","78887","Sfi1"
"SFMBT1","51460","54650","Sfmbt1"
"SFMBT2","57713","353282","Sfmbt2"
"SFN","2810","55948","Sfn"
"SFPQ","6421","71514","Sfpq"
"SFR1","119392","67788","Sfr1"
"SFRP1","6422","20377","Sfrp1"
"SFRP2","6423","20319","Sfrp2"
"SFRP4","6424","20379","Sfrp4"
"SFRP5","6425","54612","Sfrp5"
"SFSWAP","6433","231769","Sfswap"
"SFT2D1","113402","106489","Sft2d1"
"SFT2D2","375035","108735","Sft2d2"
"SFT2D3","84826","67158","Sft2d3"
"SFTPB","6439","20388","Sftpb"
"SFTPC","6440","20389","Sftpc"
"SFTPD","6441","20390","Sftpd"
"SFXN1","94081","14057","Sfxn1"
"SFXN2","118980","94279","Sfxn2"
"SFXN3","81855","94280","Sfxn3"
"SFXN4","119559","94281","Sfxn4"
"SFXN5","94097","94282","Sfxn5"
"SGCA","6442","20391","Sgca"
"SGCB","6443","24051","Sgcb"
"SGCD","6444","24052","Sgcd"
"SGCE","8910","20392","Sgce"
"SGCG","6445","24053","Sgcg"
"SGCZ","137868","244431","Sgcz"
"SGF29","112869","75565","Sgf29"
"SGIP1","84251","73094","Sgip1"
"SGK1","6446","20393","Sgk1"
"SGK2","10110","27219","Sgk2"
"SGMS1","259230","208449","Sgms1"
"SGMS2","166929","74442","Sgms2"
"SGO1","151648","72415","Sgo1"
"SGO2","151246","68549","Sgo2a"
"SGO2","151246","244495","Sgo2b"
"SGPL1","8879","20397","Sgpl1"
"SGPP1","81537","81535","Sgpp1"
"SGPP2","130367","433323","Sgpp2"
"SGSH","6448","27029","Sgsh"
"SGSM1","129049","52850","Sgsm1"
"SGSM2","9905","97761","Sgsm2"
"SGSM3","27352","105835","Sgsm3"
"SGTA","6449","52551","Sgta"
"SGTB","54557","218544","Sgtb"
"SH2B1","25970","20399","Sh2b1"
"SH2B2","10603","23921","Sh2b2"
"SH2B3","10019","16923","Sh2b3"
"SH2D1A","4068","20400","Sh2d1a"
"SH2D1B","117157","26904","Sh2d1b1"
"SH2D1B","117157","545378","Sh2d1b2"
"SH2D2A","9047","27371","Sh2d2a"
"SH2D3C","10044","27387","Sh2d3c"
"SH2D4A","63898","72281","Sh2d4a"
"SH2D4B","387694","328381","Sh2d4b"
"SH2D5","400745","230863","Sh2d5"
"SH2D6","284948","71130","Sh2d6"
"SH2D7","646892","244885","Sh2d7"
"SH3BGRL","6451","56726","Sh3bgrl"
"SH3BGRL2","83699","212531","Sh3bgrl2"
"SH3BGRL3","83442","73723","Sh3bgrl3"
"SH3BP1","23616","20401","Sh3bp1"
"SH3BP2","6452","24055","Sh3bp2"
"SH3BP4","23677","98402","Sh3bp4"
"SH3BP5","9467","24056","Sh3bp5"
"SH3BP5L","80851","79566","Sh3bp5l"
"SH3D19","152503","27059","Sh3d19"
"SH3D21","79729","66938","Sh3d21"
"SH3GL1","6455","20405","Sh3gl1"
"SH3GL2","6456","20404","Sh3gl2"
"SH3GL3","6457","20408","Sh3gl3"
"SH3GLB1","51100","54673","Sh3glb1"
"SH3GLB2","56904","227700","Sh3glb2"
"SH3KBP1","30011","58194","Sh3kbp1"
"SH3PXD2A","9644","14218","Sh3pxd2a"
"SH3PXD2B","285590","268396","Sh3pxd2b"
"SH3RF1","57630","59009","Sh3rf1"
"SH3RF2","153769","269016","Sh3rf2"
"SH3RF3","344558","237353","Sh3rf3"
"SH3TC1","54436","231147","Sh3tc1"
"SH3TC2","79628","225608","Sh3tc2"
"SH3YL1","26751","24057","Sh3yl1"
"SHANK1","50944","243961","Shank1"
"SHANK2","22941","210274","Shank2"
"SHANK3","85358","58234","Shank3"
"SHARPIN","81858","106025","Sharpin"
"SHB","6461","230126","Shb"
"SHBG","6462","20415","Shbg"
"SHC1","6464","20416","Shc1"
"SHC2","25759","216148","Shc2"
"SHC3","53358","20418","Shc3"
"SHC4","399694","271849","Shc4"
"SHCBP1","79801","20419","Shcbp1"
"SHCBP1L","81626","71836","Shcbp1l"
"SHD","56961","20420","Shd"
"SHE","126669","214547","She"
"SHF","90525","435684","Shf"
"SHFL","55337","319278","Shfl"
"SHH","6469","20423","Shh"
"SHISA2","387914","219134","Shisa2"
"SHISA3","152573","330096","Shisa3"
"SHISA4","149345","77552","Shisa4"
"SHISA5","51246","66940","Shisa5"
"SHISA6","388336","380702","Shisa6"
"SHISA7","729956","232813","Shisa7"
"SHISA8","440829","435145","Shisa8"
"SHISA9","729993","72555","Shisa9"
"SHISAL1","85352","72301","Shisal1"
"SHISAL2A","348378","545667","Shisal2a"
"SHISAL2B","100132916","77803","Shisal2b"
"SHKBP1","92799","192192","Shkbp1"
"SHLD1","149840","73747","Shld1"
"SHLD2","54537","75698","Shld2"
"SHLD3","112441434","113002583","Shld3"
"SHMT1","6470","20425","Shmt1"
"SHMT2","6472","108037","Shmt2"
"SHOC1","158401","100155","Shoc1"
"SHOC2","8036","56392","Shoc2"
"SHOX","6473","434769","Rhox10"
"SHOX2","6474","20429","Shox2"
"SHPK","23729","74637","Shpk"
"SHPRH","257218","268281","Shprh"
"SHQ1","55164","72171","Shq1"
"SHROOM1","134549","71774","Shroom1"
"SHROOM2","357","110380","Shroom2"
"SHROOM3","57619","27428","Shroom3"
"SHROOM4","57477","208431","Shroom4"
"SHTN1","57698","71653","Shtn1"
"SI","6476","69983","Sis"
"SIAE","54414","22619","Siae"
"SIAH1","6477","20437","Siah1a"
"SIAH1","6477","20438","Siah1b"
"SIAH2","6478","20439","Siah2"
"SIAH3","283514","380918","Siah3"
"SIDT1","54847","320007","Sidt1"
"SIDT2","51092","214597","Sidt2"
"SIGIRR","59307","24058","Sigirr"
"SIGLEC1","6614","20612","Siglec1"
"SIGLEC15","284266","620235","Siglec15"
"SIGLEC6","946","233274","Siglech"
"SIGLECL1","284369","100039946","Siglecl1"
"SIGLECL1","284369","74054","4931406B18Rik"
"SIGMAR1","10280","18391","Sigmar1"
"SIK2","23235","235344","Sik2"
"SIK3","23387","70661","Sik3"
"SIKE1","80143","66641","Sike1"
"SIL1","64374","81500","Sil1"
"SIM1","6492","20464","Sim1"
"SIM2","6493","20465","Sim2"
"SIMC1","375484","319719","Simc1"
"SIN3A","25942","20466","Sin3a"
"SIN3B","23309","20467","Sin3b"
"SINHCAF","58516","56306","Sinhcaf"
"SIPA1","6494","20469","Sipa1"
"SIPA1L1","26037","217692","Sipa1l1"
"SIPA1L2","57568","244668","Sipa1l2"
"SIPA1L3","23094","74206","Sipa1l3"
"SIRT1","23411","93759","Sirt1"
"SIRT2","22933","64383","Sirt2"
"SIRT3","23410","64384","Sirt3"
"SIRT4","23409","75387","Sirt4"
"SIRT5","23408","68346","Sirt5"
"SIRT6","51548","50721","Sirt6"
"SIRT7","51547","209011","Sirt7"
"SIT1","27240","54390","Sit1"
"SIVA1","10572","30954","Siva1"
"SIX1","6495","20471","Six1"
"SIX2","10736","20472","Six2"
"SIX3","6496","20473","Six3"
"SIX4","51804","20474","Six4"
"SIX5","147912","20475","Six5"
"SIX6","4990","20476","Six6"
"SKA1","220134","66468","Ska1"
"SKA2","348235","66140","Ska2"
"SKA3","221150","219114","Ska3"
"SKAP1","8631","78473","Skap1"
"SKAP2","8935","54353","Skap2"
"SKI","6497","20481","Ski"
"SKIDA1","387640","72668","Skida1"
"SKIL","6498","20482","Skil"
"SKIV2L","6499","108077","Skiv2l"
"SKOR1","390598","207667","Skor1"
"SKOR2","652991","664805","Skor2"
"SKP1","6500","21402","Skp1"
"SKP2","6502","27401","Skp2"
"SLA","6503","20491","Sla"
"SLA2","84174","77799","Sla2"
"SLAIN1","122060","105439","Slain1"
"SLAIN2","57606","75991","Slain2"
"SLAMF1","6504","27218","Slamf1"
"SLAMF6","114836","30925","Slamf6"
"SLAMF7","57823","75345","Slamf7"
"SLAMF8","56833","74748","Slamf8"
"SLAMF9","89886","98365","Slamf9"
"SLBP","7884","20492","Slbp"
"SLC10A1","6554","20493","Slc10a1"
"SLC10A2","6555","20494","Slc10a2"
"SLC10A3","8273","214601","Slc10a3"
"SLC10A4","201780","231290","Slc10a4"
"SLC10A4","201780","545758","Slc10a4-ps"
"SLC10A5","347051","241877","Slc10a5"
"SLC10A6","345274","75750","Slc10a6"
"SLC10A7","84068","76775","Slc10a7"
"SLC11A1","6556","18173","Slc11a1"
"SLC11A2","4891","18174","Slc11a2"
"SLC12A1","6557","20495","Slc12a1"
"SLC12A2","6558","20496","Slc12a2"
"SLC12A3","6559","20497","Slc12a3"
"SLC12A4","6560","20498","Slc12a4"
"SLC12A5","57468","57138","Slc12a5"
"SLC12A6","9990","107723","Slc12a6"
"SLC12A7","10723","20499","Slc12a7"
"SLC12A8","84561","171286","Slc12a8"
"SLC12A9","56996","83704","Slc12a9"
"SLC13A1","6561","55961","Slc13a1"
"SLC13A2","9058","20500","Slc13a2"
"SLC13A3","64849","114644","Slc13a3"
"SLC13A4","26266","243755","Slc13a4"
"SLC13A5","284111","237831","Slc13a5"
"SLC14A1","6563","108052","Slc14a1"
"SLC14A2","8170","27411","Slc14a2"
"SLC15A1","6564","56643","Slc15a1"
"SLC15A2","6565","57738","Slc15a2"
"SLC15A3","51296","65221","Slc15a3"
"SLC15A4","121260","100561","Slc15a4"
"SLC15A5","729025","277898","Slc15a5"
"SLC16A1","6566","20501","Slc16a1"
"SLC16A10","117247","72472","Slc16a10"
"SLC16A11","162515","216867","Slc16a11"
"SLC16A12","387700","240638","Slc16a12"
"SLC16A13","201232","69309","Slc16a13"
"SLC16A14","151473","71781","Slc16a14"
"SLC16A2","6567","20502","Slc16a2"
"SLC16A3","9123","80879","Slc16a3"
"SLC16A4","9122","229699","Slc16a4"
"SLC16A5","9121","217316","Slc16a5"
"SLC16A6","9120","104681","Slc16a6"
"SLC16A7","9194","20503","Slc16a7"
"SLC16A8","23539","57274","Slc16a8"
"SLC16A9","220963","66859","Slc16a9"
"SLC17A1","6568","20504","Slc17a1"
"SLC17A2","10246","218103","Slc17a2"
"SLC17A3","10786","105355","Slc17a3"
"SLC17A4","10050","319848","Slc17a4"
"SLC17A5","26503","235504","Slc17a5"
"SLC17A6","57084","140919","Slc17a6"
"SLC17A7","57030","72961","Slc17a7"
"SLC17A8","246213","216227","Slc17a8"
"SLC17A9","63910","228993","Slc17a9"
"SLC18A1","6570","110877","Slc18a1"
"SLC18A2","6571","214084","Slc18a2"
"SLC18A3","6572","20508","Slc18a3"
"SLC18B1","116843","76306","Slc18b1"
"SLC19A1","6573","20509","Slc19a1"
"SLC19A2","10560","116914","Slc19a2"
"SLC19A3","80704","80721","Slc19a3"
"SLC1A1","6505","20510","Slc1a1"
"SLC1A2","6506","20511","Slc1a2"
"SLC1A3","6507","20512","Slc1a3"
"SLC1A4","6509","55963","Slc1a4"
"SLC1A5","6510","20514","Slc1a5"
"SLC1A6","6511","20513","Slc1a6"
"SLC1A7","6512","242607","Slc1a7"
"SLC20A1","6574","20515","Slc20a1"
"SLC20A2","6575","20516","Slc20a2"
"SLC22A1","6580","20517","Slc22a1"
"SLC22A12","116085","20521","Slc22a12"
"SLC22A13","9390","102570","Slc22a13"
"SLC22A14","9389","382113","Slc22a14"
"SLC22A15","55356","242126","Slc22a15"
"SLC22A16","85413","70840","Slc22a16"
"SLC22A17","51310","59049","Slc22a17"
"SLC22A18","5002","18400","Slc22a18"
"SLC22A2","6582","20518","Slc22a2"
"SLC22A23","63027","73102","Slc22a23"
"SLC22A3","6581","20519","Slc22a3"
"SLC22A4","6583","30805","Slc22a4"
"SLC22A5","6584","20520","Slc22a5"
"SLC22A5","6584","56517","Slc22a21"
"SLC22A6","9356","18399","Slc22a6"
"SLC22A7","10864","108114","Slc22a7"
"SLC22A8","9376","19879","Slc22a8"
"SLC22A9","114571","236149","Slc22a26"
"SLC23A1","9963","20522","Slc23a1"
"SLC23A2","9962","54338","Slc23a2"
"SLC23A3","151295","22626","Slc23a3"
"SLC24A1","9187","214111","Slc24a1"
"SLC24A2","25769","76376","Slc24a2"
"SLC24A3","57419","94249","Slc24a3"
"SLC24A4","123041","238384","Slc24a4"
"SLC24A5","283652","317750","Slc24a5"
"SLC25A1","6576","13358","Slc25a1"
"SLC25A10","1468","27376","Slc25a10"
"SLC25A11","8402","67863","Slc25a11"
"SLC25A12","8604","78830","Slc25a12"
"SLC25A13","10165","50799","Slc25a13"
"SLC25A14","9016","20523","Slc25a14"
"SLC25A15","10166","18408","Slc25a15"
"SLC25A16","8034","73132","Slc25a16"
"SLC25A17","10478","20524","Slc25a17"
"SLC25A18","83733","71803","Slc25a18"
"SLC25A19","60386","67283","Slc25a19"
"SLC25A2","83884","83885","Slc25a2"
"SLC25A20","788","57279","Slc25a20"
"SLC25A21","89874","217593","Slc25a21"
"SLC25A22","79751","68267","Slc25a22"
"SLC25A23","79085","66972","Slc25a23"
"SLC25A24","29957","229731","Slc25a24"
"SLC25A25","114789","227731","Slc25a25"
"SLC25A26","115286","67582","Slc25a26"
"SLC25A27","9481","74011","Slc25a27"
"SLC25A28","81894","246696","Slc25a28"
"SLC25A29","123096","214663","Slc25a29"
"SLC25A3","5250","18674","Slc25a3"
"SLC25A30","253512","67554","Slc25a30"
"SLC25A31","83447","73333","Slc25a31"
"SLC25A32","81034","69906","Slc25a32"
"SLC25A33","84275","70556","Slc25a33"
"SLC25A34","284723","384071","Slc25a34"
"SLC25A35","399512","71998","Slc25a35"
"SLC25A36","55186","192287","Slc25a36"
"SLC25A37","51312","67712","Slc25a37"
"SLC25A38","54977","208638","Slc25a38"
"SLC25A39","51629","68066","Slc25a39"
"SLC25A4","291","11739","Slc25a4"
"SLC25A40","55972","319653","Slc25a40"
"SLC25A41","284427","103775","Slc25a41"
"SLC25A42","284439","73095","Slc25a42"
"SLC25A43","203427","194744","Slc25a43"
"SLC25A44","9673","229517","Slc25a44"
"SLC25A45","283130","107375","Slc25a45"
"SLC25A46","91137","67453","Slc25a46"
"SLC25A47","283600","104910","Slc25a47"
"SLC25A48","153328","328258","Slc25a48"
"SLC25A5","292","11740","Slc25a5"
"SLC25A53","401612","67062","Slc25a53"
"SLC26A1","10861","231583","Slc26a1"
"SLC26A11","284129","268512","Slc26a11"
"SLC26A2","1836","13521","Slc26a2"
"SLC26A3","1811","13487","Slc26a3"
"SLC26A4","5172","23985","Slc26a4"
"SLC26A5","375611","80979","Slc26a5"
"SLC26A6","65010","171429","Slc26a6"
"SLC26A7","115111","208890","Slc26a7"
"SLC26A8","116369","224661","Slc26a8"
"SLC26A9","115019","320718","Slc26a9"
"SLC27A1","376497","26457","Slc27a1"
"SLC27A2","11001","26458","Slc27a2"
"SLC27A3","11000","26568","Slc27a3"
"SLC27A4","10999","26569","Slc27a4"
"SLC27A5","10998","26459","Slc27a5"
"SLC27A6","28965","225579","Slc27a6"
"SLC28A1","9154","434203","Slc28a1"
"SLC28A2","9153","269346","Slc28a2"
"SLC28A2","9153","381417","Slc28a2b"
"SLC28A3","64078","114304","Slc28a3"
"SLC29A1","2030","63959","Slc29a1"
"SLC29A2","3177","13340","Slc29a2"
"SLC29A3","55315","71279","Slc29a3"
"SLC29A4","222962","243328","Slc29a4"
"SLC2A1","6513","20525","Slc2a1"
"SLC2A10","81031","170441","Slc2a10"
"SLC2A12","154091","353169","Slc2a12"
"SLC2A13","114134","239606","Slc2a13"
"SLC2A2","6514","20526","Slc2a2"
"SLC2A3","6515","20527","Slc2a3"
"SLC2A4","6517","20528","Slc2a4"
"SLC2A5","6518","56485","Slc2a5"
"SLC2A6","11182","227659","Slc2a6"
"SLC2A7","155184","435818","Slc2a7"
"SLC2A8","29988","56017","Slc2a8"
"SLC2A9","56606","117591","Slc2a9"
"SLC30A1","7779","22782","Slc30a1"
"SLC30A10","55532","226781","Slc30a10"
"SLC30A2","7780","230810","Slc30a2"
"SLC30A3","7781","22784","Slc30a3"
"SLC30A4","7782","22785","Slc30a4"
"SLC30A5","64924","69048","Slc30a5"
"SLC30A6","55676","210148","Slc30a6"
"SLC30A7","148867","66500","Slc30a7"
"SLC30A8","169026","239436","Slc30a8"
"SLC30A9","10463","109108","Slc30a9"
"SLC31A1","1317","20529","Slc31a1"
"SLC31A2","1318","20530","Slc31a2"
"SLC32A1","140679","22348","Slc32a1"
"SLC33A1","9197","11416","Slc33a1"
"SLC34A1","6569","20505","Slc34a1"
"SLC34A2","10568","20531","Slc34a2"
"SLC34A3","142680","142681","Slc34a3"
"SLC35A1","10559","24060","Slc35a1"
"SLC35A2","7355","22232","Slc35a2"
"SLC35A3","23443","229782","Slc35a3"
"SLC35A4","113829","67843","Slc35a4"
"SLC35A5","55032","74102","Slc35a5"
"SLC35B1","10237","110172","Slc35b1"
"SLC35B2","347734","73836","Slc35b2"
"SLC35B3","51000","108652","Slc35b3"
"SLC35B4","84912","58246","Slc35b4"
"SLC35C1","55343","228368","Slc35c1"
"SLC35C2","51006","228875","Slc35c2"
"SLC35D1","23169","242585","Slc35d1"
"SLC35D2","11046","70484","Slc35d2"
"SLC35D3","340146","76157","Slc35d3"
"SLC35E1","79939","270066","Slc35e1"
"SLC35E2B","728661","320541","Slc35e2"
"SLC35E3","55508","215436","Slc35e3"
"SLC35E4","339665","103710","Slc35e4"
"SLC35F1","222553","215085","Slc35f1"
"SLC35F2","54733","72022","Slc35f2"
"SLC35F3","148641","210027","Slc35f3"
"SLC35F4","341880","75288","Slc35f4"
"SLC35F5","80255","74150","Slc35f5"
"SLC35F6","54978","74919","Slc35f6"
"SLC35G1","159371","240660","Slc35g1"
"SLC35G2","80723","245020","Slc35g2"
"SLC36A1","206358","215335","Slc36a1"
"SLC36A2","153201","246049","Slc36a2"
"SLC36A3","285641","215332","Slc36a3"
"SLC36A4","120103","234967","Slc36a4"
"SLC37A1","54020","224674","Slc37a1"
"SLC37A2","219855","56857","Slc37a2"
"SLC37A3","84255","72144","Slc37a3"
"SLC37A4","2542","14385","Slc37a4"
"SLC38A1","81539","105727","Slc38a1"
"SLC38A10","124565","72055","Slc38a10"
"SLC38A11","151258","320106","Slc38a11"
"SLC38A2","54407","67760","Slc38a2"
"SLC38A3","10991","76257","Slc38a3"
"SLC38A4","55089","69354","Slc38a4"
"SLC38A5","92745","209837","Slc38a5"
"SLC38A6","145389","625098","Slc38a6"
"SLC38A7","55238","234595","Slc38a7"
"SLC38A8","146167","234788","Slc38a8"
"SLC38A9","153129","268706","Slc38a9"
"SLC39A1","27173","30791","Slc39a1"
"SLC39A10","57181","227059","Slc39a10"
"SLC39A11","201266","69806","Slc39a11"
"SLC39A12","221074","277468","Slc39a12"
"SLC39A13","91252","68427","Slc39a13"
"SLC39A14","23516","213053","Slc39a14"
"SLC39A2","29986","214922","Slc39a2"
"SLC39A3","29985","106947","Slc39a3"
"SLC39A4","55630","72027","Slc39a4"
"SLC39A5","283375","72002","Slc39a5"
"SLC39A6","25800","106957","Slc39a6"
"SLC39A7","7922","14977","Slc39a7"
"SLC39A8","64116","67547","Slc39a8"
"SLC39A9","55334","328133","Slc39a9"
"SLC3A1","6519","20532","Slc3a1"
"SLC3A2","6520","17254","Slc3a2"
"SLC40A1","30061","53945","Slc40a1"
"SLC41A1","254428","98396","Slc41a1"
"SLC41A2","84102","338365","Slc41a2"
"SLC41A3","54946","71699","Slc41a3"
"SLC43A1","8501","72401","Slc43a1"
"SLC43A2","124935","215113","Slc43a2"
"SLC43A3","29015","58207","Slc43a3"
"SLC44A1","23446","100434","Slc44a1"
"SLC44A2","57153","68682","Slc44a2"
"SLC44A3","126969","213603","Slc44a3"
"SLC44A4","80736","70129","Slc44a4"
"SLC44A5","204962","242259","Slc44a5"
"SLC45A1","50651","242773","Slc45a1"
"SLC45A2","51151","22293","Slc45a2"
"SLC45A3","85414","212980","Slc45a3"
"SLC45A4","57210","106068","Slc45a4"
"SLC46A1","113235","52466","Slc46a1"
"SLC46A2","57864","30936","Slc46a2"
"SLC46A3","283537","71706","Slc46a3"
"SLC47A1","55244","67473","Slc47a1"
"SLC48A1","55652","67739","Slc48a1"
"SLC49A3","84179","243197","Mfsd7a"
"SLC49A4","84925","224132","Slc49a4"
"SLC4A1","6521","20533","Slc4a1"
"SLC4A10","57282","94229","Slc4a10"
"SLC4A11","83959","269356","Slc4a11"
"SLC4A1AP","22950","20534","Slc4a1ap"
"SLC4A2","6522","20535","Slc4a2"
"SLC4A3","6508","20536","Slc4a3"
"SLC4A4","8671","54403","Slc4a4"
"SLC4A5","57835","232156","Slc4a5"
"SLC4A7","9497","218756","Slc4a7"
"SLC4A8","9498","59033","Slc4a8"
"SLC4A9","83697","240215","Slc4a9"
"SLC50A1","55974","19729","Slc50a1"
"SLC51A","200931","106407","Slc51a"
"SLC51B","123264","330962","Slc51b"
"SLC52A2","79581","52710","Slc52a2"
"SLC52A3","113278","69698","Slc52a3"
"SLC5A1","6523","20537","Slc5a1"
"SLC5A10","125206","109342","Slc5a10"
"SLC5A11","115584","233836","Slc5a11"
"SLC5A12","159963","241612","Slc5a12"
"SLC5A2","6524","246787","Slc5a2"
"SLC5A3","6526","53881","Slc5a3"
"SLC5A4","6527","64454","Slc5a4b"
"SLC5A4","6527","64452","Slc5a4a"
"SLC5A5","6528","114479","Slc5a5"
"SLC5A6","8884","330064","Slc5a6"
"SLC5A7","60482","63993","Slc5a7"
"SLC5A8","160728","216225","Slc5a8"
"SLC5A9","200010","230612","Slc5a9"
"SLC66A1","54896","212555","Slc66a1"
"SLC66A2","80148","66943","Slc66a2"
"SLC66A3","130814","217430","Pqlc3"
"SLC6A1","6529","232333","Slc6a1"
"SLC6A11","6538","243616","Slc6a11"
"SLC6A12","6539","14411","Slc6a12"
"SLC6A13","6540","14412","Slc6a13"
"SLC6A14","11254","56774","Slc6a14"
"SLC6A15","55117","103098","Slc6a15"
"SLC6A16","28968","381884","Slc6a16"
"SLC6A17","388662","229706","Slc6a17"
"SLC6A18","348932","22598","Slc6a18"
"SLC6A19","340024","74338","Slc6a19"
"SLC6A2","6530","20538","Slc6a2"
"SLC6A20","54716","102680","Slc6a20a"
"SLC6A20","54716","22599","Slc6a20b"
"SLC6A3","6531","13162","Slc6a3"
"SLC6A4","6532","15567","Slc6a4"
"SLC6A5","9152","104245","Slc6a5"
"SLC6A6","6533","21366","Slc6a6"
"SLC6A7","6534","240332","Slc6a7"
"SLC6A8","6535","102857","Slc6a8"
"SLC6A9","6536","14664","Slc6a9"
"SLC7A1","6541","11987","Slc7a1"
"SLC7A10","56301","53896","Slc7a10"
"SLC7A11","23657","26570","Slc7a11"
"SLC7A13","157724","74087","Slc7a13"
"SLC7A14","57709","241919","Slc7a14"
"SLC7A2","6542","11988","Slc7a2"
"SLC7A3","84889","11989","Slc7a3"
"SLC7A4","6545","224022","Slc7a4"
"SLC7A5","8140","20539","Slc7a5"
"SLC7A6","9057","330836","Slc7a6"
"SLC7A6OS","84138","66432","Slc7a6os"
"SLC7A7","9056","20540","Slc7a7"
"SLC7A8","23428","50934","Slc7a8"
"SLC7A9","11136","30962","Slc7a9"
"SLC8A1","6546","20541","Slc8a1"
"SLC8A2","6543","110891","Slc8a2"
"SLC8A3","6547","110893","Slc8a3"
"SLC8B1","80024","170756","Slc8b1"
"SLC9A1","6548","20544","Slc9a1"
"SLC9A2","6549","226999","Slc9a2"
"SLC9A3","6550","105243","Slc9a3"
"SLC9A3R1","9368","26941","Slc9a3r1"
"SLC9A3R2","9351","65962","Slc9a3r2"
"SLC9A4","389015","110895","Slc9a4"
"SLC9A5","6553","277973","Slc9a5"
"SLC9A6","10479","236794","Slc9a6"
"SLC9A7","84679","236727","Slc9a7"
"SLC9A8","23315","77031","Slc9a8"
"SLC9A9","285195","331004","Slc9a9"
"SLC9B1","150159","74446","Slc9b1"
"SLC9B2","133308","97086","Slc9b2"
"SLC9C1","285335","208169","Slc9c1"
"SLCO1A2","6579","108096","Slco1a5"
"SLCO1A2","6579","28254","Slco1a6"
"SLCO1A2","6579","625716","Gm6614"
"SLCO1A2","6579","28250","Slco1a4"
"SLCO1A2","6579","28248","Slco1a1"
"SLCO1A2","6579","435927","Gm5724"
"SLCO1C1","53919","58807","Slco1c1"
"SLCO2A1","6578","24059","Slco2a1"
"SLCO2B1","11309","101488","Slco2b1"
"SLCO3A1","28232","108116","Slco3a1"
"SLCO4A1","28231","108115","Slco4a1"
"SLCO4C1","353189","227394","Slco4c1"
"SLCO5A1","81796","240726","Slco5a1"
"SLCO6A1","133482","67854","Slco6b1"
"SLCO6A1","133482","70866","Slco6d1"
"SLCO6A1","133482","74441","Slco6c1"
"SLF1","84250","105377","Slf1"
"SLF2","55719","226151","Slf2"
"SLFN13","146857","237886","Slfn9"
"SLFN13","146857","276950","Slfn8"
"SLFN14","342618","237890","Slfn14"
"SLFN5","162394","327978","Slfn5"
"SLFNL1","200172","194219","Slfnl1"
"SLIRP","81892","380773","Slirp"
"SLIT1","6585","20562","Slit1"
"SLIT2","9353","20563","Slit2"
"SLIT3","6586","20564","Slit3"
"SLITRK1","114798","76965","Slitrk1"
"SLITRK2","84631","245450","Slitrk2"
"SLITRK3","22865","386750","Slitrk3"
"SLITRK4","139065","245446","Slitrk4"
"SLITRK5","26050","75409","Slitrk5"
"SLITRK6","84189","239250","Slitrk6"
"SLK","9748","20874","Slk"
"SLMAP","7871","83997","Slmap"
"SLPI","6590","20568","Slpi"
"SLTM","79811","66660","Sltm"
"SLU7","10569","193116","Slu7"
"SLURP1","57152","57277","Slurp1"
"SLX4","84464","52864","Slx4"
"SLX4IP","128710","74243","Slx4ip"
"SMAD1","4086","17125","Smad1"
"SMAD2","4087","17126","Smad2"
"SMAD3","4088","17127","Smad3"
"SMAD4","4089","17128","Smad4"
"SMAD5","4090","17129","Smad5"
"SMAD6","4091","17130","Smad6"
"SMAD7","4092","17131","Smad7"
"SMAD9","4093","55994","Smad9"
"SMAGP","57228","207818","Smagp"
"SMAP1","60682","98366","Smap1"
"SMAP2","64744","69780","Smap2"
"SMARCA1","6594","93761","Smarca1"
"SMARCA2","6595","67155","Smarca2"
"SMARCA4","6597","20586","Smarca4"
"SMARCA5","8467","93762","Smarca5"
"SMARCAD1","56916","13990","Smarcad1"
"SMARCAL1","50485","54380","Smarcal1"
"SMARCB1","6598","20587","Smarcb1"
"SMARCC1","6599","20588","Smarcc1"
"SMARCC2","6601","68094","Smarcc2"
"SMARCD1","6602","83797","Smarcd1"
"SMARCD2","6603","83796","Smarcd2"
"SMARCD3","6604","66993","Smarcd3"
"SMARCE1","6605","57376","Smarce1"
"SMC1A","8243","24061","Smc1a"
"SMC1B","27127","140557","Smc1b"
"SMC2","10592","14211","Smc2"
"SMC3","9126","13006","Smc3"
"SMC4","10051","70099","Smc4"
"SMC5","23137","226026","Smc5"
"SMC6","79677","67241","Smc6"
"SMCHD1","23347","74355","Smchd1"
"SMCO1","255798","69576","Smco1"
"SMCO2","341346","69371","Smco2"
"SMCO3","440087","654818","Smco3"
"SMCO4","56935","170748","Smco4"
"SMCR8","140775","237782","Smcr8"
"SMDT1","91689","69029","Smdt1"
"SMG1","23049","233789","Smg1"
"SMG5","23381","229512","Smg5"
"SMG6","23293","103677","Smg6"
"SMG7","9887","226517","Smg7"
"SMG8","55181","74133","Smg8"
"SMG9","56006","71997","Smg9"
"SMIM1","388588","68859","Smim1"
"SMIM10L1","100129361","381820","Smim10l1"
"SMIM12","113444","80284","Smim12"
"SMIM13","221710","108934","Smim13"
"SMIM14","201895","68552","Smim14"
"SMIM15","643155","75616","Smim15"
"SMIM17","147670","100042450","Smim17"
"SMIM18","100507341","72632","Smim18"
"SMIM19","114926","102032","Smim19"
"SMIM20","389203","66278","Smim20"
"SMIM22","440335","432995","Smim22"
"SMIM23","644994","69351","Smim23"
"SMIM24","284422","72273","Smim24"
"SMIM26","388789","228715","Smim26"
"SMIM27","100129250","100504309","Smim27"
"SMIM29","221491","106672","AI413582"
"SMIM3","85027","106878","Smim3"
"SMIM30","401397","66520","2610001J05Rik"
"SMIM31","100505989","407795","Smim31"
"SMIM32","389332","115488204","Gm45623"
"SMIM33","111064649","73449","1700066B19Rik"
"SMIM35","100526771","408059","BC049352"
"SMIM38","107984345","100040049","Smim38"
"SMIM4","440957","66487","Smim4"
"SMIM40","113523636","474160","Smim40"
"SMIM41","113523638","77717","Smim41"
"SMIM43","132332","100503068","Smim43"
"SMIM5","643008","66528","Smim5"
"SMIM7","79086","66818","Smim7"
"SMIM9","100132963","434800","Smim9"
"SMLR1","100507203","100504474","Smlr1"
"SMNDC1","10285","76479","Smndc1"
"SMO","6608","319757","Smo"
"SMOC1","64093","64075","Smoc1"
"SMOC2","64094","64074","Smoc2"
"SMOX","54498","228608","Smox"
"SMPD1","6609","20597","Smpd1"
"SMPD2","6610","20598","Smpd2"
"SMPD3","55512","58994","Smpd3"
"SMPD4","55627","77626","Smpd4"
"SMPD5","392275","100503915","Smpd5"
"SMPDL3A","10924","57319","Smpdl3a"
"SMPDL3B","27293","100340","Smpdl3b"
"SMPX","23676","66106","Smpx"
"SMS","6611","20603","Sms"
"SMS","6611","671878","Sms-ps"
"SMTN","6525","29856","Smtn"
"SMTNL1","219537","68678","Smtnl1"
"SMTNL2","342527","276829","Smtnl2"
"SMU1","55234","74255","Smu1"
"SMUG1","23583","71726","Smug1"
"SMURF1","57154","75788","Smurf1"
"SMURF2","64750","66313","Smurf2"
"SMYD1","150572","12180","Smyd1"
"SMYD2","56950","226830","Smyd2"
"SMYD3","64754","69726","Smyd3"
"SMYD4","114826","319822","Smyd4"
"SMYD5","10322","232187","Smyd5"
"SNAI1","6615","20613","Snai1"
"SNAI2","6591","20583","Snai2"
"SNAI3","333929","30927","Snai3"
"SNAP23","8773","20619","Snap23"
"SNAP25","6616","20614","Snap25"
"SNAP29","9342","67474","Snap29"
"SNAP47","116841","67826","Snap47"
"SNAP91","9892","20616","Snap91"
"SNAPC1","6617","75627","Snapc1"
"SNAPC2","6618","102209","Snapc2"
"SNAPC3","6619","77634","Snapc3"
"SNAPC4","6621","227644","Snapc4"
"SNAPC5","10302","330959","Snapc5"
"SNAPIN","23557","20615","Snapin"
"SNCA","6622","20617","Snca"
"SNCAIP","9627","67847","Sncaip"
"SNCB","6620","104069","Sncb"
"SNCG","6623","20618","Sncg"
"SND1","27044","56463","Snd1"
"SNED1","25992","208777","Sned1"
"SNF8","11267","27681","Snf8"
"SNIP1","79753","76793","Snip1"
"SNN","8303","20621","Snn"
"SNORA11C","100124540","115489637","Gm22676"
"SNORA12","677800","115489055","Gm24336"
"SNORA13","654322","115486823","Gm25636"
"SNORA14B","677802","115487043","Gm26397"
"SNORA17A","677804","115486090","Gm22266"
"SNORA17B","677824","115485689","Gm23377"
"SNORA20B","109616963","115485688","Gm24615"
"SNORA23","677808","100379145","Snora23"
"SNORA24","677809","100306957","Snora24"
"SNORA24","677809","115485612","Gm26147"
"SNORA26","677810","100313943","Snora26"
"SNORA26","677810","115485895","Gm24233"
"SNORA27","619499","115490276","Gm23202"
"SNORA28","677811","100316932","Snora28"
"SNORA29","677812","115488839","Gm26130"
"SNORA30","677813","115485933","Gm25133"
"SNORA31","677814","115486134","Gm24165"
"SNORA31","677814","115486035","Gm24240"
"SNORA35","677816","100303736","Snora35"
"SNORA35B","109617004","115486124","Gm25107"
"SNORA38","677820","115488838","Gm23442"
"SNORA38","677820","115487889","Gm24143"
"SNORA3A","619562","100302499","Snora3"
"SNORA3C","109616997","115485611","Gm24888"
"SNORA4","619568","115488691","Gm24616"
"SNORA46","677827","115487044","Gm26493"
"SNORA47","677828","100217450","Snora47"
"SNORA49","677829","115490290","Gm26079"
"SNORA50A","677830","115487047","Gm26265"
"SNORA50C","677842","115487905","Gm22711"
"SNORA50C","677842","115490069","Gm26047"
"SNORA50C","677842","115489242","Gm23786"
"SNORA51","677831","115489609","Gm24451"
"SNORA52","619565","100217419","Snora52"
"SNORA53","677832","115487534","Gm24119"
"SNORA54","677833","115486827","Gm23297"
"SNORA55","677834","115487652","Gm26048"
"SNORA57","692158","118027464","Snora57"
"SNORA57","692158","115487037","Gm26132"
"SNORA58B","109617023","115489820","Gm24608"
"SNORA5A","654319","115487881","Gm24313"
"SNORA6","574040","115485682","Gm24044"
"SNORA65","26783","115485641","Gm25379"
"SNORA65","26783","115485862","Gm24613"
"SNORA65","26783","115485931","Gm26440"
"SNORA65","26783","115485832","Gm22807"
"SNORA66","26782","115490267","Gm26387"
"SNORA67","26781","115487878","Gm24029"
"SNORA68B","109616972","115485922","Gm22661"
"SNORA68B","109616972","115486133","Gm23877"
"SNORA68B","109616972","115485769","Gm22331"
"SNORA69","26779","115486183","Gm22784"
"SNORA79","677845","115487536","Gm24241"
"SNORA79","677845","115488078","Gm25776"
"SNORA79","677845","115488565","Gm23987"
"SNORA79","677845","115488713","Gm25848"
"SNORA8","654320","115487273","Gm25791"
"SNORA80B","100302743","115488064","Gm22748"
"SNORA81","677847","100217420","Snora81"
"SNORA81","677847","115486001","Gm22519"
"SNORA84","100124534","115488237","Gm25394"
"SNORC","389084","73234","Snorc"
"SNORD101","594837","115487513","Gm23130"
"SNORD102","26771","115490268","Gm25091"
"SNORD105","692229","115487308","Gm24067"
"SNORD107","91380","115486845","Snord107"
"SNORD113-3","767563","115488063","Gm24564"
"SNORD114-24","767604","115488059","Gm22205"
"SNORD115-48","100033822","115486650","Gm23471"
"SNORD117","692233","115488831","Gm25128"
"SNORD118","727676","100216530","Snord118"
"SNORD118","727676","115485860","Gm24208"
"SNORD121A","100113379","115490071","Gm24837"
"SNORD121A","100113379","115490070","Gm23090"
"SNORD121B","101340252","115490072","Gm22888"
"SNORD124","101340251","115487912","Gm22059"
"SNORD125","100113380","115487911","Gm24958"
"SNORD15A","6079","449630","Snord15a"
"SNORD15B","114599","449631","Snord15b"
"SNORD17","692086","100313519","Snord17"
"SNORD18A","595098","115487262","Gm23344"
"SNORD18C","595100","115487261","Gm22455"
"SNORD22","9304","100127111","Snord22"
"SNORD22","9304","115486181","Gm25487"
"SNORD23","692091","100217441","Snord23"
"SNORD24","26820","115489598","Gm23969"
"SNORD25","9303","115489078","Gm25855"
"SNORD26","9302","115489084","Gm25894"
"SNORD27","9301","115489083","Gm24452"
"SNORD30","9299","115489086","Gm22680"
"SNORD31B","109616978","115489087","Gm23246"
"SNORD34","26817","27210","Snord34"
"SNORD35A","26816","27211","Snord35a"
"SNORD36A","26815","115489586","Gm24134"
"SNORD38B","94163","115490044","Gm22980"
"SNORD41","26810","115487056","Gm25506"
"SNORD45A","26805","115489817","Gm24494"
"SNORD46","94161","115490046","Gm26330"
"SNORD48","26801","115488834","Gm25744"
"SNORD4A","26773","100216539","Snord4a"
"SNORD5","692072","115487311","Gm24299"
"SNORD53B","109617012","115488835","Gm22858"
"SNORD54","26795","115490074","Gm24016"
"SNORD55","26811","100216533","Snord55"
"SNORD56","26793","115489601","Gm23650"
"SNORD58A","26791","115488997","Gm23301"
"SNORD58B","26790","115488404","Gm22354"
"SNORD59A","26789","115487514","Snord59a"
"SNORD6","692075","115487272","Gm24357"
"SNORD60","26788","115488833","Snord60"
"SNORD62A","26786","115489599","Gm22192"
"SNORD62B","692093","115489600","Gm25632"
"SNORD63","26785","115488999","Gm26109"
"SNORD7","692076","100302731","Snord7"
"SNORD73A","8944","19870","Snord73a"
"SNORD73B","114655","19871","Snord73b"
"SNORD74B","109617014","115487643","Gm26224"
"SNORD8","319103","100217445","Snord8"
"SNORD82","25826","80828","Snord82"
"SNORD84","692199","115488830","Gm22589"
"SNORD86","692201","115488711","Gm23706"
"SNORD86","692201","115488428","Gm22498"
"SNORD86","692201","115487904","Gm24989"
"SNORD86","692201","115489632","Gm23187"
"SNORD92","692209","100217462","Snord92"
"SNORD93","692210","115486326","Gm50451"
"SNORD94","692225","115490493","Snord94"
"SNORD96A","619571","100216534","Snord96a"
"SNORD97","692223","115486847","Gm23262"
"SNPH","9751","241727","Snph"
"SNRK","54861","20623","Snrk"
"SNRNP200","23020","320632","Snrnp200"
"SNRNP25","79622","78372","Snrnp25"
"SNRNP27","11017","66618","Snrnp27"
"SNRNP35","11066","76167","Snrnp35"
"SNRNP40","9410","66585","Snrnp40"
"SNRNP48","154007","67797","Snrnp48"
"SNRNP70","6625","20637","Snrnp70"
"SNRPA","6626","53607","Snrpa"
"SNRPA1","6627","68981","Snrpa1"
"SNRPB","6628","20638","Snrpb"
"SNRPB2","6629","20639","Snrpb2"
"SNRPC","6631","20630","Snrpc"
"SNRPD1","6632","20641","Snrpd1"
"SNRPD2","6633","107686","Snrpd2"
"SNRPD3","6634","67332","Snrpd3"
"SNRPE","6635","20643","Snrpe"
"SNRPE","6635","102632439","Snrpert"
"SNRPF","6636","69878","Snrpf"
"SNRPN","6638","20646","Snrpn"
"SNTA1","6640","20648","Snta1"
"SNTB1","6641","20649","Sntb1"
"SNTB2","6645","20650","Sntb2"
"SNTG1","54212","71096","Sntg1"
"SNTG2","54221","268534","Sntg2"
"SNTN","132203","218739","Sntn"
"SNU13","4809","20826","Snu13"
"SNUPN","10073","66069","Snupn"
"SNURF","8926","84704","Snurf"
"SNW1","22938","66354","Snw1"
"SNX1","6642","56440","Snx1"
"SNX10","29887","71982","Snx10"
"SNX11","29916","74479","Snx11"
"SNX12","29934","55988","Snx12"
"SNX13","23161","217463","Snx13"
"SNX14","57231","244962","Snx14"
"SNX15","29907","69024","Snx15"
"SNX16","64089","74718","Snx16"
"SNX17","9784","266781","Snx17"
"SNX18","112574","170625","Snx18"
"SNX19","399979","102607","Snx19"
"SNX2","6643","67804","Snx2"
"SNX20","124460","71607","Snx20"
"SNX21","90203","101113","Snx21"
"SNX22","79856","382083","Snx22"
"SNX24","28966","69226","Snx24"
"SNX25","83891","102141","Snx25"
"SNX27","81609","76742","Snx27"
"SNX29","92017","74478","Snx29"
"SNX3","8724","54198","Snx3"
"SNX30","401548","209131","Snx30"
"SNX31","169166","66696","Snx31"
"SNX32","254122","225861","Snx32"
"SNX33","257364","235406","Snx33"
"SNX4","8723","69150","Snx4"
"SNX5","27131","69178","Snx5"
"SNX6","58533","72183","Snx6"
"SNX7","51375","76561","Snx7"
"SNX8","29886","231834","Snx8"
"SNX9","51429","66616","Snx9"
"SOAT1","6646","20652","Soat1"
"SOAT2","8435","223920","Soat2"
"SOBP","55084","109205","Sobp"
"SOCS1","8651","12703","Socs1"
"SOCS2","8835","216233","Socs2"
"SOCS3","9021","12702","Socs3"
"SOCS4","122809","67296","Socs4"
"SOCS5","9655","56468","Socs5"
"SOCS6","9306","54607","Socs6"
"SOCS7","30837","192157","Socs7"
"SOD1","6647","20655","Sod1"
"SOD2","6648","20656","Sod2"
"SOD3","6649","20657","Sod3"
"SOGA1","140710","320706","Soga1"
"SOGA3","387104","67412","Soga3"
"SOHLH1","402381","227631","Sohlh1"
"SON","6651","20658","Son"
"SORBS1","10580","20411","Sorbs1"
"SORBS2","8470","234214","Sorbs2"
"SORBS3","10174","20410","Sorbs3"
"SORCS1","114815","58178","Sorcs1"
"SORCS2","57537","81840","Sorcs2"
"SORCS3","22986","66673","Sorcs3"
"SORD","6652","20322","Sord"
"SORL1","6653","20660","Sorl1"
"SORT1","6272","20661","Sort1"
"SOS1","6654","20662","Sos1"
"SOS2","6655","20663","Sos2"
"SOST","50964","74499","Sost"
"SOSTDC1","25928","66042","Sostdc1"
"SOWAHA","134548","237761","Sowaha"
"SOWAHB","345079","78088","Sowahb"
"SOWAHC","65124","268301","Sowahc"
"SOWAHD","347454","245381","Sowahd"
"SOX1","6656","20664","Sox1"
"SOX10","6663","20665","Sox10"
"SOX11","6664","20666","Sox11"
"SOX12","6666","20667","Sox12"
"SOX13","9580","20668","Sox13"
"SOX14","8403","20669","Sox14"
"SOX15","6665","20670","Sox15"
"SOX17","64321","20671","Sox17"
"SOX18","54345","20672","Sox18"
"SOX2","6657","20674","Sox2"
"SOX21","11166","223227","Sox21"
"SOX3","6658","20675","Sox3"
"SOX30","11063","214105","Sox30"
"SOX4","6659","20677","Sox4"
"SOX5","6660","20678","Sox5"
"SOX6","55553","20679","Sox6"
"SOX7","83595","20680","Sox7"
"SOX8","30812","20681","Sox8"
"SOX9","6662","20682","Sox9"
"SP1","6667","20683","Sp1"
"SP110","3431","109032","Sp110"
"SP110","3431","624083","Gm15753"
"SP110","3431","677525","LOC677525"
"SP110","3431","101056250","Gm16026"
"SP110","3431","102638047","LOC102638047"
"SP140","11262","434484","Sp140"
"SP140","11262","20684","Sp100"
"SP2","6668","78912","Sp2"
"SP3","6670","20687","Sp3"
"SP4","6671","20688","Sp4"
"SP5","389058","64406","Sp5"
"SP6","80320","83395","Sp6"
"SP7","121340","170574","Sp7"
"SP8","221833","320145","Sp8"
"SP9","100131390","381373","Sp9"
"SPA17","53340","20686","Spa17"
"SPAAR","158376","71406","Spaar"
"SPACA1","81833","67652","Spaca1"
"SPACA3","124912","75622","Spaca3"
"SPACA4","171169","69363","Spaca4"
"SPACA6","147650","75202","Spaca6"
"SPACA7","122258","78634","Spaca7"
"SPACA9","11092","69987","Spaca9"
"SPAG1","6674","26942","Spag1"
"SPAG16","79582","66722","Spag16"
"SPAG17","200162","74362","Spag17"
"SPAG4","6676","245865","Spag4"
"SPAG5","10615","54141","Spag5"
"SPAG6","9576","381350","Spag6"
"SPAG6","9576","50525","Spag6l"
"SPAG7","9552","216873","Spag7"
"SPAG8","26206","433700","Spag8"
"SPAG9","9043","70834","Spag9"
"SPAM1","6677","20690","Spam1"
"SPAM1","6677","74468","Hyal5"
"SPARC","6678","20692","Sparc"
"SPARCL1","8404","13602","Sparcl1"
"SPART","23111","229285","Spg20"
"SPAST","6683","50850","Spast"
"SPATA1","100505741","70951","Spata1"
"SPATA13","221178","219140","Spata13"
"SPATA16","83893","70862","Spata16"
"SPATA17","128153","74717","Spata17"
"SPATA18","132671","73472","Spata18"
"SPATA19","219938","75469","Spata19"
"SPATA2","9825","263876","Spata2"
"SPATA20","64847","217116","Spata20"
"SPATA21","374955","329972","Spata21"
"SPATA22","84690","380709","Spata22"
"SPATA24","202051","71242","Spata24"
"SPATA25","128497","75642","Spata25"
"SPATA2L","124044","78779","Spata2l"
"SPATA3","130560","70060","Spata3"
"SPATA32","124783","328019","Spata32"
"SPATA33","124045","320869","Spata33"
"SPATA4","132851","69281","Spata4"
"SPATA45","149643","75558","Spata45"
"SPATA46","284680","76925","Spata46"
"SPATA48","100130988","73862","Spata48"
"SPATA5","166378","57815","Spata5"
"SPATA5L1","79029","214616","Spata5l1"
"SPATA6","54558","67946","Spata6"
"SPATA6L","55064","381218","Spata6l"
"SPATA7","55812","104871","Spata7"
"SPATA9","83890","75571","Spata9"
"SPATC1","375686","74281","Spatc1"
"SPATC1L","84221","76573","Spatc1l"
"SPATS1","221409","71020","Spats1"
"SPATS2","65244","72572","Spats2"
"SPATS2L","26010","67198","Spats2l"
"SPC24","147841","67629","Spc24"
"SPC25","57405","66442","Spc25"
"SPCS1","28972","69019","Spcs1"
"SPCS2","9789","66624","Spcs2"
"SPCS3","60559","76687","Spcs3"
"SPCS3","60559","76976","Arxes2"
"SPCS3","60559","76219","Arxes1"
"SPDEF","25803","30051","Spdef"
"SPDL1","54908","70385","Spdl1"
"SPDYA","245711","70891","Spdya"
"SPECC1","92521","432572","Specc1"
"SPECC1L","23384","74392","Specc1l"
"SPEF1","25876","70997","Spef1"
"SPEF2","79925","320277","Spef2"
"SPEG","10290","11790","Speg"
"SPEM1","374768","74288","Spem1"
"SPEM2","201243","108803","Spem2"
"SPEM3","107983988","105243794","Gm39566"
"SPEN","23013","56381","Spen"
"SPESP1","246777","66712","Spesp1"
"SPG11","80208","214585","Spg11"
"SPG21","51324","27965","Spg21"
"SPG7","6687","234847","Spg7"
"SPHK1","8877","20698","Sphk1"
"SPHK2","56848","56632","Sphk2"
"SPHKAP","80309","77629","Sphkap"
"SPI1","6688","20375","Spi1"
"SPIB","6689","272382","Spib"
"SPIC","121599","20728","Spic"
"SPICE1","152185","212514","Spice1"
"SPIDR","23514","224008","Spidr"
"SPIN1","10927","20729","Spin1"
"SPIN2B","474343","74851","Spin2-ps1"
"SPIN2B","474343","546176","Gm5923"
"SPIN2B","474343","667379","Spin2-ps2"
"SPIN2B","474343","100040585","Gm2854"
"SPIN2B","474343","100041594","Spin2-ps3"
"SPIN2B","474343","100041642","Spin2-ps4"
"SPIN2B","474343","100042267","Gm3757"
"SPIN2B","474343","100862088","Gm21466"
"SPIN2B","474343","100862179","Gm2892"
"SPIN4","139886","270624","Spin4"
"SPINDOC","144097","68229","Spindoc"
"SPINK1","6690","20730","Spink1"
"SPINK13","153218","100038417","Spink13"
"SPINK14","408187","433178","Spink14"
"SPINK2","6691","69982","Spink2"
"SPINK4","27290","20731","Spink4"
"SPINK5","11005","72432","Spink5"
"SPINK6","404203","433180","Spink6"
"SPINK7","84651","408198","Spink7"
"SPINK8","646424","78709","Spink8"
"SPINK9","643394","433181","Spink11"
"SPINK9","643394","77424","Spinkl"
"SPINK9","643394","328971","Spink10"
"SPINT1","6692","20732","Spint1"
"SPINT2","10653","20733","Spint2"
"SPINT3","10816","629747","Spint3"
"SPINT4","391253","78239","Spint4"
"SPIRE1","56907","68166","Spire1"
"SPIRE2","84501","234857","Spire2"
"SPN","6693","20737","Spn"
"SPNS1","83985","73658","Spns1"
"SPNS2","124976","216892","Spns2"
"SPNS3","201305","77577","Spns3"
"SPO11","23626","26972","Spo11"
"SPOCD1","90853","622480","Spocd1"
"SPOCK1","6695","20745","Spock1"
"SPOCK2","9806","94214","Spock2"
"SPOCK3","50859","72902","Spock3"
"SPON1","10418","233744","Spon1"
"SPON2","10417","100689","Spon2"
"SPOP","8405","20747","Spop"
"SPOP","8405","399675","Tdpoz4"
"SPOP","8405","229571","Tdpoz8"
"SPOP","8405","668359","Tdpoz9"
"SPOP","8405","100043188","Spopfm2"
"SPOP","8405","399676","Tdpoz5"
"SPOP","8405","207213","Tdpoz1"
"SPOP","8405","399673","Tdpoz2"
"SPOP","8405","399674","Tdpoz3"
"SPOP","8405","100042761","Tdpoz7"
"SPOPL","339745","76857","Spopl"
"SPOUT1","51490","227695","Spout1"
"SPP1","6696","20750","Spp1"
"SPP2","6694","75396","Spp2"
"SPPL2A","84888","66552","Sppl2a"
"SPPL2B","56928","73218","Sppl2b"
"SPPL2C","162540","237958","Sppl2c"
"SPPL3","121665","74585","Sppl3"
"SPR","6697","20751","Spr"
"SPRED1","161742","114715","Spred1"
"SPRED2","200734","114716","Spred2"
"SPRED3","399473","101809","Spred3"
"SPRING1","79794","76792","Spring1"
"SPRN","503542","212518","Sprn"
"SPRR1A","6698","20753","Sprr1a"
"SPRR2A","6700","20758","Sprr2d"
"SPRR3","6707","20766","Sprr3"
"SPRR4","163778","229562","Sprr4"
"SPRTN","83932","244666","Sprtn"
"SPRY1","10252","24063","Spry1"
"SPRY2","10253","24064","Spry2"
"SPRY3","10251","236576","Spry3"
"SPRY4","81848","24066","Spry4"
"SPRYD3","84926","223918","Spryd3"
"SPRYD4","283377","66701","Spryd4"
"SPRYD7","57213","66674","Spryd7"
"SPSB1","80176","74646","Spsb1"
"SPSB3","90864","79043","Spsb3"
"SPSB4","92369","211949","Spsb4"
"SPTA1","6708","20739","Spta1"
"SPTAN1","6709","20740","Sptan1"
"SPTB","6710","20741","Sptb"
"SPTBN1","6711","20742","Sptbn1"
"SPTBN2","6712","20743","Sptbn2"
"SPTBN4","57731","80297","Sptbn4"
"SPTBN5","51332","640524","Sptbn5"
"SPTLC1","10558","268656","Sptlc1"
"SPTLC2","9517","20773","Sptlc2"
"SPTLC3","55304","228677","Sptlc3"
"SPTSSA","171546","104725","Sptssa"
"SPTSSB","165679","66183","Sptssb"
"SPTY2D1","144108","101685","Spty2d1"
"SPX","80763","319552","Spx"
"SPZ1","84654","79401","Spz1"
"SQLE","6713","20775","Sqle"
"SQOR","58472","59010","Sqor"
"SQSTM1","8878","18412","Sqstm1"
"SRA1","10011","24068","Sra1"
"SRARP","149563","277744","Srarp"
"SRBD1","55133","78586","Srbd1"
"SRC","6714","20779","Src"
"SRCAP","10847","100043597","Srcap"
"SRCIN1","80725","56013","Srcin1"
"SRD5A1","6715","78925","Srd5a1"
"SRD5A2","6716","94224","Srd5a2"
"SRD5A3","79644","57357","Srd5a3"
"SREBF1","6720","20787","Srebf1"
"SREBF2","6721","20788","Srebf2"
"SREK1","140890","218543","Srek1"
"SREK1IP1","285672","67288","Srek1ip1"
"SRF","6722","20807","Srf"
"SRFBP1","153443","67222","Srfbp1"
"SRGAP1","57522","117600","Srgap1"
"SRGAP3","9901","259302","Srgap3"
"SRGN","5552","19073","Srgn"
"SRI","6717","109552","Sri"
"SRL","6345","106393","Srl"
"SRM","6723","20810","Srm"
"SRMS","6725","20811","Srms"
"SRP14","6727","20813","Srp14"
"SRP19","6728","66384","Srp19"
"SRP54","6729","24067","Srp54a"
"SRP54","6729","665155","Srp54b"
"SRP54","6729","100101806","Srp54c"
"SRP68","6730","217337","Srp68"
"SRP72","6731","66661","Srp72"
"SRP9","6726","27058","Srp9"
"SRPK1","6732","20815","Srpk1"
"SRPK2","6733","20817","Srpk2"
"SRPK3","26576","56504","Srpk3"
"SRPRA","6734","67398","Srpr"
"SRPRB","58477","20818","Srprb"
"SRPX","8406","51795","Srpx"
"SRPX2","27286","68792","Srpx2"
"SRR","63826","27364","Srr"
"SRRD","402055","70118","Srrd"
"SRRM1","10250","51796","Srrm1"
"SRRM2","23524","75956","Srrm2"
"SRRM3","222183","58212","Srrm3"
"SRRM4","84530","68955","Srrm4"
"SRRT","51593","83701","Srrt"
"SRSF1","6426","110809","Srsf1"
"SRSF10","10772","14105","Srsf10"
"SRSF11","9295","69207","Srsf11"
"SRSF12","135295","272009","Srsf12"
"SRSF2","6427","20382","Srsf2"
"SRSF3","6428","20383","Srsf3"
"SRSF4","6429","57317","Srsf4"
"SRSF5","6430","20384","Srsf5"
"SRSF6","6431","67996","Srsf6"
"SRSF7","6432","225027","Srsf7"
"SRSF9","8683","108014","Srsf9"
"SRXN1","140809","76650","Srxn1"
"SRY","6736","21674","Sry"
"SS18","6760","268996","Ss18"
"SS18L1","26039","269397","Ss18l1"
"SS18L2","51188","26901","Ss18l2"
"SSB","6741","20823","Ssb"
"SSBP1","6742","381760","Ssbp1"
"SSBP2","23635","66970","Ssbp2"
"SSBP3","23648","72475","Ssbp3"
"SSBP4","170463","76900","Ssbp4"
"SSC4D","136853","109267","Ssc4d"
"SSC5D","284297","269855","Ssc5d"
"SSH1","54434","231637","Ssh1"
"SSH2","85464","237860","Ssh2"
"SSH3","54961","245857","Ssh3"
"SSMEM1","136263","75647","Ssmem1"
"SSNA1","8636","68475","Ssna1"
"SSPN","8082","16651","Sspn"
"SSPOP","23145","243369","Sspo"
"SSR1","6745","107513","Ssr1"
"SSR2","6746","66256","Ssr2"
"SSR3","6747","67437","Ssr3"
"SSR4","6748","20832","Ssr4"
"SSRP1","6749","20833","Ssrp1"
"SST","6750","20604","Sst"
"SSTR1","6751","20605","Sstr1"
"SSTR2","6752","20606","Sstr2"
"SSTR3","6753","20607","Sstr3"
"SSTR4","6754","20608","Sstr4"
"SSTR5","6755","20609","Sstr5"
"SSU72","29101","68991","Ssu72"
"SSUH2","51066","243612","Ssu2"
"SSX2IP","117178","99167","Ssx2ip"
"ST13","6767","70356","St13"
"ST14","6768","19143","St14"
"ST18","9705","240690","St18"
"ST20-MTHFS","100528021","100039707","Mthfsl"
"ST3GAL1","6482","20442","St3gal1"
"ST3GAL2","6483","20444","St3gal2"
"ST3GAL3","6487","20441","St3gal3"
"ST3GAL4","6484","20443","St3gal4"
"ST3GAL5","8869","20454","St3gal5"
"ST3GAL6","10402","54613","St3gal6"
"ST6GAL1","6480","20440","St6gal1"
"ST6GAL2","84620","240119","St6gal2"
"ST6GALNAC1","55808","20445","St6galnac1"
"ST6GALNAC2","10610","20446","St6galnac2"
"ST6GALNAC3","256435","20447","St6galnac3"
"ST6GALNAC4","27090","20448","St6galnac4"
"ST6GALNAC5","81849","26938","St6galnac5"
"ST6GALNAC6","30815","50935","St6galnac6"
"ST7L","54879","229681","St7l"
"ST8SIA1","6489","20449","St8sia1"
"ST8SIA2","8128","20450","St8sia2"
"ST8SIA3","51046","20451","St8sia3"
"ST8SIA4","7903","20452","St8sia4"
"ST8SIA5","29906","225742","St8sia5"
"ST8SIA6","338596","241230","St8sia6"
"STAB1","23166","192187","Stab1"
"STAB2","55576","192188","Stab2"
"STAC","6769","20840","Stac"
"STAC2","342667","217154","Stac2"
"STAC3","246329","237611","Stac3"
"STAG1","10274","20842","Stag1"
"STAG2","10735","20843","Stag2"
"STAG3","10734","50878","Stag3"
"STAM","8027","20844","Stam"
"STAM2","10254","56324","Stam2"
"STAMBP","10617","70527","Stambp"
"STAMBPL1","57559","76630","Stambpl1"
"STAP1","26228","56792","Stap1"
"STAP2","55620","106766","Stap2"
"STAR","6770","20845","Star"
"STARD10","10809","56018","Stard10"
"STARD13","90627","243362","Stard13"
"STARD3","10948","59045","Stard3"
"STARD3NL","83930","76205","Stard3nl"
"STARD4","134429","170459","Stard4"
"STARD5","80765","170460","Stard5"
"STARD6","147323","170461","Stard6"
"STARD7","56910","99138","Stard7"
"STARD8","9754","236920","Stard8"
"STARD9","57519","668880","Stard9"
"STAT1","6772","20846","Stat1"
"STAT2","6773","20847","Stat2"
"STAT3","6774","20848","Stat3"
"STAT4","6775","20849","Stat4"
"STAT5A","6776","20850","Stat5a"
"STAT5B","6777","20851","Stat5b"
"STAT6","6778","20852","Stat6"
"STAU1","6780","20853","Stau1"
"STAU2","27067","29819","Stau2"
"STBD1","8987","52331","Stbd1"
"STC1","6781","20855","Stc1"
"STC2","8614","20856","Stc2"
"STEAP2","261729","74051","Steap2"
"STEAP3","55240","68428","Steap3"
"STEAP4","79689","117167","Steap4"
"STEEP1","63932","77644","Steep1"
"STEEP1","63932","77644","C330007P06Rik"
"STIL","6491","20460","Stil"
"STIM1","6786","20866","Stim1"
"STIM2","57620","116873","Stim2"
"STING1","340061","72512","Sting1"
"STIP1","10963","20867","Stip1"
"STK10","6793","20868","Stk10"
"STK11","6794","20869","Stk11"
"STK11IP","114790","71728","Stk11ip"
"STK16","8576","20872","Stk16"
"STK17B","9262","98267","Stk17b"
"STK19","8859","54402","Stk19"
"STK24","8428","223255","Stk24"
"STK25","10494","59041","Stk25"
"STK26","51765","70415","Stk26"
"STK3","6788","56274","Stk3"
"STK31","56164","77485","Stk31"
"STK32A","202374","269019","Stk32a"
"STK32B","55351","64293","Stk32b"
"STK32C","282974","57740","Stk32c"
"STK33","65975","117229","Stk33"
"STK35","140901","67333","Stk35"
"STK36","27148","269209","Stk36"
"STK38","11329","106504","Stk38"
"STK38L","23012","232533","Stk38l"
"STK39","27347","53416","Stk39"
"STK4","6789","58231","Stk4"
"STK40","83931","74178","Stk40"
"STKLD1","169436","279029","Stkld1"
"STMN1","3925","16765","Stmn1"
"STMN2","11075","20257","Stmn2"
"STMN3","50861","20262","Stmn3"
"STMN4","81551","56471","Stmn4"
"STMND1","401236","380842","Stmnd1"
"STMP1","647087","67705","1810058I24Rik"
"STN1","79991","108689","Stn1"
"STOM","2040","13830","Stom"
"STOML1","9399","69106","Stoml1"
"STOML2","30968","66592","Stoml2"
"STOML3","161003","229277","Stoml3"
"STON2","85439","108800","Ston2"
"STOX1","219736","216021","Stox1"
"STOX2","56977","71069","Stox2"
"STPG1","90529","78806","Stpg1"
"STPG2","285555","381476","Stpg2"
"STPG3","441476","74472","Stpg3"
"STPG4","285051","75467","Stpg4"
"STRA6","64220","20897","Stra6"
"STRA8","346673","20899","Stra8"
"STRADA","92335","72149","Strada"
"STRADB","55437","227154","Stradb"
"STRAP","11171","20901","Strap"
"STRBP","55342","20744","Strbp"
"STRC","161497","140476","Strc"
"STRIP1","85369","229707","Strip1"
"STRIP2","57464","320609","Strip2"
"STRN","6801","268980","Strn"
"STRN3","29966","94186","Strn3"
"STRN4","29888","97387","Strn4"
"STT3A","3703","16430","Stt3a"
"STT3B","201595","68292","Stt3b"
"STUB1","10273","56424","Stub1"
"STUM","375057","381310","Stum"
"STX11","8676","74732","Stx11"
"STX12","23673","100226","Stx12"
"STX16","8675","228960","Stx16"
"STX17","55014","67727","Stx17"
"STX18","53407","71116","Stx18"
"STX19","415117","68159","Stx19"
"STX1A","6804","20907","Stx1a"
"STX1B","112755","56216","Stx1b"
"STX2","2054","13852","Stx2"
"STX3","6809","20908","Stx3"
"STX4","6810","20909","Stx4a"
"STX5","6811","56389","Stx5a"
"STX6","10228","58244","Stx6"
"STX7","8417","53331","Stx7"
"STX8","9482","55943","Stx8"
"STXBP1","6812","20910","Stxbp1"
"STXBP2","6813","20911","Stxbp2"
"STXBP3","6814","20912","Stxbp3"
"STXBP4","252983","20913","Stxbp4"
"STXBP5","134957","78808","Stxbp5"
"STXBP5L","9515","207227","Stxbp5l"
"STXBP6","29091","217517","Stxbp6"
"STYK1","55359","243659","Styk1"
"STYX","6815","56291","Styx"
"STYXL1","51657","76571","Styxl1"
"STYXL2","92235","240892","Dusp27"
"SUB1","10923","20024","Sub1"
"SUCLA2","8803","20916","Sucla2"
"SUCLG1","8802","56451","Suclg1"
"SUCLG2","8801","20917","Suclg2"
"SUCNR1","56670","84112","Sucnr1"
"SUCO","51430","226551","Suco"
"SUDS3","64426","71954","Suds3"
"SUFU","51684","24069","Sufu"
"SUGCT","79783","192136","Sugct"
"SUGP1","57794","70616","Sugp1"
"SUGP2","10147","234373","Sugp2"
"SUGT1","10910","67955","Sugt1"
"SULF1","23213","240725","Sulf1"
"SULF2","55959","72043","Sulf2"
"SULT1B1","27284","56362","Sult1b1"
"SULT1C2","6819","69083","Sult1c2"
"SULT1C3","442038","20888","Sult1c1"
"SULT1E1","6783","20860","Sult1e1"
"SULT2A1","6822","20859","Sult2a1"
"SULT2A1","6822","434121","Sult2a4"
"SULT2A1","6822","434264","Sult2a5"
"SULT2A1","6822","629203","Sult2a3"
"SULT2A1","6822","629219","Sult2a6"
"SULT2A1","6822","100043194","Sult2a2"
"SULT2A1","6822","76971","Sult2a8"
"SULT2A1","6822","638251","Sult2a7"
"SULT4A1","25830","29859","Sult4a1"
"SULT6B1","391365","73671","Sult6b1"
"SUMF2","25870","67902","Sumf2"
"SUMO1","7341","22218","Sumo1"
"SUMO2","6613","170930","Sumo2"
"SUMO3","6612","20610","Sumo3"
"SUN1","23353","77053","Sun1"
"SUN2","25777","223697","Sun2"
"SUN3","256979","194974","Sun3"
"SUN5","140732","76407","Sun5"
"SUOX","6821","211389","Suox"
"SUPT16H","11198","114741","Supt16"
"SUPT20H","55578","56790","Supt20"
"SUPT3H","8464","109115","Supt3"
"SUPT4H1","6827","20922","Supt4a"
"SUPT5H","6829","20924","Supt5"
"SUPT6H","6830","20926","Supt6"
"SUPT7L","9913","72195","Supt7l"
"SUPV3L1","6832","338359","Supv3l1"
"SURF1","6834","20930","Surf1"
"SURF2","6835","20931","Surf2"
"SURF4","6836","20932","Surf4"
"SURF6","6838","20935","Surf6"
"SUSD1","64420","634731","Susd1"
"SUSD2","56241","71733","Susd2"
"SUSD3","203328","66329","Susd3"
"SUSD4","55061","96935","Susd4"
"SUSD5","26032","382111","Susd5"
"SUSD6","9766","217684","Susd6"
"SUV39H1","6839","20937","Suv39h1"
"SUV39H2","79723","64707","Suv39h2"
"SUZ12","23512","52615","Suz12"
"SV2A","9900","64051","Sv2a"
"SV2B","9899","64176","Sv2b"
"SV2C","22987","75209","Sv2c"
"SVBP","374969","69216","Svbp"
"SVEP1","79987","64817","Svep1"
"SVIL","6840","225115","Svil"
"SVIP","258010","75744","Svip"
"SVOP","55530","68666","Svop"
"SVOPL","136306","320590","Svopl"
"SWAP70","23075","20947","Swap70"
"SWI5","375757","72931","Swi5"
"SWSAP1","126074","66962","Swsap1"
"SWT1","54823","66875","Swt1"
"SYAP1","94056","67043","Syap1"
"SYBU","55638","319613","Sybu"
"SYCE1","93426","74075","Syce1"
"SYCE1L","100130958","668110","Syce1l"
"SYCE2","256126","71846","Syce2"
"SYCE3","644186","75459","Syce3"
"SYCN","342898","68416","Sycn"
"SYCP1","6847","20957","Sycp1"
"SYCP2","10388","320558","Sycp2"
"SYCP2L","221711","637277","Sycp2l"
"SYCP3","50511","20962","Sycp3"
"SYCP3","50511","664829","Slx"
"SYCP3","50511","70691","3830403N18Rik"
"SYCP3","50511","108168590","Gm28553"
"SYCP3","50511","382275","Gm5168"
"SYCP3","50511","105247282","Gm20824"
"SYCP3","50511","331416","Gm773"
"SYCP3","50511","102638610","Gm35134"
"SYCP3","50511","108168548","Gm20897"
"SYCP3","50511","101056210","Gm28576"
"SYCP3","50511","100042417","Gm20916"
"SYCP3","50511","108168555","Gm20896"
"SYCP3","50511","546272","Gm5934"
"SYCP3","50511","100039377","Gm10096"
"SYCP3","50511","102632745","Gm30737"
"SYCP3","50511","100040712","Gm20850"
"SYCP3","50511","101056194","Gm28998"
"SYCP3","50511","100039324","Gm10147"
"SYCP3","50511","108168511","Gm21865"
"SYCP3","50511","108168547","Gm20894"
"SYCP3","50511","108168551","Gm21488"
"SYCP3","50511","380994","Gm20736"
"SYCP3","50511","108168509","Gm20835"
"SYCP3","50511","100861839","Gm21258"
"SYCP3","50511","22526","Gm4836"
"SYCP3","50511","73329","Gm20870"
"SYCP3","50511","108168594","Gm21117"
"SYCP3","50511","108168582","Gm20911"
"SYCP3","50511","100042594","Gm20931"
"SYCP3","50511","100039120","Gm14525"
"SYCP3","50511","100861973","Gm21366"
"SYCP3","50511","100042110","Gm20903"
"SYCP3","50511","108168552","Gm20890"
"SYCP3","50511","382301","Sly"
"SYCP3","50511","100042578","Gm20929"
"SYCP3","50511","100861906","Gm21317"
"SYCP3","50511","100042109","Gm10488"
"SYCP3","50511","100862025","Gm21409"
"SYCP3","50511","100039240","Gm10058"
"SYCP3","50511","100039585","Gm14819"
"SYCP3","50511","100038977","Gm1993"
"SYCP3","50511","619991","Gm6121"
"SYCP3","50511","546282","Gm5935"
"SYCP3","50511","75514","1700013H16Rik"
"SYCP3","50511","108167378","Gm20814"
"SYCP3","50511","100039467","Gm10487"
"SYCP3","50511","108168557","Gm21627"
"SYCP3","50511","100039550","Gm10486"
"SYCP3","50511","108168553","Gm20883"
"SYCP3","50511","100042201","Gm20906"
"SYCP3","50511","382277","Gm5169"
"SYCP3","50511","108168545","Gm20855"
"SYCP3","50511","100042175","Gm10230"
"SYCP3","50511","100039065","Gm2030"
"SYCP3","50511","100042144","Gm14632"
"SYCP3","50511","100039030","Gm2012"
"SYCP3","50511","108168559","Gm21477"
"SYCP3","50511","100043216","Gm4297"
"SYCP3","50511","22441","Xlr"
"SYCP3","50511","108168510","Gm20905"
"SYDE1","85360","71709","Syde1"
"SYDE2","84144","214804","Syde2"
"SYF2","25949","68592","Syf2"
"SYK","6850","20963","Syk"
"SYMPK","8189","68188","Sympk"
"SYN1","6853","20964","Syn1"
"SYN2","6854","20965","Syn2"
"SYN3","8224","27204","Syn3"
"SYNC","81493","68828","Sync"
"SYNCRIP","10492","56403","Syncrip"
"SYNDIG1","79953","433485","Syndig1"
"SYNDIG1L","646658","627191","Syndig1l"
"SYNE1","23345","64009","Syne1"
"SYNE2","23224","319565","Syne2"
"SYNE3","161176","212073","Syne3"
"SYNE4","163183","233066","Syne4"
"SYNGAP1","8831","240057","Syngap1"
"SYNGR1","9145","20972","Syngr1"
"SYNGR2","9144","20973","Syngr2"
"SYNGR3","9143","20974","Syngr3"
"SYNGR4","23546","58867","Syngr4"
"SYNJ1","8867","104015","Synj1"
"SYNJ2","8871","20975","Synj2"
"SYNJ2BP","55333","24071","Synj2bp"
"SYNJ2BP-COX16","100529257","105940408","Gm20498"
"SYNM","23336","233335","Synm"
"SYNPO","11346","104027","Synpo"
"SYNPO2","171024","118449","Synpo2"
"SYNPO2L","79933","68760","Synpo2l"
"SYNPR","132204","72003","Synpr"
"SYNRG","11276","217030","Synrg"
"SYP","6855","20977","Syp"
"SYPL1","6856","19027","Sypl"
"SYPL2","284612","17306","Sypl2"
"SYS1","90196","66460","Sys1"
"SYT1","6857","20979","Syt1"
"SYT10","341359","54526","Syt10"
"SYT11","23208","229521","Syt11"
"SYT12","91683","171180","Syt12"
"SYT13","57586","80976","Syt13"
"SYT14","255928","329324","Syt14"
"SYT15","83849","319508","Syt15"
"SYT16","83851","238266","Syt16"
"SYT17","51760","110058","Syt17"
"SYT2","127833","20980","Syt2"
"SYT3","84258","20981","Syt3"
"SYT4","6860","20983","Syt4"
"SYT5","6861","53420","Syt5"
"SYT6","148281","54524","Syt6"
"SYT7","9066","54525","Syt7"
"SYT8","90019","55925","Syt8"
"SYT9","143425","60510","Syt9"
"SYTL1","84958","269589","Sytl1"
"SYTL2","54843","83671","Sytl2"
"SYTL3","94120","83672","Sytl3"
"SYTL4","94121","27359","Sytl4"
"SYTL5","94122","236643","Sytl5"
"SYVN1","84447","74126","Syvn1"
"SZRD1","26099","213491","Szrd1"
"SZT2","23334","230676","Szt2"
"TAAR1","134864","111174","Taar1"
"TAAR2","9287","209512","Taar2"
"TAAR5","9038","215854","Taar5"
"TAAR6","319100","215855","Taar6"
"TAAR8","83551","215859","Taar8a"
"TAAR8","83551","382348","Taar8b"
"TAAR8","83551","494546","Taar8c"
"TAAR9","134860","503558","Taar9"
"TAB1","10454","66513","Tab1"
"TAB2","23118","68652","Tab2"
"TAB3","257397","66724","Tab3"
"TAC1","6863","21333","Tac1"
"TAC3","6866","21334","Tac2"
"TAC4","255061","93670","Tac4"
"TACC1","6867","320165","Tacc1"
"TACC2","10579","57752","Tacc2"
"TACC3","10460","21335","Tacc3"
"TACO1","51204","70207","Taco1"
"TACR1","6869","21336","Tacr1"
"TACR2","6865","21337","Tacr2"
"TACR3","6870","21338","Tacr3"
"TACSTD2","4070","56753","Tacstd2"
"TADA1","117143","27878","Tada1"
"TADA2A","6871","217031","Tada2a"
"TADA2B","93624","231151","Tada2b"
"TADA3","10474","101206","Tada3"
"TAF10","6881","24075","Taf10"
"TAF11","6882","68776","Taf11"
"TAF12","6883","66464","Taf12"
"TAF13","6884","99730","Taf13"
"TAF15","8148","70439","Taf15"
"TAF1A","9015","21339","Taf1a"
"TAF1B","9014","21340","Taf1b"
"TAF1C","9013","21341","Taf1c"
"TAF1D","79101","75316","Taf1d"
"TAF2","6873","319944","Taf2"
"TAF3","83860","209361","Taf3"
"TAF4","6874","228980","Taf4"
"TAF4B","6875","72504","Taf4b"
"TAF5","6877","226182","Taf5"
"TAF5L","27097","102162","Taf5l"
"TAF6","6878","21343","Taf6"
"TAF7","6879","24074","Taf7"
"TAF7L","54457","74469","Taf7l"
"TAF7L","54457","619332","Taf7l2"
"TAF8","129685","63856","Taf8"
"TAF9","6880","108143","Taf9"
"TAF9B","51616","407786","Taf9b"
"TAFA1","407738","320265","Tafa1"
"TAFA2","338811","268354","Tafa2"
"TAFA3","284467","329731","Tafa3"
"TAFA4","151647","320701","Tafa4"
"TAFA5","25817","106014","Tafa5"
"TAFAZZIN","6901","66826","Taz"
"TAGAP","117289","72536","Tagap"
"TAGAP","117289","380608","Tagap1"
"TAGLN","6876","21345","Tagln"
"TAGLN2","8407","21346","Tagln2"
"TAGLN3","29114","56370","Tagln3"
"TAL1","6886","21349","Tal1"
"TAL2","6887","21350","Tal2"
"TALDO1","6888","21351","Taldo1"
"TAMALIN","160622","56149","Tamalin"
"TAMM41","132001","68971","Tamm41"
"TANC1","85461","66860","Tanc1"
"TANC2","26115","77097","Tanc2"
"TANGO2","128989","27883","Tango2"
"TANGO6","79613","272538","Tango6"
"TANK","10010","21353","Tank"
"TAOK1","57551","216965","Taok1"
"TAOK2","9344","381921","Taok2"
"TAOK3","51347","330177","Taok3"
"TAP1","6890","21354","Tap1"
"TAP2","6891","21355","Tap2"
"TAPBP","6892","21356","Tapbp"
"TAPBPL","55080","213233","Tapbpl"
"TAPT1","202018","231225","Tapt1"
"TARBP1","6894","212728","Tarbp1"
"TARBP2","6895","21357","Tarbp2"
"TARDBP","23435","230908","Tardbp"
"TARM1","441864","245126","Tarm1"
"TARS1","6897","110960","Tars"
"TARS2","80222","71807","Tars2"
"TARS3","123283","272396","Tarsl2"
"TAS1R1","80835","110326","Tas1r1"
"TAS1R2","80834","83770","Tas1r2"
"TAS1R3","83756","83771","Tas1r3"
"TAS2R1","50834","57254","Tas2r119"
"TAS2R10","50839","387346","Tas2r114"
"TAS2R10","50839","387342","Tas2r107"
"TAS2R10","50839","387340","Tas2r104"
"TAS2R10","50839","57252","Tas2r105"
"TAS2R10","50839","387341","Tas2r106"
"TAS2R13","50838","387349","Tas2r121"
"TAS2R13","50838","387339","Tas2r102"
"TAS2R13","50838","387351","Tas2r124"
"TAS2R16","50833","387347","Tas2r118"
"TAS2R3","50831","574417","Tas2r137"
"TAS2R38","5726","387513","Tas2r138"
"TAS2R39","259285","353148","Tas2r139"
"TAS2R4","50832","57253","Tas2r108"
"TAS2R40","259286","387515","Tas2r144"
"TAS2R41","259287","387353","Tas2r126"
"TAS2R42","353164","387356","Tas2r131"
"TAS2R60","338398","387512","Tas2r135"
"TAS2R7","50837","387355","Tas2r130"
"TASL","80231","71398","Tasl"
"TASOR","23272","218850","Tasor"
"TASOR2","54906","105203","Tasor2"
"TASP1","55617","75812","Tasp1"
"TAT","6898","234724","Tat"
"TATDN1","83940","69694","Tatdn1"
"TATDN2","9797","381801","Tatdn2"
"TATDN3","128387","68972","Tatdn3"
"TAX1BP1","8887","52440","Tax1bp1"
"TAX1BP3","30851","76281","Tax1bp3"
"TBATA","219793","65971","Tbata"
"TBC1D1","23216","57915","Tbc1d1"
"TBC1D10A","83874","103724","Tbc1d10a"
"TBC1D10B","26000","68449","Tbc1d10b"
"TBC1D10C","374403","108995","Tbc1d10c"
"TBC1D12","23232","209478","Tbc1d12"
"TBC1D13","54662","70296","Tbc1d13"
"TBC1D14","57533","100855","Tbc1d14"
"TBC1D15","64786","66687","Tbc1d15"
"TBC1D16","125058","207592","Tbc1d16"
"TBC1D17","79735","233204","Tbc1d17"
"TBC1D19","55296","67249","Tbc1d19"
"TBC1D2","55357","381605","Tbc1d2"
"TBC1D20","128637","67231","Tbc1d20"
"TBC1D21","161514","74286","Tbc1d21"
"TBC1D22A","25771","223754","Tbc1d22a"
"TBC1D22B","55633","381085","Tbc1d22b"
"TBC1D23","55773","67581","Tbc1d23"
"TBC1D24","57465","224617","Tbc1d24"
"TBC1D25","4943","209815","Tbc1d25"
"TBC1D2B","23102","67016","Tbc1d2b"
"TBC1D30","23329","74694","Tbc1d30"
"TBC1D31","93594","210544","Tbc1d31"
"TBC1D32","221322","544696","Tbc1d32"
"TBC1D4","9882","210789","Tbc1d4"
"TBC1D5","9779","72238","Tbc1d5"
"TBC1D8","11138","54610","Tbc1d8"
"TBC1D8B","54885","245638","Tbc1d8b"
"TBC1D9","23158","71310","Tbc1d9"
"TBC1D9B","23061","76795","Tbc1d9b"
"TBCA","6902","21371","Tbca"
"TBCB","1155","66411","Tbcb"
"TBCC","6903","72726","Tbcc"
"TBCCD1","55171","70573","Tbccd1"
"TBCD","6904","108903","Tbcd"
"TBCE","6905","70430","Tbce"
"TBCEL","219899","272589","Tbcel"
"TBCK","93627","271981","Tbck"
"TBK1","29110","56480","Tbk1"
"TBKBP1","9755","73174","Tbkbp1"
"TBL1XR1","79718","81004","Tbl1xr1"
"TBL2","26608","27368","Tbl2"
"TBL3","10607","213773","Tbl3"
"TBP","6908","21374","Tbp"
"TBPL1","9519","237336","Tbpl1"
"TBPL2","387332","227606","Tbpl2"
"TBR1","10716","21375","Tbr1"
"TBRG1","84897","21376","Tbrg1"
"TBRG4","9238","21379","Tbrg4"
"TBX1","6899","21380","Tbx1"
"TBX10","347853","109575","Tbx10"
"TBX15","6913","21384","Tbx15"
"TBX18","9096","76365","Tbx18"
"TBX19","9095","83993","Tbx19"
"TBX2","6909","21385","Tbx2"
"TBX20","57057","57246","Tbx20"
"TBX21","30009","57765","Tbx21"
"TBX22","50945","245572","Tbx22"
"TBX3","6926","21386","Tbx3"
"TBX4","9496","21387","Tbx4"
"TBX5","6910","21388","Tbx5"
"TBX6","6911","21389","Tbx6"
"TBXA2R","6915","21390","Tbxa2r"
"TBXAS1","6916","21391","Tbxas1"
"TBXT","6862","20997","T"
"TC2N","123036","74413","Tc2n"
"TCAF1","9747","77574","Tcaf1"
"TCAF2","285966","232748","Tcaf2"
"TCAIM","285343","382117","Tcaim"
"TCAP","8557","21393","Tcap"
"TCEA1","6917","21399","Tcea1"
"TCEA2","6919","21400","Tcea2"
"TCEA3","6920","21401","Tcea3"
"TCEAL1","9338","237052","Tceal1"
"TCEAL3","85012","594844","Tceal3"
"TCEAL5","340543","331532","Tceal5"
"TCEAL6","158931","66104","Tceal6"
"TCEAL7","56849","100040972","Tceal7"
"TCEAL8","90843","66684","Tceal8"
"TCEAL9","51186","22381","Tceal9"
"TCEANC","170082","245695","Tceanc"
"TCEANC2","127428","66526","Tceanc2"
"TCERG1","10915","56070","Tcerg1"
"TCERG1L","256536","70571","Tcerg1l"
"TCF12","6938","21406","Tcf12"
"TCF15","6939","21407","Tcf15"
"TCF19","6941","106795","Tcf19"
"TCF20","6942","21411","Tcf20"
"TCF20","6942","105590","Zfp957"
"TCF21","6943","21412","Tcf21"
"TCF23","150921","69852","Tcf23"
"TCF24","100129654","100039596","Tcf24"
"TCF25","22980","66855","Tcf25"
"TCF3","6929","21423","Tcf3"
"TCF4","6925","21413","Tcf4"
"TCF7","6932","21414","Tcf7"
"TCF7L1","83439","21415","Tcf7l1"
"TCF7L2","6934","21416","Tcf7l2"
"TCFL5","10732","277353","Tcfl5"
"TCHH","7062","99681","Tchh"
"TCHHL1","126637","71325","Tchhl1"
"TCHP","84260","77832","Tchp"
"TCIM","56892","69068","Tcim"
"TCIRG1","10312","27060","Tcirg1"
"TCL1A","8115","21432","Tcl1"
"TCL1B","9623","27378","Tcl1b3"
"TCL1B","9623","27382","Tcl1b5"
"TCL1B","9623","27380","Tcl1b4"
"TCL1B","9623","27381","Tcl1b2"
"TCL1B","9623","27379","Tcl1b1"
"TCN2","6948","21452","Tcn2"
"TCOF1","6949","21453","Tcof1"
"TCP1","6950","21454","Tcp1"
"TCP10L","140290","21461","Tcp10a"
"TCP10L","140290","21462","Tcp10b"
"TCP10L","140290","100041352","Tcp10c"
"TCP11","6954","21463","Tcp11"
"TCP11L1","55346","320554","Tcp11l1"
"TCP11L2","255394","216198","Tcp11l2"
"TCTA","6988","102791","Tcta"
"TCTE1","202500","21645","Tcte1"
"TCTN1","79600","654470","Tctn1"
"TCTN2","79867","67978","Tctn2"
"TCTN3","26123","67590","Tctn3"
"TDG","6996","21665","Tdg"
"TDG","6996","545124","Tdg-ps"
"TDGF1","6997","21667","Tdgf1"
"TDO2","6999","56720","Tdo2"
"TDP1","55775","104884","Tdp1"
"TDP2","51567","56196","Tdp2"
"TDRD1","56165","83561","Tdrd1"
"TDRD12","91646","71981","Tdrd12"
"TDRD3","81550","219249","Tdrd3"
"TDRD5","163589","214575","Tdrd5"
"TDRD6","221400","210510","Tdrd6"
"TDRD7","23424","100121","Tdrd7"
"TDRD9","122402","74691","Tdrd9"
"TDRKH","11022","72634","Tdrkh"
"TDRP","157695","72148","Tdrp"
"TEAD1","7003","21676","Tead1"
"TEAD2","8463","21677","Tead2"
"TEAD3","7005","21678","Tead3"
"TEAD4","7004","21679","Tead4"
"TEC","7006","21682","Tec"
"TECPR1","25851","70381","Tecpr1"
"TECPR2","9895","104859","Tecpr2"
"TECR","9524","106529","Tecr"
"TECRL","253017","243078","Tecrl"
"TECTB","6975","21684","Tectb"
"TEDC1","283643","104732","Tedc1"
"TEDC2","80178","72016","Tedc2"
"TEDDM1","127670","433365","Teddm1b"
"TEDDM1","127670","240819","Teddm1a"
"TEF","7008","21685","Tef"
"TEFM","79736","68550","Tefm"
"TEK","7010","21687","Tek"
"TEKT1","83659","21689","Tekt1"
"TEKT2","27285","24084","Tekt2"
"TEKT3","64518","71062","Tekt3"
"TEKT5","146279","70426","Tekt5"
"TELO2","9894","71718","Telo2"
"TENM1","10178","23963","Tenm1"
"TENM2","57451","23964","Tenm2"
"TENM3","55714","23965","Tenm3"
"TENM4","26011","23966","Tenm4"
"TENT2","167153","100715","Tent2"
"TENT4A","11044","210106","Tent4a"
"TENT4B","64282","214627","Tent4b"
"TENT5A","55603","212943","Tent5a"
"TENT5B","115572","100342","Tent5b"
"TENT5C","54855","74645","Tent5c"
"TENT5D","169966","213449","Tent5d"
"TEP1","7011","21745","Tep1"
"TEPP","374739","73407","Tepp"
"TEPSIN","146705","78777","Tepsin"
"TERB1","283847","320022","Terb1"
"TERB2","145645","74401","Terb2"
"TERF1","7013","21749","Terf1"
"TERF2","7014","21750","Terf2"
"TERF2IP","54386","57321","Terf2ip"
"TERT","7015","21752","Tert"
"TES","26136","21753","Tes"
"TES","26136","236749","Tesl1"
"TESC","54997","57816","Tesc"
"TESC","54997","69301","Tescl"
"TESK1","7016","21754","Tesk1"
"TESK2","10420","230661","Tesk2"
"TESMIN","9633","17771","Tesmin"
"TESPA1","9840","67596","Tespa1"
"TET1","80312","52463","Tet1"
"TET2","54790","214133","Tet2"
"TET3","200424","194388","Tet3"
"TEX10","54881","269536","Tex10"
"TEX101","83639","56746","Tex101"
"TEX11","56159","83558","Tex11"
"TEX12","56158","66654","Tex12"
"TEX13A","56157","67944","Tex13a"
"TEX13B","56156","83555","Tex13b"
"TEX14","56155","83560","Tex14"
"TEX15","56154","104271","Tex15"
"TEX19","400629","70956","Tex19.2"
"TEX19","400629","73679","Tex19.1"
"TEX2","55852","21763","Tex2"
"TEX22","647310","75671","Tex22"
"TEX26","122046","75860","Tex26"
"TEX261","113419","21766","Tex261"
"TEX264","51368","21767","Tex264"
"TEX28","1527","385380","Tex28"
"TEX29","121793","75528","Tex29"
"TEX30","93081","75623","Tex30"
"TEX33","339669","73376","Tex33"
"TEX35","84066","73435","Tex35"
"TEX36","387718","73808","Tex36"
"TEX37","200523","74221","Tex37"
"TEX38","374973","75173","Tex38"
"TEX43","389320","67343","Tex43"
"TEX44","165100","71863","Tex44"
"TEX45","374877","76406","Tex45"
"TEX46","729059","67663","Tex46"
"TEX47","219557","70920","Tex47"
"TEX48","100505478","75524","Tex48"
"TEX49","255411","73863","Tex49"
"TEX50","730159","100502590","Tex50"
"TEX52","101929469","71149","Tex52"
"TEX55","152405","74663","Tex55"
"TEX9","374618","21778","Tex9"
"TF","7018","22041","Trf"
"TFAM","7019","21780","Tfam"
"TFAP2A","7020","21418","Tfap2a"
"TFAP2B","7021","21419","Tfap2b"
"TFAP2C","7022","21420","Tfap2c"
"TFAP2D","83741","226896","Tfap2d"
"TFAP2E","339488","332937","Tfap2e"
"TFAP4","7023","83383","Tfap4"
"TFB1M","51106","224481","Tfb1m"
"TFB2M","64216","15278","Tfb2m"
"TFCP2","7024","21422","Tfcp2"
"TFCP2L1","29842","81879","Tfcp2l1"
"TFDP1","7027","21781","Tfdp1"
"TFDP2","7029","211586","Tfdp2"
"TFE3","7030","209446","Tfe3"
"TFEB","7942","21425","Tfeb"
"TFEC","22797","21426","Tfec"
"TFF1","7031","21784","Tff1"
"TFF2","7032","21785","Tff2"
"TFF3","7033","21786","Tff3"
"TFG","10342","21787","Tfg"
"TFIP11","24144","54723","Tfip11"
"TFPI","7035","21788","Tfpi"
"TFPI2","7980","21789","Tfpi2"
"TFPT","29844","69714","Tfpt"
"TFR2","7036","50765","Tfr2"
"TFRC","7037","22042","Tfrc"
"TG","7038","21819","Tg"
"TGDS","23483","76355","Tgds"
"TGFA","7039","21802","Tgfa"
"TGFB1","7040","21803","Tgfb1"
"TGFB1I1","7041","21804","Tgfb1i1"
"TGFB2","7042","21808","Tgfb2"
"TGFB3","7043","21809","Tgfb3"
"TGFBI","7045","21810","Tgfbi"
"TGFBR1","7046","21812","Tgfbr1"
"TGFBR2","7048","21813","Tgfbr2"
"TGFBR3","7049","21814","Tgfbr3"
"TGFBR3L","100507588","100044509","Tgfbr3l"
"TGFBRAP1","9392","73122","Tgfbrap1"
"TGIF1","7050","21815","Tgif1"
"TGIF2","60436","228839","Tgif2"
"TGM1","7051","21816","Tgm1"
"TGM2","7052","21817","Tgm2"
"TGM3","7053","21818","Tgm3"
"TGM4","7047","331046","Tgm4"
"TGM5","9333","74176","Tgm5"
"TGM6","343641","241636","Tgm6"
"TGM7","116179","640543","Tgm7"
"TGOLN2","10618","22134","Tgoln1"
"TGS1","96764","116940","Tgs1"
"TH","7054","21823","Th"
"THADA","63892","240174","Thada"
"THAP1","55145","73754","Thap1"
"THAP11","57215","59016","Thap11"
"THAP12","5612","72981","Thap12"
"THAP2","83591","66816","Thap2"
"THAP3","90326","69876","Thap3"
"THAP4","51078","67026","Thap4"
"THAP7","80764","69009","Thap7"
"THBD","7056","21824","Thbd"
"THBS1","7057","21825","Thbs1"
"THBS2","7058","21826","Thbs2"
"THBS3","7059","21827","Thbs3"
"THBS4","7060","21828","Thbs4"
"THEG","51298","21830","Theg"
"THEGL","100506564","71868","Thegl"
"THEM4","117145","75778","Them4"
"THEM5","284486","66198","Them5"
"THEM6","51337","223626","Them6"
"THEMIS","387357","210757","Themis"
"THEMIS2","9473","230787","Themis2"
"THG1L","54974","66628","Thg1l"
"THNSL1","79896","208967","Thnsl1"
"THNSL2","55258","232078","Thnsl2"
"THOC1","9984","225160","Thoc1"
"THOC2","57187","331401","Thoc2"
"THOC2","57187","100042165","Thoc2l"
"THOC3","84321","73666","Thoc3"
"THOC5","8563","107829","Thoc5"
"THOC6","79228","386612","Thoc6"
"THOC7","80145","66231","Thoc7"
"THOP1","7064","50492","Thop1"
"THPO","7066","21832","Thpo"
"THRA","7067","21833","Thra"
"THRAP3","9967","230753","Thrap3"
"THRB","7068","21834","Thrb"
"THRSP","7069","21835","Thrsp"
"THSD1","55901","56229","Thsd1"
"THSD4","79875","207596","Thsd4"
"THSD7A","221981","330267","Thsd7a"
"THSD7B","80731","210417","Thsd7b"
"THTPA","79178","105663","Thtpa"
"THUMPD1","55623","233802","Thumpd1"
"THUMPD2","80745","72167","Thumpd2"
"THUMPD3","25917","14911","Thumpd3"
"THY1","7070","21838","Thy1"
"THYN1","29087","77862","Thyn1"
"TIA1","7072","21841","Tia1"
"TIAL1","7073","21843","Tial1"
"TIAM1","7074","21844","Tiam1"
"TIAM2","26230","24001","Tiam2"
"TICAM1","148022","106759","Ticam1"
"TICAM2","353376","225471","Ticam2"
"TICRR","90381","77011","Ticrr"
"TIE1","7075","21846","Tie1"
"TIFA","92610","211550","Tifa"
"TIFAB","497189","212937","Tifab"
"TIGAR","57103","319801","Tigar"
"TIGD2","166815","68140","Tigd2"
"TIGD3","220359","332359","Tigd3"
"TIGD4","201798","403175","Tigd4"
"TIGD5","84948","105734","Tigd5"
"TIGIT","201633","100043314","Tigit"
"TIMD4","91937","276891","Timd4"
"TIMELESS","8914","21853","Timeless"
"TIMM10","26519","30059","Timm10"
"TIMM10B","26515","14356","Timm10b"
"TIMM10B","26515","14356","Gm45799"
"TIMM13","26517","30055","Timm13"
"TIMM17A","10440","21854","Timm17a"
"TIMM17B","10245","21855","Timm17b"
"TIMM21","29090","67105","Timm21"
"TIMM22","29928","56322","Timm22"
"TIMM23","100287932","53600","Timm23"
"TIMM29","90580","69773","Timm29"
"TIMM44","10469","21856","Timm44"
"TIMM50","92609","66525","Timm50"
"TIMM8A","1678","30058","Timm8a1"
"TIMM8A","1678","223262","Timm8a2"
"TIMM8B","26521","30057","Timm8b"
"TIMM9","26520","30056","Timm9"
"TIMMDC1","51300","76916","Timmdc1"
"TIMP1","7076","21857","Timp1"
"TIMP2","7077","21858","Timp2"
"TIMP3","7078","21859","Timp3"
"TIMP4","7079","110595","Timp4"
"TINAG","27283","26944","Tinag"
"TINAGL1","64129","94242","Tinagl1"
"TINF2","26277","28113","Tinf2"
"TIPARP","25976","99929","Tiparp"
"TIPIN","54962","66131","Tipin"
"TIPRL","261726","226591","Tiprl"
"TIRAP","114609","117149","Tirap"
"TJAP1","93643","74094","Tjap1"
"TJP1","7082","21872","Tjp1"
"TJP2","9414","21873","Tjp2"
"TJP3","27134","27375","Tjp3"
"TK1","7083","21877","Tk1"
"TK2","7084","57813","Tk2"
"TKFC","26007","225913","Tkfc"
"TKT","7086","21881","Tkt"
"TKTL1","8277","83553","Tktl1"
"TKTL2","84076","74419","Tktl2"
"TLCD1","116238","68385","Tlcd1"
"TLCD2","727910","380712","Tlcd2"
"TLCD3A","79850","116972","Tlcd3a"
"TLCD3B","83723","68952","Tlcd3b"
"TLCD5","219902","235300","Tlcd5"
"TLDC2","140711","383766","Tldc2"
"TLE1","7088","21885","Tle1"
"TLE2","7089","21886","Tle2"
"TLE3","7090","21887","Tle3"
"TLE4","7091","21888","Tle4"
"TLE5","166","14797","Tle5"
"TLE6","79816","114606","Tle6"
"TLE7","102723796","102638837","Tle7"
"TLK1","9874","228012","Tlk1"
"TLK2","11011","24086","Tlk2"
"TLL1","7092","21892","Tll1"
"TLL2","7093","24087","Tll2"
"TLN1","7094","21894","Tln1"
"TLN2","83660","70549","Tln2"
"TLNRD1","59274","80889","Tlnrd1"
"TLR1","7096","21897","Tlr1"
"TLR2","7097","24088","Tlr2"
"TLR3","7098","142980","Tlr3"
"TLR4","7099","21898","Tlr4"
"TLR5","7100","53791","Tlr5"
"TLR6","10333","21899","Tlr6"
"TLR7","51284","170743","Tlr7"
"TLR8","51311","170744","Tlr8"
"TLR9","54106","81897","Tlr9"
"TLX1","3195","21908","Tlx1"
"TLX2","3196","21909","Tlx2"
"TLX3","30012","27140","Tlx3"
"TM2D1","83941","94043","Tm2d1"
"TM2D2","83877","69742","Tm2d2"
"TM2D3","80213","68634","Tm2d3"
"TM4SF1","4071","17112","Tm4sf1"
"TM4SF19","116211","277203","Tm4sf19"
"TM4SF20","79853","66261","Tm4sf20"
"TM4SF4","7104","229302","Tm4sf4"
"TM4SF5","9032","75604","Tm4sf5"
"TM6SF1","53346","107769","Tm6sf1"
"TM6SF2","53345","107770","Tm6sf2"
"TM7SF2","7108","73166","Tm7sf2"
"TM7SF3","51768","67623","Tm7sf3"
"TM9SF1","10548","74140","Tm9sf1"
"TM9SF2","9375","68059","Tm9sf2"
"TM9SF3","56889","107358","Tm9sf3"
"TM9SF4","9777","99237","Tm9sf4"
"TMA16","55319","66282","Tma16"
"TMBIM1","64114","69660","Tmbim1"
"TMBIM4","51643","68212","Tmbim4"
"TMBIM6","7009","110213","Tmbim6"
"TMC1","117531","13409","Tmc1"
"TMC2","117532","192140","Tmc2"
"TMC3","342125","233424","Tmc3"
"TMC4","147798","353499","Tmc4"
"TMC5","79838","74424","Tmc5"
"TMC6","11322","217353","Tmc6"
"TMC7","79905","209760","Tmc7"
"TMC8","147138","217356","Tmc8"
"TMCC1","23023","330401","Tmcc1"
"TMCC2","9911","68875","Tmcc2"
"TMCC3","57458","319880","Tmcc3"
"TMCO1","54499","68944","Tmco1"
"TMCO2","127391","69469","Tmco2"
"TMCO3","55002","234076","Tmco3"
"TMCO4","255104","77056","Tmco4"
"TMCO5A","145942","67356","Tmco5"
"TMCO6","55374","71983","Tmco6"
"TMED1","11018","17083","Tmed1"
"TMED10","10972","68581","Tmed10"
"TMED10","10972","100042773","Tmed10-ps"
"TMED2","10959","56334","Tmed2"
"TMED2","10959","100862175","Gm10698"
"TMED3","23423","66111","Tmed3"
"TMED4","222068","103694","Tmed4"
"TMED5","50999","73130","Tmed5"
"TMED6","146456","66269","Tmed6"
"TMED8","283578","382620","Tmed8"
"TMED9","54732","67511","Tmed9"
"TMEFF1","8577","230157","Tmeff1"
"TMEFF2","23671","56363","Tmeff2"
"TMEM100","55273","67888","Tmem100"
"TMEM101","84336","76547","Tmem101"
"TMEM102","284114","380705","Tmem102"
"TMEM104","54868","320534","Tmem104"
"TMEM106A","113277","217203","Tmem106a"
"TMEM106B","54664","71900","Tmem106b"
"TMEM106C","79022","380967","Tmem106c"
"TMEM107","84314","66910","Tmem107"
"TMEM108","66000","81907","Tmem108"
"TMEM109","79073","68539","Tmem109"
"TMEM11","8834","216821","Tmem11"
"TMEM114","283953","74720","Tmem114"
"TMEM115","11070","56395","Tmem115"
"TMEM116","89894","77462","Tmem116"
"TMEM117","84216","320709","Tmem117"
"TMEM119","338773","231633","Tmem119"
"TMEM120A","83862","215210","Tmem120a"
"TMEM120B","144404","330189","Tmem120b"
"TMEM121","80757","69195","Tmem121"
"TMEM121B","27439","94047","Tmem121b"
"TMEM123","114908","71929","Tmem123"
"TMEM125","128218","230678","Tmem125"
"TMEM126A","84233","66271","Tmem126a"
"TMEM126B","55863","68472","Tmem126b"
"TMEM127","55654","69470","Tmem127"
"TMEM128","85013","66309","Tmem128"
"TMEM129","92305","68366","Tmem129"
"TMEM130","222865","243339","Tmem130"
"TMEM131","23505","56030","Tmem131"
"TMEM131L","23240","229473","Tmem131l"
"TMEM132A","54972","98170","Tmem132a"
"TMEM132B","114795","208151","Tmem132b"
"TMEM132C","92293","208213","Tmem132c"
"TMEM132D","121256","243274","Tmem132d"
"TMEM132E","124842","270893","Tmem132e"
"TMEM134","80194","66990","Tmem134"
"TMEM135","65084","72759","Tmem135"
"TMEM138","51524","72982","Tmem138"
"TMEM139","135932","109218","Tmem139"
"TMEM140","55281","68487","Tmem140"
"TMEM141","85014","51875","Tmem141"
"TMEM143","55260","70209","Tmem143"
"TMEM144","55314","70652","Tmem144"
"TMEM145","284339","330485","Tmem145"
"TMEM147","10430","69804","Tmem147"
"TMEM14A","28978","75712","Tmem14a"
"TMEM14C","51522","66154","Tmem14c"
"TMEM150A","129303","232086","Tmem150a"
"TMEM150B","284417","330460","Tmem150b"
"TMEM150C","441027","231503","Tmem150c"
"TMEM151A","256472","381199","Tmem151a"
"TMEM151B","441151","210573","Tmem151b"
"TMEM154","201799","320782","Tmem154"
"TMEM156","80008","243025","Tmem156"
"TMEM158","25907","72309","Tmem158"
"TMEM160","54958","69094","Tmem160"
"TMEM161A","54929","234371","Tmem161a"
"TMEM161B","153396","72745","Tmem161b"
"TMEM163","81615","72160","Tmem163"
"TMEM164","84187","209497","Tmem164"
"TMEM165","55858","21982","Tmem165"
"TMEM167A","153339","66074","Tmem167"
"TMEM167B","56900","67495","Tmem167b"
"TMEM168","64418","101118","Tmem168"
"TMEM169","92691","271711","Tmem169"
"TMEM17","200728","103765","Tmem17"
"TMEM170A","124491","66817","Tmem170"
"TMEM170B","100113407","621976","Tmem170b"
"TMEM171","134285","380863","Tmem171"
"TMEM174","134288","68344","Tmem174"
"TMEM175","84286","72392","Tmem175"
"TMEM176A","55365","66058","Tmem176a"
"TMEM176B","28959","65963","Tmem176b"
"TMEM177","80775","66343","Tmem177"
"TMEM178A","130733","68027","Tmem178"
"TMEM178B","100507421","434008","Tmem178b"
"TMEM179","388021","104885","Tmem179"
"TMEM179B","374395","67706","Tmem179b"
"TMEM18","129787","211986","Tmem18"
"TMEM181","57583","77106","Tmem181a"
"TMEM182","130827","381339","Tmem182"
"TMEM183A","92703","57439","Tmem183a"
"TMEM184A","202915","231832","Tmem184a"
"TMEM184B","25829","223693","Tmem184b"
"TMEM184C","55751","234463","Tmem184c"
"TMEM185A","84548","236848","Tmem185a"
"TMEM185B","79134","226351","Tmem185b"
"TMEM186","25880","66690","Tmem186"
"TMEM19","55266","67226","Tmem19"
"TMEM190","147744","78052","Tmem190"
"TMEM192","201931","73067","Tmem192"
"TMEM196","256130","217951","Tmem196"
"TMEM198","130612","319998","Tmem198"
"TMEM199","147007","195040","Tmem199"
"TMEM200A","114801","77220","Tmem200a"
"TMEM200B","399474","623230","Tmem200b"
"TMEM200C","645369","622645","Tmem200c"
"TMEM201","199953","230917","Tmem201"
"TMEM202","338949","73893","Tmem202"
"TMEM203","94107","227615","Tmem203"
"TMEM204","79652","407831","Tmem204"
"TMEM205","374882","235043","Tmem205"
"TMEM207","131920","100043057","Tmem207"
"TMEM208","29100","66320","Tmem208"
"TMEM209","84928","72649","Tmem209"
"TMEM210","100505993","78217","Tmem210"
"TMEM211","255349","333048","Tmem211"
"TMEM212","389177","208613","Tmem212"
"TMEM213","155006","77522","Tmem213"
"TMEM214","54867","68796","Tmem214"
"TMEM215","401498","320500","Tmem215"
"TMEM216","51259","68642","Tmem216"
"TMEM217","221468","71138","Tmem217"
"TMEM218","219854","66279","Tmem218"
"TMEM219","124446","68742","Tmem219"
"TMEM220","388335","338369","Tmem220"
"TMEM221","100130519","434325","Tmem221"
"TMEM222","84065","52174","Tmem222"
"TMEM223","79064","66836","Tmem223"
"TMEM225","338661","75667","Tmem225"
"TMEM229A","730130","319832","Tmem229a"
"TMEM229B","161145","268567","Tmem229b"
"TMEM230","29058","70612","Tmem230"
"TMEM231","79583","234740","Tmem231"
"TMEM232","642987","381107","Tmem232"
"TMEM233","387890","545798","Tmem233"
"TMEM234","56063","76799","Tmem234"
"TMEM235","283999","546519","Tmem235"
"TMEM236","653567","625286","Tmem236"
"TMEM237","65062","381259","Tmem237"
"TMEM238","388564","664968","Tmem238"
"TMEM238L","100289255","71576","Tmem238l"
"TMEM239","100288797","66766","Tmem239"
"TMEM240","339453","381582","Tmem240"
"TMEM241","85019","338363","Tmem241"
"TMEM242","729515","70544","Tmem242"
"TMEM243","79161","652925","Tmem243"
"TMEM245","23731","242474","Tmem245"
"TMEM247","388946","78469","Tmem247"
"TMEM248","55069","71667","Tmem248"
"TMEM249","340393","666504","Tmem249"
"TMEM25","84866","71687","Tmem25"
"TMEM250","90120","109299","Tmem250-ps"
"TMEM251","26175","320351","Tmem251"
"TMEM252","169693","226040","Tmem252"
"TMEM253","643382","619301","Tmem253"
"TMEM254","80195","66039","Tmem254a"
"TMEM255A","55026","245386","Tmem255a"
"TMEM255B","348013","272465","Tmem255b"
"TMEM256","254863","69186","Tmem256"
"TMEM258","746","69038","Tmem258"
"TMEM259","91304","216157","Tmem259"
"TMEM26","219623","327766","Tmem26"
"TMEM260","54916","218989","Tmem260"
"TMEM262","100130348","433215","Tmem262"
"TMEM263","90488","103266","Tmem263"
"TMEM266","123591","244886","Tmem266"
"TMEM267","64417","633640","Tmem267"
"TMEM268","203197","230279","Tmem268"
"TMEM269","100129924","75180","Tmem269"
"TMEM270","135886","76629","Tmem270"
"TMEM271","112441426","115490131","Gm42517"
"TMEM273","170371","69069","Tmem273"
"TMEM275","105378696","76237","6430628N08Rik"
"TMEM30A","55754","69981","Tmem30a"
"TMEM30B","161291","238257","Tmem30b"
"TMEM33","55161","67878","Tmem33"
"TMEM35A","59353","67564","Tmem35a"
"TMEM35B","100506144","100039968","Tmem35b"
"TMEM37","140738","170706","Tmem37"
"TMEM38A","79041","74166","Tmem38a"
"TMEM38B","55151","52076","Tmem38b"
"TMEM39A","55254","67846","Tmem39a"
"TMEM39B","55116","230770","Tmem39b"
"TMEM40","55287","94346","Tmem40"
"TMEM41A","90407","66664","Tmem41a"
"TMEM41B","440026","233724","Tmem41b"
"TMEM42","131616","66079","Tmem42"
"TMEM43","79188","74122","Tmem43"
"TMEM44","93109","224090","Tmem44"
"TMEM45A","55076","56277","Tmem45a"
"TMEM45A","55076","69457","Tmem45a2"
"TMEM45B","120224","235135","Tmem45b"
"TMEM47","83604","192216","Tmem47"
"TMEM50A","23585","71817","Tmem50a"
"TMEM50B","757","77975","Tmem50b"
"TMEM51","55092","214359","Tmem51"
"TMEM52","339456","69671","Tmem52"
"TMEM52B","120939","330428","Tmem52b"
"TMEM53","79639","68777","Tmem53"
"TMEM54","113452","66260","Tmem54"
"TMEM59","9528","56374","Tmem59"
"TMEM59L","25789","67937","Tmem59l"
"TMEM60","85025","212090","Tmem60"
"TMEM61","199964","329909","Tmem61"
"TMEM62","80021","96957","Tmem62"
"TMEM63A","9725","208795","Tmem63a"
"TMEM63B","55362","224807","Tmem63b"
"TMEM63C","57156","217733","Tmem63c"
"TMEM64","169200","100201","Tmem64"
"TMEM65","157378","74868","Tmem65"
"TMEM67","91147","329795","Tmem67"
"TMEM68","137695","72098","Tmem68"
"TMEM69","51249","230657","Tmem69"
"TMEM70","54968","70397","Tmem70"
"TMEM71","137835","213068","Tmem71"
"TMEM72","643236","319776","Tmem72"
"TMEM74","157753","239408","Tmem74"
"TMEM74B","55321","108832","Tmem74b"
"TMEM79","84283","71913","Tmem79"
"TMEM80","283232","71448","Tmem80"
"TMEM81","388730","74626","Tmem81"
"TMEM82","388595","213989","Tmem82"
"TMEM86A","144110","67893","Tmem86a"
"TMEM86B","255043","68255","Tmem86b"
"TMEM87A","25963","211499","Tmem87a"
"TMEM87B","84910","72477","Tmem87b"
"TMEM88","92162","67020","Tmem88"
"TMEM88B","643965","320587","Tmem88b"
"TMEM89","440955","69384","Tmem89"
"TMEM8B","51754","242409","Tmem8b"
"TMEM9","252839","66241","Tmem9"
"TMEM91","641649","320208","Tmem91"
"TMEM92","162461","544806","Tmem92"
"TMEM94","9772","71947","Tmem94"
"TMEM95","339168","100503361","Tmem95"
"TMEM97","27346","69071","Tmem97"
"TMEM98","26022","103743","Tmem98"
"TMEM9B","56674","56786","Tmem9b"
"TMF1","7110","232286","Tmf1"
"TMIE","259236","20776","Tmie"
"TMIGD1","388364","66601","Tmigd1"
"TMIGD3","57413","69296","Tmigd3"
"TMLHE","55217","192289","Tmlhe"
"TMOD1","7111","21916","Tmod1"
"TMOD2","29767","50876","Tmod2"
"TMOD4","29765","50874","Tmod4"
"TMPO","7112","21917","Tmpo"
"TMPPE","643853","100504715","Tmppe"
"TMPRSS11A","339967","194597","Tmprss11a"
"TMPRSS11D","9407","231382","Tmprss11d"
"TMPRSS11E","28983","243084","Tmprss11e"
"TMPRSS11F","389208","243083","Tmprss11f"
"TMPRSS12","283471","75002","Tmprss12"
"TMPRSS13","84000","214531","Tmprss13"
"TMPRSS15","5651","19146","Tmprss15"
"TMPRSS2","7113","50528","Tmprss2"
"TMPRSS3","64699","140765","Tmprss3"
"TMPRSS4","56649","214523","Tmprss4"
"TMPRSS5","80975","80893","Tmprss5"
"TMPRSS6","164656","71753","Tmprss6"
"TMPRSS7","344805","208171","Tmprss7"
"TMPRSS9","360200","432478","Tmprss9"
"TMSB4Y","9087","19241","Tmsb4x"
"TMTC1","83857","387314","Tmtc1"
"TMTC2","160335","278279","Tmtc2"
"TMTC3","160418","237500","Tmtc3"
"TMTC4","84899","70551","Tmtc4"
"TMUB1","83590","64295","Tmub1"
"TMUB2","79089","72053","Tmub2"
"TMX1","81542","72736","Tmx1"
"TMX2","51075","66958","Tmx2"
"TMX3","54495","67988","Tmx3"
"TMX4","56255","52837","Tmx4"
"TNC","3371","21923","Tnc"
"TNF","7124","21926","Tnf"
"TNFAIP1","7126","21927","Tnfaip1"
"TNFAIP2","7127","21928","Tnfaip2"
"TNFAIP3","7128","21929","Tnfaip3"
"TNFAIP6","7130","21930","Tnfaip6"
"TNFAIP8","25816","106869","Tnfaip8"
"TNFAIP8L1","126282","66443","Tnfaip8l1"
"TNFAIP8L2","79626","69769","Tnfaip8l2"
"TNFAIP8L3","388121","244882","Tnfaip8l3"
"TNFRSF10A","8797","21933","Tnfrsf10b"
"TNFRSF11A","8792","21934","Tnfrsf11a"
"TNFRSF11B","4982","18383","Tnfrsf11b"
"TNFRSF12A","51330","27279","Tnfrsf12a"
"TNFRSF13B","23495","57916","Tnfrsf13b"
"TNFRSF13C","115650","72049","Tnfrsf13c"
"TNFRSF14","8764","230979","Tnfrsf14"
"TNFRSF17","608","21935","Tnfrsf17"
"TNFRSF18","8784","21936","Tnfrsf18"
"TNFRSF19","55504","29820","Tnfrsf19"
"TNFRSF1A","7132","21937","Tnfrsf1a"
"TNFRSF1B","7133","21938","Tnfrsf1b"
"TNFRSF21","27242","94185","Tnfrsf21"
"TNFRSF25","8718","85030","Tnfrsf25"
"TNFRSF4","7293","22163","Tnfrsf4"
"TNFRSF8","943","21941","Tnfrsf8"
"TNFRSF9","3604","21942","Tnfrsf9"
"TNFSF10","8743","22035","Tnfsf10"
"TNFSF11","8600","21943","Tnfsf11"
"TNFSF12","8742","21944","Tnfsf12"
"TNFSF12-TNFSF13","407977","619441","Tnfsfm13"
"TNFSF13","8741","69583","Tnfsf13"
"TNFSF13B","10673","24099","Tnfsf13b"
"TNFSF14","8740","50930","Tnfsf14"
"TNFSF15","9966","326623","Tnfsf15"
"TNFSF18","8995","240873","Tnfsf18"
"TNFSF4","7292","22164","Tnfsf4"
"TNFSF8","944","21949","Tnfsf8"
"TNFSF9","8744","21950","Tnfsf9"
"TNIK","23043","665113","Tnik"
"TNIP1","10318","57783","Tnip1"
"TNIP2","79155","231130","Tnip2"
"TNIP3","79931","414084","Tnip3"
"TNK1","8711","83813","Tnk1"
"TNK2","10188","51789","Tnk2"
"TNKS","8658","21951","Tnks"
"TNKS1BP1","85456","228140","Tnks1bp1"
"TNKS2","80351","74493","Tnks2"
"TNMD","64102","64103","Tnmd"
"TNN","63923","329278","Tnn"
"TNNC1","7134","21924","Tnnc1"
"TNNC2","7125","21925","Tnnc2"
"TNNI1","7135","21952","Tnni1"
"TNNI2","7136","21953","Tnni2"
"TNNI3","7137","21954","Tnni3"
"TNNT1","7138","21955","Tnnt1"
"TNNT2","7139","21956","Tnnt2"
"TNNT3","7140","21957","Tnnt3"
"TNP1","7141","21958","Tnp1"
"TNP2","7142","21959","Tnp2"
"TNPO1","3842","238799","Tnpo1"
"TNPO2","30000","212999","Tnpo2"
"TNPO3","23534","320938","Tnpo3"
"TNR","7143","21960","Tnr"
"TNRC18","84629","231861","Tnrc18"
"TNRC6A","27327","233833","Tnrc6a"
"TNRC6B","23112","213988","Tnrc6b"
"TNRC6C","57690","217351","Tnrc6c"
"TNS1","7145","21961","Tns1"
"TNS2","23371","209039","Tns2"
"TNS3","64759","319939","Tns3"
"TNS4","84951","217169","Tns4"
"TNXB","7148","81877","Tnxb"
"TOB1","10140","22057","Tob1"
"TOB2","10766","57259","Tob2"
"TOE1","114034","68276","Toe1"
"TOGARAM1","23116","328108","Togaram1"
"TOGARAM2","165186","320159","Togaram2"
"TOLLIP","54472","54473","Tollip"
"TOM1","10043","21968","Tom1"
"TOM1L1","10040","71943","Tom1l1"
"TOM1L2","146691","216810","Tom1l2"
"TOMM20","9804","67952","Tomm20"
"TOMM20L","387990","75266","Tomm20l"
"TOMM22","56993","223696","Tomm22"
"TOMM34","10953","67145","Tomm34"
"TOMM40","10452","53333","Tomm40"
"TOMM40L","84134","641376","Tomm40l"
"TOMM6","100188893","66119","Tomm6"
"TOMM7","54543","66169","Tomm7"
"TOMM70","9868","28185","Tomm70a"
"TONSL","4796","72749","Tonsl"
"TOP1","7150","21969","Top1"
"TOP1MT","116447","72960","Top1mt"
"TOP2A","7153","21973","Top2a"
"TOP2B","7155","21974","Top2b"
"TOP3A","7156","21975","Top3a"
"TOP3B","8940","21976","Top3b"
"TOPAZ1","375337","671232","Topaz1"
"TOPBP1","11073","235559","Topbp1"
"TOPORS","10210","106021","Topors"
"TOR1A","1861","30931","Tor1a"
"TOR1AIP1","26092","208263","Tor1aip1"
"TOR1AIP2","163590","240832","Tor1aip2"
"TOR1B","27348","30934","Tor1b"
"TOR2A","27433","30933","Tor2a"
"TOR3A","64222","30935","Tor3a"
"TOR4A","54863","227612","Tor4a"
"TOX","9760","252838","Tox"
"TOX2","84969","269389","Tox2"
"TOX3","27324","244579","Tox3"
"TOX4","9878","268741","Tox4"
"TP53","7157","22059","Trp53"
"TP53BP1","7158","27223","Trp53bp1"
"TP53BP2","7159","209456","Trp53bp2"
"TP53I11","9537","277414","Trp53i11"
"TP53I13","90313","216964","Trp53i13"
"TP53INP1","94241","60599","Trp53inp1"
"TP53INP2","58476","68728","Trp53inp2"
"TP53RK","112858","76367","Trp53rkb"
"TP53RK","112858","381406","Trp53rka"
"TP53TG5","27296","73603","Trp53tg5"
"TP63","8626","22061","Trp63"
"TP73","7161","22062","Trp73"
"TPBG","7162","21983","Tpbg"
"TPBGL","100507050","100503386","Tpbgl"
"TPCN1","53373","252972","Tpcn1"
"TPCN2","219931","233979","Tpcn2"
"TPD52","7163","21985","Tpd52"
"TPD52L1","7164","21987","Tpd52l1"
"TPD52L2","7165","66314","Tpd52l2"
"TPD52L3","89882","66745","Trpd52l3"
"TPGS1","91978","110012","Tpgs1"
"TPGS2","25941","66648","Tpgs2"
"TPH1","7166","21990","Tph1"
"TPH2","121278","216343","Tph2"
"TPI1","7167","21991","Tpi1"
"TPK1","27010","29807","Tpk1"
"TPM1","7168","22003","Tpm1"
"TPM2","7169","22004","Tpm2"
"TPM3","7170","59069","Tpm3"
"TPM4","7171","326618","Tpm4"
"TPMT","7172","22017","Tpmt"
"TPO","7173","22018","Tpo"
"TPP1","1200","12751","Tpp1"
"TPP2","7174","22019","Tpp2"
"TPPP","11076","72948","Tppp"
"TPPP2","122664","219038","Tppp2"
"TPPP3","51673","67971","Tppp3"
"TPR","7175","108989","Tpr"
"TPRA1","131601","24100","Tpra1"
"TPRG1","285386","71338","Tprg"
"TPRG1L","127262","67808","Tprgl"
"TPRKB","51002","69786","Tprkb"
"TPRN","286262","97031","Tprn"
"TPSB2","64499","17229","Tpsb2"
"TPSG1","25823","26945","Tpsg1"
"TPST1","8460","22021","Tpst1"
"TPST2","8459","22022","Tpst2"
"TPT1","7178","22070","Tpt1"
"TPX2","22974","72119","Tpx2"
"TRA2A","29896","101214","Tra2a"
"TRA2B","6434","20462","Tra2b"
"TRABD","80305","67976","Trabd"
"TRABD2B","388630","666048","Trabd2b"
"TRADD","8717","71609","Tradd"
"TRAF1","7185","22029","Traf1"
"TRAF2","7186","22030","Traf2"
"TRAF3","7187","22031","Traf3"
"TRAF3IP1","26146","74019","Traf3ip1"
"TRAF3IP2","10758","103213","Traf3ip2"
"TRAF3IP3","80342","215243","Traf3ip3"
"TRAF4","9618","22032","Traf4"
"TRAF5","7188","22033","Traf5"
"TRAF6","7189","22034","Traf6"
"TRAF7","84231","224619","Traf7"
"TRAFD1","10906","231712","Trafd1"
"TRAIP","10293","22036","Traip"
"TRAK1","22906","67095","Trak1"
"TRAK2","66008","70827","Trak2"
"TRAM1","23471","72265","Tram1"
"TRAM1L1","133022","229801","Tram1l1"
"TRAM2","9697","170829","Tram2"
"TRANK1","9881","320429","Trank1"
"TRAP1","10131","68015","Trap1"
"TRAPPC1","58485","245828","Trappc1"
"TRAPPC10","7109","216131","Trappc10"
"TRAPPC11","60684","320714","Trappc11"
"TRAPPC12","51112","217449","Trappc12"
"TRAPPC13","80006","66975","Trappc13"
"TRAPPC14","55262","231807","Trappc14"
"TRAPPC2L","51693","59005","Trappc2l"
"TRAPPC3","27095","27096","Trappc3"
"TRAPPC3L","100128327","692132","Trappc3l"
"TRAPPC4","51399","60409","Trappc4"
"TRAPPC5","126003","66682","Trappc5"
"TRAPPC6A","79090","67091","Trappc6a"
"TRAPPC6B","122553","78232","Trappc6b"
"TRAPPC8","22878","75964","Trappc8"
"TRAPPC9","83696","76510","Trappc9"
"TRARG1","286753","237858","Trarg1"
"TRAT1","50852","77647","Trat1"
"TRDMT1","1787","13434","Trdmt1"
"TRDN","10345","76757","Trdn"
"TREH","11181","58866","Treh"
"TREM1","54210","58217","Trem1"
"TREM2","54209","83433","Trem2"
"TREML1","340205","71326","Treml1"
"TREML2","79865","328833","Treml2"
"TREML4","285852","224840","Treml4"
"TRERF1","55809","224829","Trerf1"
"TREX1","11277","22040","Trex1"
"TREX2","11219","24102","Trex2"
"TRH","7200","22044","Trh"
"TRHDE","29953","237553","Trhde"
"TRHR","7201","22045","Trhr"
"TRIAP1","51499","69076","Triap1"
"TRIB1","10221","211770","Trib1"
"TRIB2","28951","217410","Trib2"
"TRIB3","57761","228775","Trib3"
"TRIL","9865","66873","Tril"
"TRIM10","10107","19824","Trim10"
"TRIM11","81559","94091","Trim11"
"TRIM13","10206","66597","Trim13"
"TRIM14","9830","74735","Trim14"
"TRIM15","89870","69097","Trim15"
"TRIM16","10626","94092","Trim16"
"TRIM17","51127","56631","Trim17"
"TRIM2","23321","80890","Trim2"
"TRIM21","6737","20821","Trim21"
"TRIM22","10346","333307","Trim75"
"TRIM23","373","81003","Trim23"
"TRIM24","8805","21848","Trim24"
"TRIM25","7706","217069","Trim25"
"TRIM26","7726","22670","Trim26"
"TRIM27","5987","19720","Trim27"
"TRIM28","10155","21849","Trim28"
"TRIM29","23650","72169","Trim29"
"TRIM3","10612","55992","Trim3"
"TRIM31","11074","224762","Trim31"
"TRIM32","22954","69807","Trim32"
"TRIM33","51592","94093","Trim33"
"TRIM35","23087","66854","Trim35"
"TRIM36","55521","28105","Trim36"
"TRIM37","4591","68729","Trim37"
"TRIM38","10475","214158","Trim38"
"TRIM39","56658","79263","Trim39"
"TRIM40","135644","195359","Trim40"
"TRIM42","287015","78911","Trim42"
"TRIM43","129868","666731","Trim43c"
"TRIM43","129868","547109","Trim43a"
"TRIM44","54765","80985","Trim44"
"TRIM45","80263","229644","Trim45"
"TRIM46","80128","360213","Trim46"
"TRIM47","91107","217333","Trim47"
"TRIM5","85363","667823","Trim5"
"TRIM5","85363","319236","Trim12c"
"TRIM5","85363","76681","Trim12a"
"TRIM5","85363","20128","Trim30a"
"TRIM5","85363","209387","Trim30d"
"TRIM5","85363","434219","Trim30c"
"TRIM50","135892","215061","Trim50"
"TRIM54","57159","58522","Trim54"
"TRIM55","84675","381485","Trim55"
"TRIM56","81844","384309","Trim56"
"TRIM58","25893","216781","Trim58"
"TRIM59","286827","66949","Trim59"
"TRIM6","117854","94088","Trim6"
"TRIM60","166655","234329","Trim60"
"TRIM61","391712","260296","Trim61"
"TRIM62","55223","67525","Trim62"
"TRIM63","84676","433766","Trim63"
"TRIM65","201292","338364","Trim65"
"TRIM66","9866","330627","Trim66"
"TRIM67","440730","330863","Trim67"
"TRIM68","55128","101700","Trim68"
"TRIM69","140691","70928","Trim69"
"TRIM7","81786","94089","Trim7"
"TRIM71","131405","636931","Trim71"
"TRIM72","493829","434246","Trim72"
"TRIM8","81603","93679","Trim8"
"TRIM9","114088","94090","Trim9"
"TRIML1","339976","244448","Triml1"
"TRIML2","205860","622117","Triml2"
"TRIO","7204","223435","Trio"
"TRIOBP","11078","110253","Triobp"
"TRIP10","9322","106628","Trip10"
"TRIP11","9321","109181","Trip11"
"TRIP12","9320","14897","Trip12"
"TRIP13","9319","69716","Trip13"
"TRIP4","9325","56404","Trip4"
"TRIP6","7205","22051","Trip6"
"TRIQK","286144","208820","Triqk"
"TRIR","79002","68544","Trir"
"TRIT1","54802","66966","Trit1"
"TRMO","51531","74753","Trmo"
"TRMT1","55621","212528","Trmt1"
"TRMT10A","93587","108943","Trmt10a"
"TRMT10B","158234","69934","Trmt10b"
"TRMT10C","54931","52575","Trmt10c"
"TRMT11","60487","73681","Trmt11"
"TRMT112","51504","67674","Trmt112"
"TRMT12","55039","68260","Trmt12"
"TRMT13","54482","229780","Trmt13"
"TRMT1L","81627","98685","Trmt1l"
"TRMT2A","27037","15547","Trmt2a"
"TRMT2B","79979","215201","Trmt2b"
"TRMT44","152992","78890","Trmt44"
"TRMT5","57570","76357","Trmt5"
"TRMT6","51605","66926","Trmt6"
"TRMT61A","115708","328162","Trmt61a"
"TRMT9B","57604","319582","Trmt9b"
"TRMU","55687","72026","Trmu"
"TRNAU1AP","54952","71787","Trnau1ap"
"TRNP1","388610","69539","Trnp1"
"TRNT1","51095","70047","Trnt1"
"TRO","7216","56191","Tro"
"TROAP","10024","78733","Troap"
"TRPA1","8989","277328","Trpa1"
"TRPC1","7220","22063","Trpc1"
"TRPC3","7222","22065","Trpc3"
"TRPC4","7223","22066","Trpc4"
"TRPC4AP","26133","56407","Trpc4ap"
"TRPC5","7224","22067","Trpc5"
"TRPC5OS","100329135","100503240","Trpc5os"
"TRPC6","7225","22068","Trpc6"
"TRPC7","57113","26946","Trpc7"
"TRPM1","4308","17364","Trpm1"
"TRPM2","7226","28240","Trpm2"
"TRPM3","80036","226025","Trpm3"
"TRPM4","54795","68667","Trpm4"
"TRPM5","29850","56843","Trpm5"
"TRPM6","140803","225997","Trpm6"
"TRPM7","54822","58800","Trpm7"
"TRPM8","79054","171382","Trpm8"
"TRPS1","7227","83925","Trps1"
"TRPT1","83707","107328","Trpt1"
"TRPV1","7442","193034","Trpv1"
"TRPV2","51393","22368","Trpv2"
"TRPV3","162514","246788","Trpv3"
"TRPV4","59341","63873","Trpv4"
"TRPV5","56302","194352","Trpv5"
"TRPV6","55503","64177","Trpv6"
"TRRAP","8295","100683","Trrap"
"TRUB1","142940","72133","Trub1"
"TRUB2","26995","227682","Trub2"
"TSACC","128229","76927","Tsacc"
"TSBP1","10665","407788","BC051142"
"TSC1","7248","64930","Tsc1"
"TSC2","7249","22084","Tsc2"
"TSC22D1","8848","21807","Tsc22d1"
"TSC22D2","9819","72033","Tsc22d2"
"TSC22D3","1831","14605","Tsc22d3"
"TSC22D4","81628","78829","Tsc22d4"
"TSEN15","116461","66637","Tsen15"
"TSEN2","80746","381802","Tsen2"
"TSEN34","79042","66078","Tsen34"
"TSEN54","283989","76265","Tsen54"
"TSFM","10102","66399","Tsfm"
"TSG101","7251","22088","Tsg101"
"TSGA10","80705","211484","Tsga10"
"TSGA10IP","254187","78306","Tsga10ip"
"TSGA13","114960","116732","Tsga13"
"TSHB","7252","22094","Tshb"
"TSHR","7253","22095","Tshr"
"TSHZ1","10194","110796","Tshz1"
"TSHZ2","128553","228911","Tshz2"
"TSHZ3","57616","243931","Tshz3"
"TSKS","60385","22116","Tsks"
"TSKU","25987","244152","Tsku"
"TSLP","85480","53603","Tslp"
"TSN","7247","22099","Tsn"
"TSNAX","7257","53424","Tsnax"
"TSNAXIP1","55815","72236","Tsnaxip1"
"TSPAN1","10103","66805","Tspan1"
"TSPAN10","83882","208634","Tspan10"
"TSPAN11","441631","68498","Tspan11"
"TSPAN12","23554","269831","Tspan12"
"TSPAN13","27075","66109","Tspan13"
"TSPAN14","81619","52588","Tspan14"
"TSPAN15","23555","70423","Tspan15"
"TSPAN17","26262","74257","Tspan17"
"TSPAN18","90139","241556","Tspan18"
"TSPAN2","10100","70747","Tspan2"
"TSPAN3","10099","56434","Tspan3"
"TSPAN31","6302","67125","Tspan31"
"TSPAN32","10077","27027","Tspan32"
"TSPAN33","340348","232670","Tspan33"
"TSPAN4","7106","64540","Tspan4"
"TSPAN5","10098","56224","Tspan5"
"TSPAN6","7105","56496","Tspan6"
"TSPAN7","7102","21912","Tspan7"
"TSPAN8","7103","216350","Tspan8"
"TSPAN9","10867","109246","Tspan9"
"TSPEAR","54084","252974","Tspear"
"TSPO","706","12257","Tspo"
"TSPO2","222642","70026","Tspo2"
"TSPOAP1","9256","207777","Tspoap1"
"TSPYL1","7259","22110","Tspyl1"
"TSPYL2","64061","52808","Tspyl2"
"TSPYL4","23270","72480","Tspyl4"
"TSPYL5","85453","239364","Tspyl5"
"TSR1","55720","104662","Tsr1"
"TSR2","90121","69499","Tsr2"
"TSR3","115939","68327","Tsr3"
"TSSC4","10078","56844","Tssc4"
"TSSK1B","83942","22114","Tssk1"
"TSSK2","23617","22115","Tssk2"
"TSSK3","81629","58864","Tssk3"
"TSSK4","283629","71099","Tssk4"
"TSSK6","83983","83984","Tssk6"
"TST","7263","22117","Tst"
"TSTD1","100131187","226654","Tstd1"
"TSTD2","158427","272027","Tstd2"
"TTBK1","84630","106763","Ttbk1"
"TTBK2","146057","140810","Ttbk2"
"TTC1","7265","66827","Ttc1"
"TTC12","54970","235330","Ttc12"
"TTC13","79573","234875","Ttc13"
"TTC14","151613","67120","Ttc14"
"TTC16","158248","338348","Ttc16"
"TTC17","55761","74569","Ttc17"
"TTC19","54902","72795","Ttc19"
"TTC21A","199223","74052","Ttc21a"
"TTC21B","79809","73668","Ttc21b"
"TTC22","55001","230576","Ttc22"
"TTC23","64927","67009","Ttc23"
"TTC23L","153657","75777","Ttc23l"
"TTC24","164118","214191","Ttc24"
"TTC26","79989","264134","Ttc26"
"TTC27","55622","74196","Ttc27"
"TTC28","23331","209683","Ttc28"
"TTC29","83894","73301","Ttc29"
"TTC3","7267","22129","Ttc3"
"TTC30A","92104","78802","Ttc30a1"
"TTC30A","92104","620631","Ttc30a2"
"TTC32","130502","75516","Ttc32"
"TTC33","23548","67515","Ttc33"
"TTC34","100287898","242800","Ttc34"
"TTC36","143941","192653","Ttc36"
"TTC37","9652","218343","Ttc37"
"TTC38","55020","239570","Ttc38"
"TTC39A","22996","230603","Ttc39a"
"TTC39B","158219","69863","Ttc39b"
"TTC39C","125488","72747","Ttc39c"
"TTC4","7268","72354","Ttc4"
"TTC5","91875","219022","Ttc5"
"TTC6","319089","70846","Ttc6"
"TTC7A","57217","225049","Ttc7"
"TTC7B","145567","104718","Ttc7b"
"TTC8","123016","76260","Ttc8"
"TTC9","23508","69480","Ttc9"
"TTC9B","148014","73032","Ttc9b"
"TTC9C","283237","70387","Ttc9c"
"TTF1","7270","22130","Ttf1"
"TTF2","8458","74044","Ttf2"
"TTI1","9675","75425","Tti1"
"TTI2","80185","234138","Tti2"
"TTK","7272","22137","Ttk"
"TTL","150465","69737","Ttl"
"TTLL1","25809","319953","Ttll1"
"TTLL10","254173","330010","Ttll10"
"TTLL11","158135","74410","Ttll11"
"TTLL12","23170","223723","Ttll12"
"TTLL13P","440307","269954","Ttll13"
"TTLL2","83887","100216474","Ttll2"
"TTLL4","9654","67534","Ttll4"
"TTLL5","23093","320244","Ttll5"
"TTLL6","284076","237930","Ttll6"
"TTLL7","79739","70892","Ttll7"
"TTLL8","164714","239591","Ttll8"
"TTLL9","164395","74711","Ttll9"
"TTN","7273","22138","Ttn"
"TTPA","7274","50500","Ttpa"
"TTPAL","79183","76080","Ttpal"
"TTR","7276","22139","Ttr"
"TTYH1","57348","57776","Ttyh1"
"TTYH2","94015","117160","Ttyh2"
"TTYH3","80727","78339","Ttyh3"
"TUB","7275","22141","Tub"
"TUBA1A","7846","22142","Tuba1a"
"TUBA1B","10376","22143","Tuba1b"
"TUBA1C","84790","22146","Tuba1c"
"TUBA3E","112714","22144","Tuba3a"
"TUBA4A","7277","22145","Tuba4a"
"TUBA8","51807","53857","Tuba8"
"TUBAL3","79861","238463","Tubal3"
"TUBB","203068","22154","Tubb5"
"TUBB1","81027","545486","Tubb1"
"TUBB2A","7280","22151","Tubb2a"
"TUBB2B","347733","73710","Tubb2b"
"TUBB3","10381","22152","Tubb3"
"TUBB4A","10382","22153","Tubb4a"
"TUBB4B","10383","227613","Tubb4b"
"TUBB6","84617","67951","Tubb6"
"TUBD1","51174","56427","Tubd1"
"TUBE1","51175","71924","Tube1"
"TUBG1","7283","103733","Tubg1"
"TUBG2","27175","103768","Tubg2"
"TUBGCP2","10844","74237","Tubgcp2"
"TUBGCP3","10426","259279","Tubgcp3"
"TUBGCP4","27229","51885","Tubgcp4"
"TUBGCP5","114791","233276","Tubgcp5"
"TUBGCP6","85378","328580","Tubgcp6"
"TUFM","7284","233870","Tufm"
"TUFT1","7286","22156","Tuft1"
"TULP1","7287","22157","Tulp1"
"TULP2","7288","56734","Tulp2"
"TULP3","7289","22158","Tulp3"
"TULP4","56995","68842","Tulp4"
"TUSC1","286319","69136","Tusc1"
"TUSC2","11334","80385","Tusc2"
"TUSC3","7991","80286","Tusc3"
"TUT1","64852","70044","Tut1"
"TUT4","23318","230594","Tut4"
"TUT7","79670","214290","Tut7"
"TVP23A","780776","383103","Tvp23a"
"TWF1","5756","19230","Twf1"
"TWF2","11344","23999","Twf2"
"TWIST1","7291","22160","Twist1"
"TWIST2","117581","13345","Twist2"
"TWNK","56652","226153","Twnk"
"TWSG1","57045","65960","Twsg1"
"TXK","7294","22165","Txk"
"TXLNA","200081","109658","Txlna"
"TXLNB","167838","378431","Txlnb"
"TXLNG","55787","353170","Txlng"
"TXN","7295","22166","Txn1"
"TXN2","25828","56551","Txn2"
"TXNDC11","51061","106200","Txndc11"
"TXNDC12","51060","66073","Txndc12"
"TXNDC15","79770","69672","Txndc15"
"TXNDC16","57544","70561","Txndc16"
"TXNDC17","84817","52700","Txndc17"
"TXNDC2","84203","213272","Txndc2"
"TXNDC5","81567","105245","Txndc5"
"TXNDC8","255220","67402","Txndc8"
"TXNDC9","10190","98258","Txndc9"
"TXNIP","10628","56338","Txnip"
"TXNL1","9352","53382","Txnl1"
"TXNL4A","10907","27366","Txnl4a"
"TXNL4B","54957","234723","Txnl4b"
"TXNRD1","7296","50493","Txnrd1"
"TXNRD2","10587","26462","Txnrd2"
"TXNRD3","114112","232223","Txnrd3"
"TYK2","7297","54721","Tyk2"
"TYMP","1890","72962","Tymp"
"TYMS","7298","22171","Tyms"
"TYR","7299","22173","Tyr"
"TYRO3","7301","22174","Tyro3"
"TYROBP","7305","22177","Tyrobp"
"TYRP1","7306","22178","Tyrp1"
"TYSND1","219743","71767","Tysnd1"
"TYW3","127253","209584","Tyw3"
"TYW5","129450","68736","Tyw5"
"U2AF1L4","199746","233073","U2af1l4"
"U2AF2","11338","22185","U2af2"
"U2SURP","23350","67958","U2surp"
"UACA","55075","72565","Uaca"
"UAP1","6675","107652","Uap1"
"UAP1L1","91373","227620","Uap1l1"
"UBA1","7317","22201","Uba1"
"UBA2","10054","50995","Uba2"
"UBA3","9039","22200","Uba3"
"UBA5","79876","66663","Uba5"
"UBA52","7311","22186","Uba52"
"UBA52","7311","665964","Uba52-ps"
"UBA6","55236","231380","Uba6"
"UBA7","7318","74153","Uba7"
"UBAC1","10422","98766","Ubac1"
"UBAC2","337867","68889","Ubac2"
"UBALD1","124402","207740","Ubald1"
"UBALD2","283991","319370","Ubald2"
"UBAP1","51271","67123","Ubap1"
"UBAP1L","390595","208080","Ubap1l"
"UBAP2","55833","68926","Ubap2"
"UBAP2L","9898","74383","Ubap2l"
"UBASH3A","53347","328795","Ubash3a"
"UBASH3B","84959","72828","Ubash3b"
"UBB","7314","22187","Ubb"
"UBC","7316","22190","Ubc"
"UBD","10537","24108","Ubd"
"UBE2A","7319","22209","Ube2a"
"UBE2B","7320","22210","Ube2b"
"UBE2C","11065","68612","Ube2c"
"UBE2D1","7321","216080","Ube2d1"
"UBE2D2","7322","56550","Ube2d2a"
"UBE2D3","7323","66105","Ube2d3"
"UBE2D4","51619","73318","Ube2d2b"
"UBE2E1","7324","22194","Ube2e1"
"UBE2E2","7325","218793","Ube2e2"
"UBE2E3","10477","22193","Ube2e3"
"UBE2F","140739","67921","Ube2f"
"UBE2G1","7326","67128","Ube2g1"
"UBE2G2","7327","22213","Ube2g2"
"UBE2H","7328","22214","Ube2h"
"UBE2I","7329","22196","Ube2i"
"UBE2J1","51465","56228","Ube2j1"
"UBE2J2","118424","140499","Ube2j2"
"UBE2K","3093","53323","Ube2k"
"UBE2L3","7332","22195","Ube2l3"
"UBE2L6","9246","56791","Ube2l6"
"UBE2M","9040","22192","Ube2m"
"UBE2N","7334","93765","Ube2n"
"UBE2O","63893","217342","Ube2o"
"UBE2Q1","55585","70093","Ube2q1"
"UBE2Q2","92912","109161","Ube2q2"
"UBE2QL1","134111","76980","Ube2ql1"
"UBE2R2","54926","67615","Ube2r2"
"UBE2S","27338","77891","Ube2s"
"UBE2T","29089","67196","Ube2t"
"UBE2U","148581","381534","Ube2u"
"UBE2V1","7335","66589","Ube2v1"
"UBE2V2","7336","70620","Ube2v2"
"UBE2W","55284","66799","Ube2w"
"UBE2Z","65264","268470","Ube2z"
"UBE3A","7337","22215","Ube3a"
"UBE3B","89910","117146","Ube3b"
"UBE3C","9690","100763","Ube3c"
"UBE3D","90025","70348","Ube2cbp"
"UBE4A","9354","140630","Ube4a"
"UBE4B","10277","63958","Ube4b"
"UBFD1","56061","28018","Ubfd1"
"UBIAD1","29914","71707","Ubiad1"
"UBL3","5412","24109","Ubl3"
"UBL4A","8266","100169864","Gm44504"
"UBL4B","164153","67591","Ubl4b"
"UBL5","59286","66177","Ubl5"
"UBL5","59286","100042786","Ubl5b"
"UBL7","84993","69459","Ubl7"
"UBLCP1","134510","79560","Ublcp1"
"UBN1","29855","170644","Ubn1"
"UBN2","254048","320538","Ubn2"
"UBOX5","22888","140629","Ubox5"
"UBP1","7342","22221","Ubp1"
"UBQLN1","29979","56085","Ubqln1"
"UBQLN2","29978","54609","Ubqln2"
"UBQLN3","50613","244178","Ubqln3"
"UBQLN4","56893","94232","Ubqln4"
"UBQLNL","143630","244179","Ubqlnl"
"UBR1","197131","22222","Ubr1"
"UBR2","23304","224826","Ubr2"
"UBR3","130507","68795","Ubr3"
"UBR4","23352","69116","Ubr4"
"UBR5","51366","70790","Ubr5"
"UBR7","55148","66622","Ubr7"
"UBTD1","80019","226122","Ubtd1"
"UBTD2","92181","327900","Ubtd2"
"UBTF","7343","21429","Ubtf"
"UBTFL1","642623","546118","Ubtfl1"
"UBXN1","51035","225896","Ubxn1"
"UBXN10","127733","212190","Ubxn10"
"UBXN11","91544","67586","Ubxn11"
"UBXN2A","165324","217379","Ubxn2a"
"UBXN2B","137886","68053","Ubxn2b"
"UBXN4","23190","67812","Ubxn4"
"UBXN6","80700","66530","Ubxn6"
"UBXN7","26043","224111","Ubxn7"
"UBXN8","7993","108159","Ubxn8"
"UCHL1","7345","22223","Uchl1"
"UCHL3","7347","50933","Uchl3"
"UCHL3","7347","93841","Uchl4"
"UCHL5","51377","56207","Uchl5"
"UCK1","83549","22245","Uck1"
"UCK2","7371","80914","Uck2"
"UCKL1","54963","68556","Uckl1"
"UCMA","221044","68527","Ucma"
"UCN","7349","22226","Ucn"
"UCN2","90226","171530","Ucn2"
"UCN3","114131","83428","Ucn3"
"UCP1","7350","22227","Ucp1"
"UCP2","7351","22228","Ucp2"
"UCP3","7352","22229","Ucp3"
"UEVLD","55293","54122","Uevld"
"UFC1","51506","66155","Ufc1"
"UFD1","7353","22230","Ufd1"
"UFL1","23376","67490","Ufl1"
"UFM1","51569","67890","Ufm1"
"UFSP1","402682","70240","Ufsp1"
"UFSP2","55325","192169","Ufsp2"
"UGCG","7357","22234","Ugcg"
"UGDH","7358","22235","Ugdh"
"UGGT1","56886","320011","Uggt1"
"UGGT2","55757","66435","Uggt2"
"UGP2","7360","216558","Ugp2"
"UGT1A1","54658","394436","Ugt1a1"
"UGT1A6","54578","94284","Ugt1a6a"
"UGT1A6","54578","394435","Ugt1a6b"
"UGT1A6","54578","394432","Ugt1a7c"
"UGT2A1","10941","94215","Ugt2a1"
"UGT2A2","574537","552899","Ugt2a2"
"UGT2A3","79799","72094","Ugt2a3"
"UGT2B10","7365","100727","Ugt2b34"
"UGT2B17","7367","71773","Ugt2b1"
"UGT2B28","54490","22238","Ugt2b5"
"UGT2B28","54490","100559","Ugt2b38"
"UGT2B28","54490","112417","Ugt2b37"
"UGT2B7","7364","231396","Ugt2b36"
"UGT2B7","7364","243085","Ugt2b35"
"UGT3A1","133688","105887","Ugt3a1"
"UGT3A2","167127","223337","Ugt3a2"
"UGT8","7368","22239","Ugt8a"
"UHMK1","127933","16589","Uhmk1"
"UHRF1","29128","18140","Uhrf1"
"UHRF1BP1","54887","224648","Uhrf1bp1"
"UHRF1BP1L","23074","75089","Uhrf1bp1l"
"UHRF2","115426","109113","Uhrf2"
"UIMC1","51720","20184","Uimc1"
"ULBP1","80329","77777","Ulbp1"
"ULK1","8408","22241","Ulk1"
"ULK2","9706","29869","Ulk2"
"ULK3","25989","71742","Ulk3"
"ULK4","54986","209012","Ulk4"
"UMAD1","729852","100036521","Umad1"
"UMOD","7369","22242","Umod"
"UMODL1","89766","52020","Umodl1"
"UMPS","7372","22247","Umps"
"UNC119","9094","22248","Unc119"
"UNC119B","84747","106840","Unc119b"
"UNC13A","23025","382018","Unc13a"
"UNC13B","10497","22249","Unc13b"
"UNC13C","440279","208898","Unc13c"
"UNC13D","201294","70450","Unc13d"
"UNC45A","55898","101869","Unc45a"
"UNC45B","146862","217012","Unc45b"
"UNC50","25972","67387","Unc50"
"UNC5A","90249","107448","Unc5a"
"UNC5B","219699","107449","Unc5b"
"UNC5C","8633","22253","Unc5c"
"UNC5CL","222643","76589","Unc5cl"
"UNC5D","137970","210801","Unc5d"
"UNC79","57578","217843","Unc79"
"UNC80","285175","329178","Unc80"
"UNC93A","54346","381058","Unc93a"
"UNC93A","54346","667055","Unc93a2"
"UNC93B1","81622","54445","Unc93b1"
"UNCX","340260","22255","Uncx"
"UNG","7374","22256","Ung"
"UNK","85451","217331","Unk"
"UNKL","64718","74154","Unkl"
"UPB1","51733","103149","Upb1"
"UPF1","5976","19704","Upf1"
"UPF2","26019","326622","Upf2"
"UPF3A","65110","67031","Upf3a"
"UPF3B","65109","68134","Upf3b"
"UPK1A","11045","109637","Upk1a"
"UPK1B","7348","22268","Upk1b"
"UPK2","7379","22269","Upk2"
"UPK3A","7380","22270","Upk3a"
"UPK3B","105375355","100647","Upk3b"
"UPP1","7378","22271","Upp1"
"UPP2","151531","76654","Upp2"
"UPRT","139596","331487","Uprt"
"UQCC1","55245","56046","Uqcc1"
"UQCC2","84300","67267","Uqcc2"
"UQCC3","790955","107197","Uqcc3"
"UQCR10","29796","66152","Uqcr10"
"UQCR11","10975","66594","Uqcr11"
"UQCRB","7381","67530","Uqcrb"
"UQCRC1","7384","22273","Uqcrc1"
"UQCRC2","7385","67003","Uqcrc2"
"UQCRFS1","7386","66694","Uqcrfs1"
"UQCRH","7388","100042918","Uqcrh-ps1"
"UQCRQ","27089","22272","Uqcrq"
"URAD","646625","231903","Urad"
"URB1","9875","207932","Urb1"
"URB2","9816","382038","Urb2"
"URGCP","55665","72046","Urgcp"
"URI1","8725","19777","Uri1"
"URM1","81605","68205","Urm1"
"UROC1","131669","243537","Uroc1"
"UROD","7389","22275","Urod"
"UROS","7390","22276","Uros"
"USB1","79650","101985","Usb1"
"USE1","55850","67023","Use1"
"USF1","7391","22278","Usf1"
"USF2","7392","22282","Usf2"
"USF3","205717","207806","Usf3"
"USH1C","10083","72088","Ush1c"
"USH1G","124590","16470","Ush1g"
"USH2A","7399","22283","Ush2a"
"USHBP1","83878","234395","Ushbp1"
"USO1","8615","56041","Uso1"
"USP1","7398","230484","Usp1"
"USP10","9100","22224","Usp10"
"USP11","8237","236733","Usp11"
"USP12","219333","22217","Usp12"
"USP13","8975","72607","Usp13"
"USP14","9097","59025","Usp14"
"USP15","9958","14479","Usp15"
"USP16","10600","74112","Usp16"
"USP19","10869","71472","Usp19"
"USP2","9099","53376","Usp2"
"USP20","10868","74270","Usp20"
"USP21","27005","30941","Usp21"
"USP22","23326","216825","Usp22"
"USP24","23358","329908","Usp24"
"USP25","29761","30940","Usp25"
"USP26","83844","83563","Usp26"
"USP27X","389856","54651","Usp27x"
"USP28","57646","235323","Usp28"
"USP29","57663","57775","Usp29"
"USP3","9960","235441","Usp3"
"USP31","57478","76179","Usp31"
"USP33","23032","170822","Usp33"
"USP34","9736","17847","Usp34"
"USP35","57558","244144","Usp35"
"USP36","57602","72344","Usp36"
"USP37","57695","319651","Usp37"
"USP38","84640","74841","Usp38"
"USP39","10713","28035","Usp39"
"USP4","7375","22258","Usp4"
"USP40","55230","227334","Usp40"
"USP42","84132","76800","Usp42"
"USP43","124739","216835","Usp43"
"USP44","84101","327799","Usp44"
"USP45","85015","77593","Usp45"
"USP46","64854","69727","Usp46"
"USP47","55031","74996","Usp47"
"USP48","84196","170707","Usp48"
"USP49","25862","224836","Usp49"
"USP5","8078","22225","Usp5"
"USP50","373509","75083","Usp50"
"USP51","158880","635253","Usp51"
"USP53","54532","99526","Usp53"
"USP54","159195","78787","Usp54"
"USP6NL","9712","98910","Usp6nl"
"USP7","7874","252870","Usp7"
"USP8","9101","84092","Usp8"
"USP9X","8239","22284","Usp9x"
"USPL1","10208","231915","Uspl1"
"UST","10090","338362","Ust"
"UTF1","8433","22286","Utf1"
"UTP11","51118","67205","Utp11"
"UTP14C","9724","195434","Utp14b"
"UTP15","84135","105372","Utp15"
"UTP18","51096","217109","Utp18"
"UTP20","27340","70683","Utp20"
"UTP23","84294","78581","Utp23"
"UTP25","27042","215193","Utp25"
"UTP3","57050","65961","Utp3"
"UTP4","84916","21771","Utp4"
"UTP6","55813","216987","Utp6"
"UTRN","7402","22288","Utrn"
"UTS2","10911","24111","Uts2"
"UTS2B","257313","224065","Uts2b"
"UTS2R","2837","217369","Uts2r"
"UTY","7404","22290","Uty"
"UVRAG","7405","78610","Uvrag"
"UVSSA","57654","71101","Uvssa"
"UXS1","80146","67883","Uxs1"
"UXT","8409","22294","Uxt"
"VAC14","55697","234729","Vac14"
"VAMP2","6844","22318","Vamp2"
"VAMP3","9341","22319","Vamp3"
"VAMP4","8674","53330","Vamp4"
"VAMP5","10791","53620","Vamp5"
"VAMP7","6845","20955","Vamp7"
"VAMP8","8673","22320","Vamp8"
"VANGL1","81839","229658","Vangl1"
"VANGL2","57216","93840","Vangl2"
"VAPA","9218","30960","Vapa"
"VAPB","9217","56491","Vapb"
"VARS1","7407","22321","Vars"
"VARS2","57176","68915","Vars2"
"VASH1","22846","238328","Vash1"
"VASH2","79805","226841","Vash2"
"VASN","114990","246154","Vasn"
"VASP","7408","22323","Vasp"
"VAT1","10493","26949","Vat1"
"VAT1L","57687","270097","Vat1l"
"VAV1","7409","22324","Vav1"
"VAV2","7410","22325","Vav2"
"VAV3","10451","57257","Vav3"
"VAX1","11023","22326","Vax1"
"VAX2","25806","24113","Vax2"
"VBP1","7411","22327","Vbp1"
"VCAM1","7412","22329","Vcam1"
"VCAN","1462","13003","Vcan"
"VCL","7414","22330","Vcl"
"VCP","7415","269523","Vcp"
"VCPIP1","80124","70675","Vcpip1"
"VCPKMT","79609","207965","Vcpkmt"
"VDAC1","7416","22333","Vdac1"
"VDAC2","7417","22334","Vdac2"
"VDAC3","7419","22335","Vdac3"
"VDR","7421","22337","Vdr"
"VEGFA","7422","22339","Vegfa"
"VEGFB","7423","22340","Vegfb"
"VEGFC","7424","22341","Vegfc"
"VEGFD","2277","14205","Vegfd"
"VEPH1","79674","72789","Veph1"
"VEZF1","7716","22344","Vezf1"
"VEZT","55591","215008","Vezt"
"VGF","7425","381677","Vgf"
"VGLL1","51442","170828","Vgll1"
"VGLL2","245806","215031","Vgll2"
"VGLL3","389136","73569","Vgll3"
"VGLL4","9686","232334","Vgll4"
"VIL1","7429","22349","Vil1"
"VILL","50853","22351","Vill"
"VIM","7431","22352","Vim"
"VIP","7432","22353","Vip"
"VIPAS39","63894","104799","Vipas39"
"VIPR1","7433","22354","Vipr1"
"VIPR2","7434","22355","Vipr2"
"VIRMA","25962","66185","Virma"
"VIT","5212","74199","Vit"
"VKORC1","79001","27973","Vkorc1"
"VKORC1L1","154807","69568","Vkorc1l1"
"VLDLR","7436","22359","Vldlr"
"VMA21","203547","67048","Vma21"
"VMAC","400673","106639","Vmac"
"VMO1","284013","327956","Vmo1"
"VMP1","81671","75909","Vmp1"
"VN1R2","317701","665525","Vmn1r224"
"VN1R4","317703","171234","Vmn1r237"
"VN1R4","317703","171232","Vmn1r234"
"VN1R4","317703","171236","Vmn1r233"
"VN1R4","317703","171233","Vmn1r235"
"VN1R4","317703","171235","Vmn1r236"
"VNN1","8876","22361","Vnn1"
"VNN3","55350","26464","Vnn3"
"VOPP1","81552","232023","Vopp1"
"VPREB1","7441","22362","Vpreb1"
"VPREB1","7441","22363","Vpreb2"
"VPREB3","29802","22364","Vpreb3"
"VPS11","55823","71732","Vps11"
"VPS13A","23230","271564","Vps13a"
"VPS13B","157680","666173","Vps13b"
"VPS13C","54832","320528","Vps13c"
"VPS13D","55187","230895","Vps13d"
"VPS16","64601","80743","Vps16"
"VPS18","57617","228545","Vps18"
"VPS25","84313","28084","Vps25"
"VPS26A","9559","30930","Vps26a"
"VPS26B","112936","69091","Vps26b"
"VPS26C","10311","13185","Vps26c"
"VPS28","51160","66914","Vps28"
"VPS29","51699","56433","Vps29"
"VPS33A","65082","77573","Vps33a"
"VPS33B","26276","233405","Vps33b"
"VPS35","55737","65114","Vps35"
"VPS35L","57020","71517","Vps35l"
"VPS36","51028","70160","Vps36"
"VPS37A","137492","52348","Vps37a"
"VPS37B","79720","330192","Vps37b"
"VPS37C","55048","107305","Vps37c"
"VPS37D","155382","194309","Vps37d"
"VPS39","23339","269338","Vps39"
"VPS41","27072","218035","Vps41"
"VPS45","11311","22365","Vps45"
"VPS4A","27183","116733","Vps4a"
"VPS4B","9525","20479","Vps4b"
"VPS50","55610","73288","Vps50"
"VPS51","738","68505","Vps51"
"VPS52","6293","224705","Vps52"
"VPS53","55275","68299","Vps53"
"VPS54","51542","245944","Vps54"
"VPS72","6944","21427","Vps72"
"VPS8","23355","209018","Vps8"
"VPS9D1","9605","72325","Vps9d1"
"VRK1","7443","22367","Vrk1"
"VRK2","7444","69922","Vrk2"
"VRK3","51231","101568","Vrk3"
"VRTN","55237","432677","Vrtn"
"VSIG1","340547","78789","Vsig1"
"VSIG10","54621","231668","Vsig10"
"VSIG10L","147645","75690","Vsig10l"
"VSIG10L2","338667","115487164","Gm1113"
"VSIG2","23584","57276","Vsig2"
"VSIG4","11326","278180","Vsig4"
"VSIG8","391123","240916","Vsig8"
"VSIR","64115","74048","Vsir"
"VSNL1","7447","26950","Vsnl1"
"VSTM2A","222008","211739","Vstm2a"
"VSTM2B","342865","58188","Vstm2b"
"VSTM2L","128434","277432","Vstm2l"
"VSTM4","196740","320736","Vstm4"
"VSTM5","387804","69137","Vstm5"
"VSX1","30813","114889","Vsx1"
"VSX2","338917","12677","Vsx2"
"VTA1","51534","66201","Vta1"
"VTCN1","79679","242122","Vtcn1"
"VTI1A","143187","53611","Vti1a"
"VTI1B","10490","53612","Vti1b"
"VTN","7448","22370","Vtn"
"VWA1","64856","246228","Vwa1"
"VWA2","340706","240675","Vwa2"
"VWA3A","146177","233813","Vwa3a"
"VWA3B","200403","70853","Vwa3b"
"VWA5A","4013","67776","Vwa5a"
"VWA5A","4013","244810","AW551984"
"VWA5B1","127731","75718","Vwa5b1"
"VWA5B2","90113","328643","Vwa5b2"
"VWA7","80737","27762","Vwa7"
"VWA8","23078","219189","Vwa8"
"VWC2","375567","319922","Vwc2"
"VWC2L","402117","320460","Vwc2l"
"VWCE","220001","71768","Vwce"
"VWDE","221806","232585","Vwde"
"VWF","7450","22371","Vwf"
"VXN","254778","76982","Vxn"
"WAC","51322","225131","Wac"
"WAPL","23063","218914","Wapl"
"WARS1","7453","22375","Wars"
"WARS2","10352","70560","Wars2"
"WAS","7454","22376","Was"
"WASF1","8936","83767","Wasf1"
"WASF2","10163","242687","Wasf2"
"WASF3","10810","245880","Wasf3"
"WASHC1","100287171","68767","Washc1"
"WASHC3","51019","67282","Washc3"
"WASHC4","23325","319277","Washc4"
"WASHC5","9897","223593","Washc5"
"WASL","8976","73178","Wasl"
"WBP1","23559","22377","Wbp1"
"WBP11","51729","60321","Wbp11"
"WBP1L","54838","226178","Wbp1l"
"WBP2","23558","22378","Wbp2"
"WBP2NL","164684","74716","Wbp2nl"
"WBP4","11193","22380","Wbp4"
"WDCP","80304","238037","Wdcp"
"WDFY1","57590","69368","Wdfy1"
"WDFY2","115825","268752","Wdfy2"
"WDFY3","23001","72145","Wdfy3"
"WDFY4","57705","545030","Wdfy4"
"WDHD1","11169","218973","Wdhd1"
"WDPCP","51057","216560","Wdpcp"
"WDR1","9948","22388","Wdr1"
"WDR11","55717","207425","Wdr11"
"WDR12","55759","57750","Wdr12"
"WDR13","64743","73447","Wdr13"
"WDR17","116966","244484","Wdr17"
"WDR18","57418","216156","Wdr18"
"WDR19","57728","213081","Wdr19"
"WDR20","91833","69641","Wdr20"
"WDR20","91833","70948","Wdr20rt"
"WDR24","84219","268933","Wdr24"
"WDR25","79446","212198","Wdr25"
"WDR26","80232","226757","Wdr26"
"WDR27","253769","71682","Wdr27"
"WDR3","10885","269470","Wdr3"
"WDR31","114987","71354","Wdr31"
"WDR33","55339","74320","Wdr33"
"WDR35","57539","74682","Wdr35"
"WDR36","134430","225348","Wdr36"
"WDR37","22884","207615","Wdr37"
"WDR38","401551","76646","Wdr38"
"WDR4","10785","57773","Wdr4"
"WDR41","55255","218460","Wdr41"
"WDR43","23160","72515","Wdr43"
"WDR44","54521","72404","Wdr44"
"WDR45","11152","54636","Wdr45"
"WDR45B","56270","66840","Wdr45b"
"WDR46","9277","57315","Wdr46"
"WDR47","22911","99512","Wdr47"
"WDR48","57599","67561","Wdr48"
"WDR49","151790","213248","Wdr49"
"WDR5","11091","140858","Wdr5"
"WDR53","348793","68980","Wdr53"
"WDR54","84058","75659","Wdr54"
"WDR55","54853","67936","Wdr55"
"WDR59","79726","319481","Wdr59"
"WDR5B","54554","69544","Wdr5b"
"WDR6","11180","83669","Wdr6"
"WDR61","80349","66317","Wdr61"
"WDR62","284403","233064","Wdr62"
"WDR64","128025","75820","Wdr64"
"WDR7","23335","104082","Wdr7"
"WDR70","55100","545085","Wdr70"
"WDR72","256764","546144","Wdr72"
"WDR73","84942","71968","Wdr73"
"WDR74","54663","107071","Wdr74"
"WDR75","84128","73674","Wdr75"
"WDR76","79968","241627","Wdr76"
"WDR77","79084","70465","Wdr77"
"WDR81","124997","192652","Wdr81"
"WDR82","80335","77305","Wdr82"
"WDR83","84292","67836","Wdr83"
"WDR83OS","51398","414077","Wdr83os"
"WDR86","349136","269633","Wdr86"
"WDR88","126248","384605","Wdr88"
"WDR89","112840","72338","Wdr89"
"WDR90","197335","106618","Wdr90"
"WDR91","29062","101240","Wdr91"
"WDR93","56964","626359","Wdr93"
"WDSUB1","151525","72137","Wdsub1"
"WDTC1","23038","230796","Wdtc1"
"WEE1","7465","22390","Wee1"
"WEE2","494551","381759","Wee2"
"WFDC1","58189","67866","Wfdc1"
"WFDC10A","140832","629756","Wfdc10"
"WFDC11","259239","629761","Wfdc11"
"WFDC12","128488","192200","Wfdc12"
"WFDC13","164237","408190","Wfdc13"
"WFDC2","10406","67701","Wfdc2"
"WFDC3","140686","71856","Wfdc3"
"WFDC5","149708","209232","Wfdc5"
"WFDC8","90199","277343","Wfdc8"
"WFDC9","259240","629754","Wfdc9"
"WFIKKN1","117166","215001","Wfikkn1"
"WFIKKN2","124857","278507","Wfikkn2"
"WFS1","7466","22393","Wfs1"
"WHAMM","123720","434204","Whamm"
"WHRN","25861","73750","Whrn"
"WIF1","11197","24117","Wif1"
"WIPF1","7456","215280","Wipf1"
"WIPF2","147179","68524","Wipf2"
"WIPF3","644150","330319","Wipf3"
"WIPI1","55062","52639","Wipi1"
"WIPI2","26100","74781","Wipi2"
"WIZ","58525","22404","Wiz"
"WLS","79971","68151","Wls"
"WNK1","65125","232341","Wnk1"
"WNK2","65268","75607","Wnk2"
"WNK3","65267","279561","Wnk3"
"WNK4","65266","69847","Wnk4"
"WNT1","7471","22408","Wnt1"
"WNT10A","80326","22409","Wnt10a"
"WNT10B","7480","22410","Wnt10b"
"WNT11","7481","22411","Wnt11"
"WNT16","51384","93735","Wnt16"
"WNT2","7472","22413","Wnt2"
"WNT2B","7482","22414","Wnt2b"
"WNT3A","89780","22416","Wnt3a"
"WNT4","54361","22417","Wnt4"
"WNT5A","7474","22418","Wnt5a"
"WNT5B","81029","22419","Wnt5b"
"WNT6","7475","22420","Wnt6"
"WNT7A","7476","22421","Wnt7a"
"WNT7B","7477","22422","Wnt7b"
"WNT8A","7478","20890","Wnt8a"
"WNT8B","7479","22423","Wnt8b"
"WNT9A","7483","216795","Wnt9a"
"WNT9B","7484","22412","Wnt9b"
"WRAP53","55135","216853","Wrap53"
"WRAP73","49856","59002","Wrap73"
"WRN","7486","22427","Wrn"
"WRNIP1","56897","78903","Wrnip1"
"WSB1","26118","78889","Wsb1"
"WSB2","55884","59043","Wsb2"
"WSCD1","23302","216881","Wscd1"
"WSCD2","9671","320916","Wscd2"
"WT1","7490","22431","Wt1"
"WTAP","9589","60532","Wtap"
"WTIP","126374","101543","Wtip"
"WWC1","23286","211652","Wwc1"
"WWC2","80014","52357","Wwc2"
"WWOX","51741","80707","Wwox"
"WWP1","11059","107568","Wwp1"
"WWP2","11060","66894","Wwp2"
"WWTR1","25937","97064","Wwtr1"
"XAB2","56949","67439","Xab2"
"XAF1","54739","327959","Xaf1"
"XBP1","7494","22433","Xbp1"
"XCR1","2829","23832","Xcr1"
"XDH","7498","22436","Xdh"
"XIAP","331","11798","Xiap"
"XIRP1","165904","22437","Xirp1"
"XK","7504","22439","Xk"
"XKR4","114786","497097","Xkr4"
"XKR5","389610","319581","Xkr5"
"XKR6","286046","219149","Xkr6"
"XKR7","343702","228787","Xkr7"
"XKR8","55113","381560","Xkr8"
"XKR9","389668","381246","Xkr9"
"XKRX","402415","331524","Xkrx"
"XPA","7507","22590","Xpa"
"XPC","7508","22591","Xpc"
"XPNPEP1","7511","170750","Xpnpep1"
"XPNPEP2","7512","170745","Xpnpep2"
"XPNPEP3","63929","321003","Xpnpep3"
"XPO1","7514","103573","Xpo1"
"XPO4","64328","57258","Xpo4"
"XPO5","57510","72322","Xpo5"
"XPO6","23214","74204","Xpo6"
"XPO7","23039","65246","Xpo7"
"XPOT","11260","73192","Xpot"
"XPR1","9213","19775","Xpr1"
"XRCC1","7515","22594","Xrcc1"
"XRCC2","7516","57434","Xrcc2"
"XRCC3","7517","74335","Xrcc3"
"XRCC4","7518","108138","Xrcc4"
"XRCC5","7520","22596","Xrcc5"
"XRCC6","2547","14375","Xrcc6"
"XRN1","54464","24127","Xrn1"
"XRN2","22803","24128","Xrn2"
"XRRA1","143570","446101","Xrra1"
"XXYLT1","152002","268880","Xxylt1"
"XYLB","9942","102448","Xylb"
"XYLT1","64131","233781","Xylt1"
"XYLT2","64132","217119","Xylt2"
"YAE1","57002","67008","Yae1d1"
"YAF2","10138","67057","Yaf2"
"YAP1","10413","22601","Yap1"
"YARS1","8565","107271","Yars"
"YARS2","51067","70120","Yars2"
"YBEY","54059","216119","Ybey"
"YBX1","4904","22608","Ybx1"
"YBX2","51087","53422","Ybx2"
"YBX3","8531","56449","Ybx3"
"YDJC","150223","69101","Ydjc"
"YEATS2","55689","208146","Yeats2"
"YEATS4","8089","64050","Yeats4"
"YES1","7525","22612","Yes1"
"YIF1A","10897","68090","Yif1a"
"YIF1B","90522","77254","Yif1b"
"YIPF1","54432","230584","Yipf1"
"YIPF2","78992","74766","Yipf2"
"YIPF3","25844","28064","Yipf3"
"YIPF4","84272","67864","Yipf4"
"YIPF5","81555","67180","Yipf5"
"YIPF6","286451","77929","Yipf6"
"YIPF7","285525","75581","Yipf7"
"YJEFN3","374887","234365","Yjefn3"
"YJU2","55702","72886","Yju2"
"YJU2B","81576","67736","Ccdc130"
"YKT6","10652","56418","Ykt6"
"YLPM1","56252","56531","Ylpm1"
"YME1L1","10730","27377","Yme1l1"
"YOD1","55432","226418","Yod1"
"YPEL1","29799","106369","Ypel1"
"YPEL2","388403","77864","Ypel2"
"YPEL3","83719","66090","Ypel3"
"YPEL4","219539","241525","Ypel4"
"YPEL5","51646","383295","Ypel5"
"YRDC","79693","230734","Yrdc"
"YTHDC1","91746","231386","Ythdc1"
"YTHDC2","64848","240255","Ythdc2"
"YTHDF1","54915","228994","Ythdf1"
"YTHDF2","51441","213541","Ythdf2"
"YTHDF3","253943","229096","Ythdf3"
"YWHAB","7529","54401","Ywhab"
"YWHAE","7531","22627","Ywhae"
"YWHAG","7532","22628","Ywhag"
"YWHAH","7533","22629","Ywhah"
"YWHAQ","10971","22630","Ywhaq"
"YWHAQ","10971","102634437","Ywhaq-ps3"
"YWHAZ","7534","22631","Ywhaz"
"YY1","7528","22632","Yy1"
"YY2","404281","100073351","Yy2"
"ZADH2","284273","225791","Zadh2"
"ZAN","7455","22635","Zan"
"ZAP70","7535","22637","Zap70"
"ZAR1","326340","317755","Zar1"
"ZAR1L","646799","545824","Zar1l"
"ZBBX","79740","213234","Zbbx"
"ZBED3","84327","72114","Zbed3"
"ZBED4","9889","223773","Zbed4"
"ZBED6","100381270","667118","Zbed6"
"ZBP1","81030","58203","Zbp1"
"ZBTB1","22890","268564","Zbtb1"
"ZBTB10","65986","229055","Zbtb10"
"ZBTB11","27107","271377","Zbtb11"
"ZBTB12","221527","193736","Zbtb12"
"ZBTB14","7541","22666","Zbtb14"
"ZBTB16","7704","235320","Zbtb16"
"ZBTB17","7709","22642","Zbtb17"
"ZBTB18","10472","30928","Zbtb18"
"ZBTB2","57621","381990","Zbtb2"
"ZBTB20","26137","56490","Zbtb20"
"ZBTB21","49854","114565","Zbtb21"
"ZBTB22","9278","81630","Zbtb22"
"ZBTB24","9841","268294","Zbtb24"
"ZBTB25","7597","109929","Zbtb25"
"ZBTB26","57684","320633","Zbtb26"
"ZBTB3","79842","75291","Zbtb3"
"ZBTB32","27033","58206","Zbtb32"
"ZBTB33","10009","56805","Zbtb33"
"ZBTB34","403341","241311","Zbtb34"
"ZBTB37","84614","240869","Zbtb37"
"ZBTB38","253461","245007","Zbtb38"
"ZBTB39","9880","320080","Zbtb39"
"ZBTB4","57659","75580","Zbtb4"
"ZBTB40","9923","230848","Zbtb40"
"ZBTB41","360023","226470","Zbtb41"
"ZBTB42","100128927","382639","Zbtb42"
"ZBTB43","23099","71834","Zbtb43"
"ZBTB44","29068","235132","Zbtb44"
"ZBTB45","84878","232879","Zbtb45"
"ZBTB46","140685","72147","Zbtb46"
"ZBTB47","92999","270210","Zfp651"
"ZBTB48","3104","100090","Zbtb48"
"ZBTB49","166793","75079","Zbtb49"
"ZBTB5","9925","230119","Zbtb5"
"ZBTB6","10773","241322","Zbtb6"
"ZBTB7A","51341","16969","Zbtb7a"
"ZBTB7B","51043","22724","Zbtb7b"
"ZBTB7C","201501","207259","Zbtb7c"
"ZBTB8A","653121","73680","Zbtb8a"
"ZBTB8B","728116","215627","Zbtb8b"
"ZBTB8OS","339487","67106","Zbtb8os"
"ZBTB9","221504","474156","Zbtb9"
"ZC2HC1A","51101","67306","Zc2hc1a"
"ZC2HC1B","153918","75122","Zc2hc1b"
"ZC2HC1C","79696","72350","Zc2hc1c"
"ZC3H10","84872","103284","Zc3h10"
"ZC3H12A","80149","230738","Zc3h12a"
"ZC3H12B","340554","547176","Zc3h12b"
"ZC3H12C","85463","244871","Zc3h12c"
"ZC3H12D","340152","237256","Zc3h12d"
"ZC3H13","23091","67302","Zc3h13"
"ZC3H14","79882","75553","Zc3h14"
"ZC3H15","55854","69082","Zc3h15"
"ZC3H18","124245","76014","Zc3h18"
"ZC3H3","23144","223642","Zc3h3"
"ZC3H4","23211","330474","Zc3h4"
"ZC3H6","376940","78751","Zc3h6"
"ZC3H7A","29066","106205","Zc3h7a"
"ZC3H7B","23264","20286","Zc3h7b"
"ZC3H8","84524","57432","Zc3h8"
"ZC3HAV1","56829","78781","Zc3hav1"
"ZC3HAV1L","92092","209032","Zc3hav1l"
"ZC3HC1","51530","232679","Zc3hc1"
"ZC4H2","55906","245522","Zc4h2"
"ZCCHC10","54819","67966","Zcchc10"
"ZCCHC12","170261","72693","Zcchc12"
"ZCCHC13","389874","75064","Zcchc13"
"ZCCHC14","23174","142682","Zcchc14"
"ZCCHC17","51538","619605","Zcchc17"
"ZCCHC18","644353","66995","Zcchc18"
"ZCCHC2","54877","227449","Zcchc2"
"ZCCHC24","219654","71918","Zcchc24"
"ZCCHC3","85364","67917","Zcchc3"
"ZCCHC4","29063","78796","Zcchc4"
"ZCCHC7","84186","319885","Zcchc7"
"ZCCHC8","55596","70650","Zcchc8"
"ZCCHC9","84240","69085","Zcchc9"
"ZCRB1","85437","67197","Zcrb1"
"ZCWPW1","55063","381678","Zcwpw1"
"ZCWPW2","152098","100039681","Zcwpw2"
"ZDBF2","57683","73884","Zdbf2"
"ZDHHC1","29800","70796","Zdhhc1"
"ZDHHC12","84885","66220","Zdhhc12"
"ZDHHC13","54503","243983","Zdhhc13"
"ZDHHC14","79683","224454","Zdhhc14"
"ZDHHC15","158866","108672","Zdhhc15"
"ZDHHC16","84287","74168","Zdhhc16"
"ZDHHC17","23390","320150","Zdhhc17"
"ZDHHC18","84243","503610","Zdhhc18"
"ZDHHC19","131540","245308","Zdhhc19"
"ZDHHC2","51201","70546","Zdhhc2"
"ZDHHC20","253832","75965","Zdhhc20"
"ZDHHC21","340481","68268","Zdhhc21"
"ZDHHC22","283576","238331","Zdhhc22"
"ZDHHC23","254887","332175","Zdhhc23"
"ZDHHC24","254359","70605","Zdhhc24"
"ZDHHC3","51304","69035","Zdhhc3"
"ZDHHC4","55146","72881","Zdhhc4"
"ZDHHC5","25921","228136","Zdhhc5"
"ZDHHC6","64429","66980","Zdhhc6"
"ZDHHC7","55625","102193","Zdhhc7"
"ZDHHC8","29801","27801","Zdhhc8"
"ZDHHC9","51114","208884","Zdhhc9"
"ZEB1","6935","21417","Zeb1"
"ZEB2","9839","24136","Zeb2"
"ZER1","10444","227693","Zer1"
"ZFAND1","79752","66361","Zfand1"
"ZFAND2A","90637","100494","Zfand2a"
"ZFAND2B","130617","68818","Zfand2b"
"ZFAND3","60685","21769","Zfand3"
"ZFAND4","93550","67492","Zfand4"
"ZFAND5","7763","22682","Zfand5"
"ZFAND6","54469","65098","Zfand6"
"ZFAT","57623","380993","Zfat"
"ZFC3H1","196441","216345","Zfc3h1"
"ZFHX2","85446","239102","Zfhx2"
"ZFHX3","463","11906","Zfhx3"
"ZFHX4","79776","80892","Zfhx4"
"ZFP1","162239","22640","Zfp1"
"ZFP14","57677","243906","Zfp14"
"ZFP2","80108","22678","Zfp2"
"ZFP28","140612","22690","Zfp28"
"ZFP3","124961","193043","Zfp3"
"ZFP30","22835","22693","Zfp30"
"ZFP36","7538","22695","Zfp36"
"ZFP36L1","677","12192","Zfp36l1"
"ZFP36L2","678","12193","Zfp36l2"
"ZFP37","7539","22696","Zfp37"
"ZFP41","286128","22701","Zfp41"
"ZFP42","132625","22702","Zfp42"
"ZFP57","346171","22715","Zfp57"
"ZFP62","643836","22720","Zfp62"
"ZFP64","55734","22722","Zfp64"
"ZFP69","339559","381549","Zfp69"
"ZFP82","284406","330502","Zfp82"
"ZFP90","146198","22751","Zfp90"
"ZFP91","80829","109910","Zfp91"
"ZFP92","139735","22754","Zfp92"
"ZFPL1","7542","81909","Zfpl1"
"ZFPM1","161882","22761","Zfpm1"
"ZFPM2","23414","22762","Zfpm2"
"ZFR","51663","22763","Zfr"
"ZFR2","23217","103406","Zfr2"
"ZFTA","65998","108899","Zfta"
"ZFYVE1","53349","217695","Zfyve1"
"ZFYVE16","9765","218441","Zfyve16"
"ZFYVE19","84936","72008","Zfyve19"
"ZFYVE21","79038","68520","Zfyve21"
"ZFYVE26","23503","211978","Zfyve26"
"ZFYVE27","118813","319740","Zfyve27"
"ZFYVE28","57732","231125","Zfyve28"
"ZFYVE9","9372","230597","Zfyve9"
"ZG16","653808","69036","Zg16"
"ZG16B","124220","638345","Sbpl"
"ZGLP1","100125288","100009600","Zglp1"
"ZGPAT","84619","229007","Zgpat"
"ZGRF1","55345","71643","Zgrf1"
"ZHX1","11244","22770","Zhx1"
"ZHX2","22882","387609","Zhx2"
"ZHX3","23051","320799","Zhx3"
"ZIC1","7545","22771","Zic1"
"ZIC2","7546","22772","Zic2"
"ZIC3","7547","22773","Zic3"
"ZIC4","84107","22774","Zic4"
"ZIC5","85416","65100","Zic5"
"ZIK1","284307","22775","Zik1"
"ZKSCAN1","7586","74570","Zkscan1"
"ZKSCAN2","342357","210162","Zkscan2"
"ZKSCAN3","80317","72739","Zkscan3"
"ZKSCAN4","387032","544922","Zkscan4"
"ZKSCAN5","23660","22757","Zkscan5"
"ZKSCAN7","55888","382118","Zkscan7"
"ZKSCAN8","7745","93681","Zkscan8"
"ZMAT1","84460","215693","Zmat1"
"ZMAT2","153527","66492","Zmat2"
"ZMAT3","64393","22401","Zmat3"
"ZMAT4","79698","320158","Zmat4"
"ZMAT5","55954","67178","Zmat5"
"ZMIZ1","57178","328365","Zmiz1"
"ZMIZ2","83637","52915","Zmiz2"
"ZMPSTE24","10269","230709","Zmpste24"
"ZMYM1","79830","68310","Zmym1"
"ZMYM2","7750","76007","Zmym2"
"ZMYM3","9203","56364","Zmym3"
"ZMYM4","9202","67785","Zmym4"
"ZMYM5","9205","219105","Zmym5"
"ZMYM6","9204","100177","Zmym6"
"ZMYND10","51364","114602","Zmynd10"
"ZMYND11","10771","66505","Zmynd11"
"ZMYND12","84217","332934","Zmynd12"
"ZMYND15","84225","574428","Zmynd15"
"ZMYND19","116225","67187","Zmynd19"
"ZMYND8","23613","228880","Zmynd8"
"ZNF101","94039","234413","Zfp961"
"ZNF106","64397","20402","Zfp106"
"ZNF112","7771","57745","Zfp112"
"ZNF12","7559","231866","Zfp12"
"ZNF124","7678","102637111","Gm20541"
"ZNF131","7690","72465","Zfp131"
"ZNF14","7561","208111","Zfp976"
"ZNF14","7561","434179","Zfp975"
"ZNF142","7701","77264","Zfp142"
"ZNF143","7702","20841","Zfp143"
"ZNF146","7705","26465","Zfp146"
"ZNF148","7707","22661","Zfp148"
"ZNF169","169841","67911","Zfp169"
"ZNF174","7727","385674","Zfp174"
"ZNF175","7728","69930","Zfp715"
"ZNF18","7566","52712","Zkscan6"
"ZNF180","7733","210135","Zfp180"
"ZNF182","7569","319535","Zfp182"
"ZNF184","7738","193452","Zfp184"
"ZNF185","7739","22673","Zfp185"
"ZNF189","7743","230162","Zfp189"
"ZNF2","7549","72180","Zfp661"
"ZNF202","7753","80902","Zfp202"
"ZNF205","7755","22654","Zfp13"
"ZNF207","7756","22680","Zfp207"
"ZNF208","7757","70227","Zfp619"
"ZNF212","7988","232784","Zfp212"
"ZNF213","7760","449521","Zfp213"
"ZNF217","7764","228913","Zfp217"
"ZNF219","51222","69890","Zfp219"
"ZNF22","7570","67255","Zfp422"
"ZNF226","7769","56707","Zfp111"
"ZNF226","7769","22719","Zfp61"
"ZNF23","7571","234725","Zfp612"
"ZNF233","353355","56869","Zfp109"
"ZNF233","353355","54678","Zfp108"
"ZNF233","353355","232966","Zfp114"
"ZNF233","353355","22755","Zfp93"
"ZNF236","7776","329002","Zfp236"
"ZNF239","8187","22685","Zfp239"
"ZNF24","7572","59057","Zfp24"
"ZNF248","57209","72720","Zfp248"
"ZNF25","219749","22750","Zfp9"
"ZNF250","58500","239546","Zfp647"
"ZNF251","90987","71591","Zfp251"
"ZNF260","339324","26466","Zfp260"
"ZNF263","10127","74120","Zfp263"
"ZNF266","10781","77519","Zfp266"
"ZNF267","10308","241944","Zfp267"
"ZNF274","10782","65020","Zfp110"
"ZNF274","10782","170936","Zfp369"
"ZNF275","10838","27081","Zfp275"
"ZNF276","92822","57247","Zfp276"
"ZNF277","11179","246196","Zfp277"
"ZNF280B","140883","64453","Zfp280b"
"ZNF280C","55609","208968","Zfp280c"
"ZNF280D","54816","235469","Zfp280d"
"ZNF281","23528","226442","Zfp281"
"ZNF282","8427","101095","Zfp282"
"ZNF286A","57335","192651","Zfp286"
"ZNF287","57336","170740","Zfp287"
"ZNF292","23036","30046","Zfp292"
"ZNF296","162979","63872","Zfp296"
"ZNF316","100131017","54201","Zfp316"
"ZNF317","57693","244713","Zfp317"
"ZNF318","24149","57908","Zfp318"
"ZNF319","57567","79233","Zfp319"
"ZNF32","7580","232337","Zfp637"
"ZNF322","79692","218100","Zfp322a"
"ZNF326","284695","54367","Zfp326"
"ZNF329","79673","67230","Zfp329"
"ZNF330","27309","30932","Zfp330"
"ZNF334","55713","228876","Zfp334"
"ZNF335","63925","329559","Zfp335"
"ZNF34","80778","240041","Zfp945"
"ZNF34","80778","101056073","Zfp990"
"ZNF34","80778","70081","Zfp995"
"ZNF34","80778","240038","Zfp994"
"ZNF34","80778","73233","Zfp942"
"ZNF34","80778","75424","Zfp820"
"ZNF34","80778","74670","Zfp943"
"ZNF34","80778","210853","Zfp947"
"ZNF34","80778","74149","Zfp946"
"ZNF34","80778","319615","Zfp944"
"ZNF34","80778","240034","Zfp760"
"ZNF34","80778","631624","Gm7072"
"ZNF34","80778","115489950","Zfp988"
"ZNF341","84905","228807","Zfp341"
"ZNF346","23567","26919","Zfp346"
"ZNF35","7584","22646","Zfp105"
"ZNF354A","6940","21408","Zfp354a"
"ZNF354B","117608","27274","Zfp354b"
"ZNF354C","30832","30944","Zfp354c"
"ZNF358","140467","140482","Zfp358"
"ZNF362","149076","230761","Zfp362"
"ZNF365","22891","216049","Zfp365"
"ZNF366","167465","238803","Zfp366"
"ZNF367","195828","238673","Zfp367"
"ZNF382","84911","233060","Zfp382"
"ZNF383","163087","73729","Zfp383"
"ZNF384","171017","269800","Zfp384"
"ZNF385A","25946","29813","Zfp385a"
"ZNF385B","151126","241494","Zfp385b"
"ZNF385C","201181","278304","Zfp385c"
"ZNF394","84124","67235","Zkscan14"
"ZNF395","55893","380912","Zfp395"
"ZNF397","84307","69256","Zfp397"
"ZNF398","57541","272347","Zfp398"
"ZNF407","55628","240476","Zfp407"
"ZNF408","79797","381410","Zfp408"
"ZNF410","57862","52708","Zfp410"
"ZNF414","84330","328801","Zfp414"
"ZNF416","55659","232854","Zfp418"
"ZNF420","147923","233058","Zfp420"
"ZNF423","23090","94187","Zfp423"
"ZNF426","79088","235028","Zfp426"
"ZNF428","126299","232969","Zfp428"
"ZNF433","163059","73610","Zfp433"
"ZNF433","163059","102635315","Gm32687"
"ZNF433","163059","102636264","Gm33378"
"ZNF436","80818","22704","Zfp46"
"ZNF438","220929","240186","Zfp438"
"ZNF442","79973","329575","Gm14325"
"ZNF442","79973","626832","Gm6710"
"ZNF442","79973","626848","Zfp971"
"ZNF442","79973","628308","Zfp970"
"ZNF442","79973","665001","Gm14391"
"ZNF442","79973","665211","Gm14326"
"ZNF442","79973","667962","Zfp966"
"ZNF442","79973","668039","Gm14434"
"ZNF442","79973","100039060","Gm2026"
"ZNF442","79973","100043381","Gm14308"
"ZNF442","79973","100043387","Gm14305"
"ZNF442","79973","100043915","Gm4724"
"ZNF442","79973","100303732","Zfp967"
"ZNF442","79973","102640477","Gm14412"
"ZNF444","55311","72667","Zfp444"
"ZNF445","353274","235682","Zfp445"
"ZNF446","55663","269870","Zfp446"
"ZNF449","203523","78619","Zfp449"
"ZNF45","7596","22756","Zfp94"
"ZNF451","26036","98403","Zfp451"
"ZNF454","285676","237758","Zfp454"
"ZNF462","58499","242466","Zfp462"
"ZNF467","168544","68910","Zfp467"
"ZNF469","84627","195209","Zfp469"
"ZNF473","25888","243963","Zfp473"
"ZNF474","133923","66758","Zfp474"
"ZNF48","197407","233887","Zfp553"
"ZNF483","158399","100041581","Zkscan16"
"ZNF488","118738","382867","Zfp488"
"ZNF496","84838","268417","Zkscan17"
"ZNF503","84858","218820","Zfp503"
"ZNF507","22847","668501","Zfp507"
"ZNF511","118472","69752","Zfp511"
"ZNF512","84450","269639","Zfp512"
"ZNF512B","57473","269401","Zfp512b"
"ZNF513","130557","101023","Zfp513"
"ZNF516","9658","329003","Zfp516"
"ZNF518A","9849","72672","Zfp518a"
"ZNF518B","85460","100515","Zfp518b"
"ZNF519","162655","56220","Zfp386"
"ZNF519","162655","407812","Zfp941"
"ZNF519","162655","22712","Zfp54"
"ZNF521","25925","225207","Zfp521"
"ZNF524","147807","66056","Zfp524"
"ZNF526","116115","210172","Zfp526"
"ZNF532","55205","328977","Zfp532"
"ZNF536","9745","243937","Zfp536"
"ZNF541","84215","666528","Zfp541"
"ZNF551","90233","619331","Zfp551"
"ZNF559-ZNF177","100529215","353208","Zfp931"
"ZNF559-ZNF177","100529215","100503949","Zfp965"
"ZNF559-ZNF177","100529215","102639598","Gm14296"
"ZNF566","84924","72556","Zfp566"
"ZNF567","163081","245368","Zfp300"
"ZNF569","148266","72723","Zfp74"
"ZNF574","64763","232976","Zfp574"
"ZNF575","284346","101544","Zfp575"
"ZNF579","163033","68490","Zfp579"
"ZNF580","51157","68992","Zfp580"
"ZNF583","147949","213011","Zfp583"
"ZNF585A","199704","22689","Zfp27"
"ZNF592","9640","233410","Zfp592"
"ZNF593","51042","68040","Zfp593"
"ZNF597","146434","71063","Zfp597"
"ZNF598","90850","213753","Zfp598"
"ZNF605","100289635","675812","Zfp605"
"ZNF606","80095","67370","Zfp606"
"ZNF608","57507","269023","Zfp608"
"ZNF609","23060","214812","Zfp609"
"ZNF613","79898","72154","Zfp157"
"ZNF616","90317","433801","Zfp268"
"ZNF616","90317","667666","Zfp600"
"ZNF616","90317","102632968","Gm30910"
"ZNF618","114991","72701","Zfp618"
"ZNF622","90441","52521","Zfp622"
"ZNF623","9831","78834","Zfp623"
"ZNF624","57547","100040944","Gm3055"
"ZNF627","199692","237775","Zfp867"
"ZNF627","199692","619310","Zfp872"
"ZNF628","89887","232816","Zfp628"
"ZNF629","23361","320683","Zfp629"
"ZNF638","27332","18139","Zfp638"
"ZNF639","51193","67778","Zfp639"
"ZNF641","121274","239652","Zfp641"
"ZNF644","84146","52397","Zfp644"
"ZNF646","9726","233905","Zfp646"
"ZNF648","127665","100503355","Zfp648"
"ZNF652","22834","268469","Zfp652"
"ZNF653","115950","319601","Zfp653"
"ZNF654","55279","72020","Zfp654"
"ZNF655","79027","72611","Zfp655"
"ZNF658","26149","76390","Zfp735"
"ZNF658","26149","327963","Zfp616"
"ZNF658","26149","634762","Gm7145"
"ZNF664","144348","269704","Zfp664"
"ZNF667","63934","384763","Zfp667"
"ZNF668","79759","244219","Zfp668"
"ZNF669","79862","620419","Zfp963"
"ZNF672","79894","319475","Zfp672"
"ZNF687","57592","78266","Zfp687"
"ZNF688","146542","69234","Zfp688"
"ZNF689","115509","71131","Zfp689"
"ZNF691","51058","195522","Zfp691"
"ZNF692","55657","103836","Zfp692"
"ZNF697","90874","242109","Zfp697"
"ZNF7","7553","223669","Zfp7"
"ZNF700","90592","628709","Zfp997"
"ZNF700","90592","665738","Gm7762"
"ZNF700","90592","100502880","Gm19428"
"ZNF700","90592","102634030","Gm31714"
"ZNF703","80139","353310","Zfp703"
"ZNF704","619279","170753","Zfp704"
"ZNF706","51123","68036","Zfp706"
"ZNF707","286075","69020","Zfp707"
"ZNF710","374655","209225","Zfp710"
"ZNF711","7552","245595","Zfp711"
"ZNF721","170960","237412","Gm4924"
"ZNF740","283337","68744","Zfp740"
"ZNF746","155061","69228","Zfp746"
"ZNF750","79755","319530","Zfp750"
"ZNF76","7629","224656","Zfp523"
"ZNF761","388561","22709","Zfp51"
"ZNF768","79724","233890","Zfp768"
"ZNF770","54989","228491","Zfp770"
"ZNF771","51333","244216","Zfp771"
"ZNF773","374928","232855","Zfp772"
"ZNF775","285971","243372","Zfp775"
"ZNF777","27153","72306","Zfp777"
"ZNF778","197320","22688","Zfp26"
"ZNF780A","284323","112415","Zfp607b"
"ZNF780A","284323","545938","Zfp607a"
"ZNF780A","284323","22717","Zfp59"
"ZNF780A","284323","71163","Zfp626"
"ZNF780A","284323","100043772","Zfp850"
"ZNF780A","284323","22718","Zfp60"
"ZNF784","147808","654801","Zfp784"
"ZNF786","136051","330301","Zfp786"
"ZNF787","126208","67109","Zfp787"
"ZNF791","163049","244556","Zfp791"
"ZNF8","7554","243833","Zfp128"
"ZNF800","168850","627049","Zfp800"
"ZNF804A","91752","241514","Zfp804a"
"ZNF804B","219578","207618","Zfp804b"
"ZNF821","55565","75871","Zfp821"
"ZNF827","152485","622675","Zfp827"
"ZNF830","91603","66983","Zfp830"
"ZNF831","128611","100043757","Zfp831"
"ZNF839","55778","72805","Zfp839"
"ZNF845","91664","101055890","Gm29738"
"ZNF845","91664","101055933","Gm29746"
"ZNF845","91664","102633782","Gm31526"
"ZNF845","91664","268670","Zfp759"
"ZNF845","91664","212276","Zfp748"
"ZNF845","91664","328274","Zfp459"
"ZNF846","162993","244721","Zfp846"
"ZNF853","54753","330230","Zfp853"
"ZNF865","100507290","319748","Zfp865"
"ZNF879","345462","214779","Zfp879"
"ZNF91","7644","66869","Zfp869"
"ZNFX1","57169","98999","Znfx1"
"ZNHIT1","10467","70103","Znhit1"
"ZNHIT2","741","29805","Znhit2"
"ZNHIT3","9326","448850","Znhit3"
"ZNHIT6","54680","229937","Znhit6"
"ZNRD2","10534","56390","Znrd2"
"ZNRF1","84937","170737","Znrf1"
"ZNRF2","223082","387524","Znrf2"
"ZNRF3","84133","407821","Znrf3"
"ZNRF4","148066","20834","Znrf4"
"ZP1","22917","22786","Zp1"
"ZP2","7783","22787","Zp2"
"ZPBP","11055","53604","Zpbp"
"ZPBP2","124626","69376","Zpbp2"
"ZPLD1","131368","239852","Zpld1"
"ZPR1","8882","22687","Zpr1"
"ZRANB1","54764","360216","Zranb1"
"ZRANB2","9406","53861","Zranb2"
"ZRANB3","84083","226409","Zranb3"
"ZRSR2","8233","22184","Zrsr2"
"ZRSR2","8233","22183","Zrsr1"
"ZSCAN10","84891","332221","Zscan10"
"ZSCAN12","9753","22758","Zscan12"
"ZSCAN18","65982","232875","Zscan18"
"ZSCAN2","54993","22691","Zscan2"
"ZSCAN20","7579","269585","Zscan20"
"ZSCAN21","7589","22697","Zscan21"
"ZSCAN22","342945","232878","Zscan22"
"ZSCAN25","221785","666311","Zscan25"
"ZSCAN26","7741","432731","Zscan26"
"ZSCAN29","146050","99334","Zscan29"
"ZSCAN30","100101467","328918","Zscan30"
"ZSWIM1","90204","71971","Zswim1"
"ZSWIM2","151112","71861","Zswim2"
"ZSWIM3","140831","67538","Zswim3"
"ZSWIM4","65249","212168","Zswim4"
"ZSWIM5","57643","74464","Zswim5"
"ZSWIM6","57688","67263","Zswim6"
"ZSWIM7","125150","69747","Zswim7"
"ZSWIM8","23053","268721","Zswim8"
"ZSWIM9","374920","321008","Zswim9"
"ZUP1","221302","72580","Zup1"
"ZW10","9183","26951","Zw10"
"ZWILCH","55055","68014","Zwilch"
"ZWINT","11130","52696","Zwint"
"ZXDB","158586","668166","Zxdb"
"ZXDC","79364","80292","Zxdc"
"ZYG11A","440590","230590","Zyg11a"
"ZYG11B","79699","414872","Zyg11b"
"ZYX","7791","22793","Zyx"
"ZZEF1","23140","195018","Zzef1"
"ZZZ3","26009","108946","Zzz3"
"AARSD1","80755","69684","Aarsd1"
"ABCF2","10061","27407","Abcf2"
"ACBD6","84320","72482","Acbd6"
"ACBD6","100527964","72482","Acbd6"
"ACTR3B","57180","242894","Actr3b"
"ACY1","95","109652","Acy1"
"ADORA3","140","11542","Adora3"
"ADORA3","140","69296","Adora3"
"AGTPBP1","23287","67269","Agtpbp1"
"AGTPBP1","23287","319469","Agtpbp1"
"ALDH1A1","216","11668","Aldh1a1"
"ALDH1A1","216","320092","Aldh1a1"
"ALG1","56052","208211","Alg1"
"ALG10B","144245","380959","Alg10b"
"ALKBH1","8846","211064","Alkbh1"
"ALKBH1","8846","654309","Alkbh1"
"ALPI","248","76768","Alpi"
"AMELX","265","11704","Amelx"
"ANKHD1","54882","108857","Ankhd1"
"ANKRD7","56311","75196","Ankrd7"
"ANP32A","8125","11737","Anp32a"
"ANXA8","653145","11752","Anxa8"
"AQP7","364","11832","Aqp7"
"AQP7","112267859","11832","Aqp7"
"ARHGAP11A","9824","228482","Arhgap11a"
"ARHGAP8","23779","73167","Arhgap8"
"ARHGEF1","9138","16801","Arhgef1"
"ARHGEF1","100505585","16801","Arhgef1"
"ARPIN","348110","70420","Arpin"
"ASAH2","56624","54447","Asah2"
"ASB3","100302652","65257","Asb3"
"ASB3","51130","65257","Asb3"
"ATF7","11016","223922","Atf7"
"ATRIP","84126","235610","Atrip"
"ATRIP","84126","111828493","Atrip"
"ATXN3","4287","110616","Atxn3"
"BACH1","571","12013","Bach1"
"BACH1","100379661","12013","Bach1"
"BIVM","54841","246229","Bivm"
"BMI1","648","12151","Bmi1"
"BOD1","91272","69556","Bod1"
"BOLA2","552900","66162","Bola2"
"C1QTNF9","338872","239126","C1qtnf9"
"C4B","721","12268","C4b"
"CACNA1C","775","12288","Cacna1c"
"CACNA1C","100874369","12288","Cacna1c"
"CASP1","834","12362","Casp1"
"CBS","875","12411","Cbs"
"CBWD1","55871","226043","Cbwd1"
"CCDC74A","90557","72315","Ccdc74a"
"CCL3","6348","20302","Ccl3"
"CCL4","6351","20303","Ccl4"
"CCR3","1232","12771","Ccr3"
"CCR3","105377067","12771","Ccr3"
"CCZ1","51622","231874","Ccz1"
"CD200R1","131450","57781","Cd200r1"
"CD33","945","12489","Cd33"
"CDC14B","8555","218294","Cdc14b"
"CDK11B","984","12537","Cdk11b"
"CELA2A","63036","13706","Cela2a"
"CENPS","378708","69928","Cenps"
"CEP170","9859","545389","Cep170"
"CEP170","645455","545389","Cep170"
"CFAP298","56683","68001","Cfap298"
"CFC1","55997","12627","Cfc1"
"CFHR1","3078","50702","Cfhr1"
"CHML","1122","12663","Chml"
"CHML","23596","12663","Chml"
"CHMP3","51652","66700","Chmp3"
"CHRNA7","1139","11441","Chrna7"
"CLEC18A","348174","353287","Clec18a"
"CNTNAP3","79937","238680","Cntnap3"
"COLQ","8292","382864","Colq"
"COLQ","8292","102639719","Colq"
"CORO7","79585","78885","Coro7"
"CR1L","1379","12946","Cr1l"
"CRHR1","1394","12921","Crhr1"
"CRYAA","1409","12954","Cryaa"
"CSNK1E","1454","27373","Csnk1e"
"CSNK2A1","1457","12995","Csnk2a1"
"CTAG2","30848","70062","Ctag2"
"CTRB1","1504","66473","Ctrb1"
"CUEDC1","404093","103841","Cuedc1"
"CUEDC1","404093","70393","Cuedc1"
"DAB2","1601","13132","Dab2"
"DAB2","112267931","13132","Dab2"
"DAXX","1616","13163","Daxx"
"DAXX","113523636","13163","Daxx"
"DAZL","1618","13164","Dazl"
"DCAF4","26094","73828","Dcaf4"
"DDT","1652","13202","Ddt"
"DDT","100037417","13202","Ddt"
"DEFA3","1668","13237","Defa3"
"DEFA5","1670","13239","Defa5"
"DGCR6","8214","13353","Dgcr6"
"DHFR","1719","13361","Dhfr"
"DHRS4","10901","28200","Dhrs4"
"DLEU7","220107","239133","Dleu7"
"DLEU7","103689915","239133","Dleu7"
"ECE2","9718","107522","Ece2"
"EDDM3B","64184","219026","Eddm3b"
"EDEM2","55741","108687","Edem2"
"EDEM2","111089941","108687","Edem2"
"EEF1AKNMT","51603","71449","Eef1aknmt"
"EEF2KMT","196483","70511","Eef2kmt"
"EIF1AX","1964","66235","Eif1ax"
"EIF3C","8663","56347","Eif3c"
"EIF5A","1984","276770","Eif5a"
"EOLA1","91966","68618","Eola1"
"EPPIN","57119","75526","Eppin"
"ERCC5","2073","22592","Ercc5"
"FAHD2A","51011","68126","Fahd2a"
"FAM104A","84923","28081","Fam104a"
"FAM136A","84908","66488","Fam136a"
"FAM136A","84908","102632427","Fam136a"
"FAM155A","728215","270028","Fam155a"
"FAM207A","85395","108707","Fam207a"
"FAM25C","644054","69134","Fam25c"
"FAM47E","100129583","384198","Fam47e"
"FAM53C","51307","66306","Fam53c"
"FAM53C","100128966","66306","Fam53c"
"FAM72A","729533","108900","Fam72a"
"FBXW10","10517","213980","Fbxw10"
"FCGR2B","2213","14130","Fcgr2b"
"FEZ1","9638","235180","Fez1"
"FEZ1","105369550","235180","Fez1"
"FFAR3","2865","233080","Ffar3"
"FNTB","2342","110606","Fntb"
"FNTB","100529261","110606","Fntb"
"FOLR2","2350","14276","Folr2"
"FOXD4","2298","14237","Foxd4"
"FOXL3","116033993","384244","Foxl3"
"FXYD2","486","11936","Fxyd2"
"GAB3","139716","210710","Gab3"
"GAB3","139716","100503280","Gab3"
"GALNT4","8693","14426","Galnt4"
"GATD3A","8209","28295","Gatd3a"
"GBP7","388646","229900","Gbp7"
"GGT1","2678","14598","Ggt1"
"GIMAP5","55340","317757","Gimap5"
"GLUD1","2746","14661","Glud1"
"GMCL1","64395","23885","Gmcl1"
"GNMT","27232","14711","Gnmt"
"GNMT","107080644","14711","Gnmt"
"GOLGA7","51125","57437","Golga7"
"GOLGA7","51125","628040","Golga7"
"GON4L","54856","76022","Gon4l"
"GPR1","2825","241070","Gpr1"
"GPRASP2","100528062","245607","Gprasp2"
"GPRASP2","114928","245607","Gprasp2"
"GRAP","10750","71520","Grap"
"GSTM1","2944","14862","Gstm1"
"GSTT2","2953","14872","Gstt2"
"GTF2H2","2966","23894","Gtf2h2"
"GTF2H2","728340","23894","Gtf2h2"
"GTF2IRD2","84163","114674","Gtf2ird2"
"GTPBP10","85865","207704","Gtpbp10"
"GTPBP10","101927446","207704","Gtpbp10"
"GUCA1A","2978","14913","Guca1a"
"GUCA1A","118142757","14913","Guca1a"
"GYPA","2993","14934","Gypa"
"H2BW2","286436","69389","H2bw2"
"H4C14","8370","97122","H4c14"
"HCAR2","338442","80885","Hcar2"
"HIGD2A","192286","67044","Higd2a"
"HJURP","55355","381280","Hjurp"
"HJURP","55355","212427","Hjurp"
"HNRNPC","3183","15381","Hnrnpc"
"HP","3240","15439","Hp"
"HSFY2","159119","71066","Hsfy2"
"IFNA1","3439","15962","Ifna1"
"IFNA13","3447","230396","Ifna13"
"IFNA14","3448","404549","Ifna14"
"IFNA16","3449","230398","Ifna16"
"IFNA2","3440","15965","Ifna2"
"IFNA4","3441","15967","Ifna4"
"IFNA5","3442","15968","Ifna5"
"IFNA6","3443","15969","Ifna6"
"IFNA7","3444","15970","Ifna7"
"IGFL3","388555","232925","Igfl3"
"IL4I1","259307","14204","Il4i1"
"IL4I1","259307","100328588","Il4i1"
"ISY1","57461","57905","Isy1"
"ITGB1BP1","9270","16413","Itgb1bp1"
"ITGB1BP1","9270","105245391","Itgb1bp1"
"ITLN1","55600","16429","Itln1"
"ITLN1","55600","493583","Itln1"
"JSRP1","126306","71912","Jsrp1"
"JSRP1","105372240","71912","Jsrp1"
"KCNE1","3753","16509","Kcne1"
"KCNJ12","3768","16515","Kcnj12"
"KIR3DL1","3811","245616","Kir3dl1"
"KIR3DL2","3812","245615","Kir3dl2"
"KLHL23","100526832","277396","Klhl23"
"KLHL23","151230","277396","Klhl23"
"KLK1","3816","16612","Klk1"
"KLRK1","100528032","27007","Klrk1"
"KLRK1","22914","27007","Klrk1"
"KRT6A","3853","16687","Krt6a"
"KRT6B","3854","16688","Krt6b"
"KRTAP1-5","83895","69664","Krtap1-5"
"KRTAP10-4","386672","100191037","Krtap10-4"
"KRTAP13-1","140258","268905","Krtap13-1"
"KRTAP4-7","100132476","76444","Krtap4-7"
"KRTAP5-5","439915","114666","Krtap5-5"
"LCORL","254251","209707","Lcorl"
"LCORL","254251","100041576","Lcorl"
"LGALS7","653499","16858","Lgals7"
"LGALS7","3963","16858","Lgals7"
"LILRA5","353514","232801","Lilra5"
"LILRA6","79168","18726","Lilra6"
"LIMS1","3987","110829","Lims1"
"LRRC37A","9884","237954","Lrrc37a"
"LUC7L2","51631","192196","Luc7l2"
"LY6G6D","58530","114654","Ly6g6d"
"LY6G6D","110599563","114654","Ly6g6d"
"LY75","4065","17076","Ly75"
"LYZL1","84569","67328","Lyzl1"
"MAGEB1","4112","17145","Mageb1"
"MAGI1","9223","14924","Magi1"
"MAGI1","9223","78178","Magi1"
"MBD3L2","125997","234988","Mbd3l2"
"MCL1","4170","17210","Mcl1"
"MCL1","574406","17210","Mcl1"
"MEF2B","100271849","17259","Mef2b"
"MEF2B","100271849","105980076","Mef2b"
"MEF2B","4207","17259","Mef2b"
"MEF2B","4207","105980076","Mef2b"
"METTL11B","149281","240879","Mettl11b"
"MFAP3L","9848","71306","Mfap3l"
"MFAP3L","101928198","71306","Mfap3l"
"MIA2","4253","338320","Mia2"
"MICAL2","9645","320878","Mical2"
"MICAL2","9645","100504195","Mical2"
"MOB4","25843","19070","Mob4"
"MORF4L1","10933","21761","Morf4l1"
"MORF4L1","10933","627352","Morf4l1"
"MRFAP1","93621","67568","Mrfap1"
"MRGPRX1","259249","404242","Mrgprx1"
"MRGPRX2","117194","243978","Mrgprx2"
"MRPL23","107987373","19935","Mrpl23"
"MRPL23","6150","19935","Mrpl23"
"MS4A4A","51338","666907","Ms4a4a"
"MTHFS","10588","107885","Mthfs"
"MTPN","136319","14489","Mtpn"
"MTPN","767558","14489","Mtpn"
"MYZAP","100820829","102371","Myzap"
"NANOG","79923","71950","Nanog"
"NAT8","9027","68396","Nat8"
"NBL1","4681","17965","Nbl1"
"NBL1","100532736","17965","Nbl1"
"NCBP2","22916","68092","Ncbp2"
"NDUFB4","4710","68194","Ndufb4"
"NDUFB4","4710","100041273","Ndufb4"
"NDUFC2","4718","68197","Ndufc2"
"NEMP1","23306","210035","Nemp1"
"NEMP1","23306","72243","Nemp1"
"NHSL2","340527","100042480","Nhsl2"
"NHSL2","392490","100042480","Nhsl2"
"NMBR","4829","18101","Nmbr"
"NMBR","4829","69412","Nmbr"
"NME9","347736","623534","Nme9"
"NME9","347736","69797","Nme9"
"NOMO1","23420","211548","Nomo1"
"NPY4R","5540","19065","Npy4r"
"NT5C1B","93034","70881","Nt5c1b"
"NTRK3","4916","18213","Ntrk3"
"NTRK3","4916","414121","Ntrk3"
"NUDT4","11163","71207","Nudt4"
"NXF2","56001","83454","Nxf2"
"OCM","654231","18261","Ocm"
"OMG","4974","18377","Omg"
"OMG","101927057","18377","Omg"
"OPN1MW","2652","14539","Opn1mw"
"P2RY14","9934","140795","P2ry14"
"P2RY14","9934","320463","P2ry14"
"PABPC1","26986","18458","Pabpc1"
"PAK6","56924","214230","Pak6"
"PAK6","106821730","214230","Pak6"
"PCDH11X","27328","245578","Pcdh11x"
"PCDHA6","56142","12937","Pcdha6"
"PCDHA7","56141","12939","Pcdha7"
"PDE10A","10846","23984","Pde10a"
"PDE10A","90632","23984","Pde10a"
"PELI2","57161","93834","Peli2"
"PELI2","57161","624367","Peli2"
"PGAM1","5223","18648","Pgam1"
"PHYHIPL","84457","70911","Phyhipl"
"PHYHIPL","84457","319646","Phyhipl"
"PIK3R3","8503","18710","Pik3r3"
"PLA2G4B","100137049","211429","Pla2g4b"
"PMF1","11243","67037","Pmf1"
"POLR2J","5439","20022","Polr2j"
"POM121","9883","107939","Pom121"
"POMGNT1","55624","68273","Pomgnt1"
"POMGNT1","55624","76786","Pomgnt1"
"POU5F1","5460","18999","Pou5f1"
"PPAN","56342","235036","Ppan"
"PPARD","5467","19015","Ppard"
"PPARD","5467","69050","Ppard"
"PPP1CC","5501","19047","Ppp1cc"
"PPP1CC","5501","434233","Ppp1cc"
"PPP1R18","170954","76448","Ppp1r18"
"PPP1R18","107987457","76448","Ppp1r18"
"PPP1R2","5504","66849","Ppp1r2"
"PRDM9","56979","213389","Prdm9"
"PRODH","5625","19125","Prodh"
"PRRT1","100507547","260297","Prrt1"
"PRRT1","80863","260297","Prrt1"
"PTCD1","26024","71799","Ptcd1"
"PTTG1","9232","30939","Pttg1"
"RAB5IF","55969","67388","Rab5if"
"RANBP2","5903","19386","Ranbp2"
"RASA4","10156","54153","Rasa4"
"RBM3","5935","19652","Rbm3"
"RBM3","5935","100043257","Rbm3"
"RBMXL2","27288","76572","Rbmxl2"
"REG3G","130120","19695","Reg3g"
"RFLNA","144347","73121","Rflna"
"RFLNA","100533183","73121","Rflna"
"RHD","6007","19746","Rhd"
"RIMBP3","85376","239731","Rimbp3"
"RIN2","54453","74030","Rin2"
"RIN2","54453","408057","Rin2"
"RLN1","6013","19773","Rln1"
"ROPN1","54763","76378","Ropn1"
"RPE","6120","66646","Rpe"
"RPL23A","6147","268449","Rpl23a"
"RPL23A","6147","108168140","Rpl23a"
"RPL34","6164","68436","Rpl34"
"RPL34","6164","619547","Rpl34"
"RPL37","6167","67281","Rpl37"
"RPL37","6167","100502825","Rpl37"
"RPP14","11102","67053","Rpp14"
"RPP21","79897","67676","Rpp21"
"RPP21","202658","67676","Rpp21"
"RPS4X","6191","20102","Rps4x"
"RPS8","6202","20116","Rps8"
"RPS8","6202","100040298","Rps8"
"RPSA","3921","16785","Rpsa"
"RUNX1","861","12394","Runx1"
"RUNX1","100506403","12394","Runx1"
"RYBP","23429","56353","Rybp"
"RYBP","23429","628746","Rybp"
"S1PR3","1903","13610","S1pr3"
"S1PR3","286223","13610","S1pr3"
"SAA4","6291","20211","Saa4"
"SAMSN1","64092","67742","Samsn1"
"SAMSN1","388813","67742","Samsn1"
"SCGB1C1","147199","338417","Scgb1c1"
"SCGB2A2","4250","102639117","Scgb2a2"
"SCHIP1","29970","30953","Schip1"
"SCNM1","79005","69269","Scnm1"
"SCNM1","100534012","69269","Scnm1"
"SEC16B","89866","89867","Sec16b"
"SEC16B","111240474","89867","Sec16b"
"SEPTIN1","1731","54204","Septin1"
"SEPTIN1","1731","100043580","Septin1"
"SET","6418","56086","Set"
"SFTPA1","653509","20387","Sftpa1"
"SGK3","23678","170755","Sgk3"
"SIK1","150094","17691","Sik1"
"SIRPA","140885","19261","Sirpa"
"SLC25A51","92014","230125","Slc25a51"
"SLC35G3","146861","56293","Slc35g3"
"SLX1B","79008","75764","Slx1b"
"SMIM10L2A","399668","320237","Smim10l2a"
"SMIM8","57150","66291","Smim8"
"SMIM8","63914","66291","Smim8"
"SMN1","6606","20595","Smn1"
"SNORA7A","619563","100217451","Snora7a"
"SOHLH2","54937","74434","Sohlh2"
"SPACA5","389852","278203","Spaca5"
"SPAG11B","10407","546038","Spag11b"
"SPSB2","84727","14794","Spsb2"
"SPSB2","105369632","14794","Spsb2"
"SRGAP2","23380","14270","Srgap2"
"ST7","7982","64213","St7"
"ST7","93655","64213","St7"
"STEAP1","26872","70358","Steap1"
"STIMATE","375346","69179","Stimate"
"STON1","11037","77057","Ston1"
"SULT2B1","6820","54200","Sult2b1"
"SULT2B1","6820","545963","Sult2b1"
"SUMF1","285362","58911","Sumf1"
"SUMF1","100130207","58911","Sumf1"
"TAF1","6872","270627","Taf1"
"TAF6L","10629","225895","Taf6l"
"TAF6L","10629","100039957","Taf6l"
"TBC1D7","51256","67046","Tbc1d7"
"TBC1D7","107080638","67046","Tbc1d7"
"TBL1X","6907","21372","Tbl1x"
"TCP11X2","100996648","71841","Tcp11x2"
"TECTA","7007","21683","Tecta"
"TECTA","116804918","21683","Tecta"
"TEKT4","150483","71840","Tekt4"
"TEN1","100134934","69535","Ten1"
"TLCD4","148534","99887","Tlcd4"
"TMA7","51372","66167","Tma7"
"TMA7","51372","115487184","Tma7"
"TMED7","51014","66676","Tmed7"
"TMEM191C","645426","224019","Tmem191c"
"TMOD3","29766","50875","Tmod3"
"TMOD3","112268148","50875","Tmod3"
"TNNI3K","51086","435766","Tnni3k"
"TOMT","120356740","791260","Tomt"
"TPTE","7179","234129","Tpte"
"TRAPPC2","6399","66226","Trappc2"
"TRIM41","90933","211007","Trim41"
"TRIM43B","653192","666747","Trim43b"
"TTC30B","150737","72421","Ttc30b"
"TTLL3","26140","101100","Ttll3"
"TVP23B","51030","67510","Tvp23b"
"TYW1","55253","100929","Tyw1"
"U2AF1","7307","108121","U2af1"
"UBL4A","8266","27643","Ubl4a"
"UBL4A","8266","100169864","Ubl4a"
"UGT1A10","54575","394430","Ugt1a10"
"UGT1A5","54579","394433","Ugt1a5"
"UGT1A8","54576","613123","Ugt1a8"
"UGT1A9","54600","394434","Ugt1a9"
"UQCRH","7388","66576","Uqcrh"
"USP18","11274","24110","Usp18"
"USP30","84749","100756","Usp30"
"USP30","84749","102637926","Usp30"
"USP32","84669","237898","Usp32"
"USP9Y","8287","107868","Usp9y"
"USP9Y","64595","107868","Usp9y"
"UTP14A","10813","72554","Utp14a"
"VAMP1","6843","22317","Vamp1"
"VAMP1","6843","78668","Vamp1"
"VHL","7428","22346","Vhl"
"WNT3","7473","22415","Wnt3"
"WNT3","101929777","22415","Wnt3"
"XCL1","6375","16963","Xcl1"
"XIRP2","129446","241431","Xirp2"
"XIRP2","129446","383709","Xirp2"
"ZBED5","58486","71970","Zbed5"
"ZC3H11A","9877","70579","Zc3h11a"
"ZDHHC11","79844","71164","Zdhhc11"
"ZFX","7543","22764","Zfx"
"ZP3","7784","22788","Zp3"
"ZSCAN5B","342933","170734","Zscan5b"
