"gene","p_val","avg_log2FC","pct.1","pct.2","p_val_adj"
"Ifi27l2b",2.1640815684494e-150,2.92276692341083,0.973,0.387,2.93038285183733e-146
"Irf7",5.4250598956966e-129,3.70701328088761,0.87,0.165,7.34607360476276e-125
"Ly6a",8.02334020139514e-124,3.35851303436535,0.879,0.239,1.08644049667092e-119
"Ifi27l2a",2.8823240763047e-115,3.11690617199728,0.861,0.191,3.90295503172419e-111
"Stat1",2.74281068189041e-92,2.21080047949598,0.888,0.389,3.71403994434781e-88
"Ly6c2",3.42169184797195e-89,1.90796705412877,0.94,0.534,4.63331293133882e-85
"Ifit3",2.89210550166193e-88,4.19911096401261,0.671,0.053,3.91620005980041e-84
"Ifit1",2.63527286772585e-82,3.9058358778965,0.653,0.064,3.56842299018758e-78
"Ly6c1",1.50234461261983e-75,3.12043795022827,0.693,0.163,2.03432483994851e-71
"Bst2",8.59571322688199e-71,3.18678945373768,0.655,0.127,1.16394552805209e-66
"B2m",9.07458597967774e-71,0.734400398159085,1,0.99,1.22878968750816e-66
"Rnf213",5.1698609609146e-70,2.83554686490334,0.677,0.163,7.00050872717445e-66
"Gm14446",8.55994940957834e-67,2.95287884656201,0.669,0.165,1.159102749551e-62
"Plac8",1.03684922072248e-65,2.34763209865284,0.742,0.298,1.40399752978032e-61
"Slfn1",1.15046633991197e-65,2.79081181635763,0.677,0.193,1.5578464708748e-61
"Pyhin1",6.3416473069044e-65,2.7512815232543,0.661,0.158,8.58722461827924e-61
"Isg15",2.13905007036191e-63,3.63023952397965,0.569,0.066,2.89648770027706e-59
"Igtp",2.68617206912918e-62,2.44665013324355,0.669,0.16,3.63734559880782e-58
"Gm4955",9.36850540004076e-60,2.63077399279269,0.643,0.163,1.26858931621952e-55
"Shisa5",1.35692168499861e-53,1.00043369036923,0.965,0.83,1.83740765365662e-49
"Gm11410",5.99033479960587e-53,-0.739536908924851,0.962,0.995,8.1115123521463e-49
"Ms4a4c",1.55734051457883e-52,2.3305954433017,0.627,0.176,2.1087947907912e-48
"H2-K1",2.5895698845843e-51,0.885513332611466,0.973,0.873,3.5065365807156e-47
"Zbp1",4.86131467346239e-51,3.25750727324826,0.504,0.064,6.58270619933542e-47
"Oasl2",2.90707790750438e-50,4.18791132502939,0.458,0.036,3.93647419455169e-46
"Isg20",4.06104630060646e-50,3.8241279536945,0.479,0.053,5.49906279565121e-46
"Samhd1",1.63419338257627e-49,2.14217866464797,0.681,0.265,2.21286125934652e-45
"Pydc3",2.44594683549112e-49,2.84389812209344,0.53,0.094,3.31205660993852e-45
"Ms4a6b",3.32266194272368e-49,1.47935845559479,0.796,0.425,4.49921653664214e-45
"Trim30a",8.44649461178604e-49,2.46455338057243,0.611,0.186,1.14373983538195e-44
"Usp18",3.05044287985294e-47,3.62112746192265,0.452,0.041,4.13060470360887e-43
"Ifi47",1.26590438224911e-46,1.93693069176783,0.691,0.29,1.71416112400352e-42
"Mndal",1.58544296553109e-46,2.57023725743115,0.592,0.198,2.14684831962565e-42
"H2-T23",2.97995310291593e-46,1.95604677887054,0.685,0.313,4.03515449665846e-42
"Slfn8",4.48563392017824e-43,2.99362189132553,0.458,0.071,6.07399689131335e-39
"Gbp2",7.3440978701687e-43,2.80339953134017,0.5,0.099,9.94464292599544e-39
"Ifi203",1.86864973910287e-42,1.96228038957958,0.637,0.26,2.5303386117192e-38
"Gm8730",2.42564996901125e-41,-0.671634717402026,0.943,0.995,3.28457262303814e-37
"Iigp1",3.56744302909604e-41,4.13365704880816,0.395,0.028,4.83067460569894e-37
"Tmsb4x",4.79134803751667e-40,-0.529635737586866,0.996,0.997,6.48796437760133e-36
"H2-T22",2.45402257398938e-38,1.81159558148848,0.602,0.224,3.32299196743903e-34
"Rsad2",6.53120212135138e-38,4.01667608811294,0.392,0.048,8.84390079252191e-34
"Ly6e",9.00505283856497e-35,0.910566503387684,0.907,0.751,1.21937420487008e-30
"Rtp4",1.00493050333454e-34,2.66585806670443,0.422,0.076,1.3607763945653e-30
"Gm7079",1.05765911211959e-34,-0.949643795221856,0.669,0.847,1.43217620372114e-30
"I830012O16Rik",1.53530282708273e-34,4.18813710368101,0.339,0.023,2.07895355815272e-30
"Gm10925",2.56659590402205e-34,-0.426047087928202,1,1,3.47542751363625e-30
"1500012F01Rik",4.23736104104731e-33,1.9055214385661,0.554,0.219,5.73781058568216e-29
"Ifit2",7.76505811946505e-33,2.94217883229329,0.379,0.056,1.05146651995676e-28
"Gm4902",4.79539597807448e-32,2.64380390371777,0.41,0.087,6.49344569391066e-28
"Xaf1",1.02855562006627e-31,2.74818251271667,0.377,0.061,1.39276716513174e-27
"Smchd1",1.04560342587215e-31,2.25319281055116,0.441,0.112,1.41585159897348e-27
"Daxx",3.81152719492239e-31,2.51765225834727,0.419,0.099,5.16118897464441e-27
"Alb",3.19351779168584e-30,-11.37110085808,0,0.102,4.3243424417218e-26
"Samd9l",4.29105908703651e-30,2.09561185739654,0.468,0.135,5.81052310975614e-26
"Actb",7.37506953735521e-30,-0.394845818605504,0.999,0.997,9.98658166053269e-26
"Parp9",1.0158647560035e-29,2.6099635985894,0.378,0.074,1.37558246610433e-25
"Gbp4",1.92912764110182e-28,2.25844372761107,0.382,0.081,2.61223173881598e-24
"Lgals3bp",2.73983511925678e-28,1.86903380401071,0.463,0.15,3.7100107349856e-24
"Mx1",4.56119248304631e-28,4.56970820683616,0.285,0.02,6.17631074129301e-24
"Pydc4",4.9033636636872e-27,2.97963203123991,0.317,0.043,6.63964473699883e-23
"Irgm1",1.62620121690522e-26,1.8609201200228,0.453,0.153,2.20203906781136e-22
"2410006H16Rik",3.18292421746012e-26,1.59379397085462,0.51,0.204,4.30999768286275e-22
"Gbp7",5.7394158449933e-26,2.00483642888432,0.407,0.115,7.77174299570542e-22
"Cmpk2",7.99122237161586e-26,3.88445371153932,0.283,0.031,1.0820914213405e-21
"Dtx3l",1.60905023506431e-25,1.42698023180294,0.473,0.168,2.17881492330058e-21
"Slfn5",2.93541087209737e-25,5.10695005595989,0.248,0.01,3.97483986190705e-21
"H2-D1",3.70257478363783e-25,0.651023268483901,0.936,0.84,5.01365651452399e-21
"Oasl1",4.78701596983616e-25,4.11559242533226,0.26,0.018,6.48209832475514e-21
"Herc6",1.29217330748233e-24,2.71706196519386,0.297,0.041,1.74973187566182e-20
"Ifih1",3.54438007119795e-24,4.79693069870091,0.243,0.013,4.79944505440915e-20
"Rpsa",3.90317057288236e-24,-0.502757862070552,0.95,0.964,5.28528327274e-20
"P2ry13",4.54945979331184e-24,-4.70528054025057,0.007,0.109,6.16042350612356e-20
"Apoa2",1.13904388104018e-23,-10.2038439475245,0,0.079,1.54237931931651e-19
"Irgm2",1.41657662041453e-23,2.95140344833563,0.296,0.048,1.91818640170331e-19
"BC094916",3.14920713979771e-23,2.12955168019137,0.393,0.125,4.26434138800008e-19
"Gm7331",3.26230836908468e-23,-1.09308109361725,0.903,0.944,4.41749176257757e-19
"Tapbp",7.02196330654625e-23,1.31273918537367,0.603,0.328,9.50844051339427e-19
"Rps8",8.78381120093466e-23,-0.540054807737064,0.919,0.962,1.18941587471856e-18
"Stat2",2.68411218584474e-22,2.83121371005376,0.282,0.046,3.63455631085237e-18
"Ifi44",3.83065266654958e-22,6.12485777909614,0.212,0.005,5.18708677577478e-18
"Gm6030",1.01200534179687e-21,-0.630521316104747,0.828,0.908,1.37035643332715e-17
"Gm6907",1.29911570783027e-21,2.83447508778591,0.275,0.046,1.75913257997296e-17
"Rpl8",1.71446697099095e-21,-0.52915316339179,0.983,0.995,2.32155972541885e-17
"Psmb8",6.19395170832417e-21,0.922533822175668,0.747,0.514,8.38723000824176e-17
"Gm12250",6.47606102984649e-21,2.39899523881423,0.314,0.076,8.76923424051513e-17
"Igfbp4",9.9850887994885e-21,-1.77617444997497,0.098,0.282,1.35208087433874e-16
"Rplp2-ps1",1.10055695492985e-20,-0.47488836600777,0.93,0.977,1.49026417267051e-16
"Gm13339",1.17095312457527e-20,-0.613160051959893,0.822,0.911,1.58558762598737e-16
"Ddx58",1.18605348354773e-20,1.8027758474913,0.354,0.102,1.60603502207198e-16
"Rac2",1.26375757790411e-20,-0.814603345679714,0.744,0.863,1.71125413623996e-16
"Trafd1",1.75242892804054e-20,3.0434095116311,0.266,0.046,2.3729640114597e-16
"Sp100",1.95942703859398e-20,1.07403272203858,0.609,0.341,2.6532601529601e-16
"Gbp9",3.28952875652554e-20,2.32477105918852,0.303,0.071,4.45435088921123e-16
"Pml",3.66557089977995e-20,2.06483598426724,0.336,0.097,4.96354955539204e-16
"Oas2",7.13996022612114e-20,4.42587685877536,0.208,0.013,9.66822014219063e-16
"Gm13408",8.12168752510715e-20,-0.51394868312022,0.886,0.957,1.09975770777476e-15
"Slfn2",8.94709203963749e-20,1.42121577679559,0.455,0.198,1.21152573308731e-15
"Psme1",1.02178873270615e-19,0.889090379252814,0.712,0.461,1.3836041229574e-15
"Apoe",1.9302821599187e-19,-4.17193194690578,0.013,0.109,2.61379507274591e-15
"Gas5",1.94819193825215e-19,0.930228236597428,0.691,0.461,2.63804670358723e-15
"H2-Q7",2.27579517627172e-19,1.01972914762699,0.649,0.42,3.08165424818954e-15
"Basp1",3.04580500415267e-19,-3.31475629960865,0.012,0.107,4.12432455612313e-15
"Ms4a4b",4.31800212431443e-19,0.711132258881869,0.877,0.715,5.84700667653417e-15
"Rps27a",5.21099679674954e-19,-0.736377745656084,0.636,0.781,7.05621076247856e-15
"Gm15500",1.12255367544591e-18,-0.48671930465895,0.919,0.964,1.52004993192131e-14
"Gm14586",1.81291898308509e-18,-0.731657406473313,0.605,0.776,2.45487359499552e-14
"Cd52",4.51012892712551e-18,-0.545618809522424,0.896,0.949,6.10716558022066e-14
"Znfx1",6.19815649999532e-18,2.77733071662931,0.243,0.043,8.39292371664367e-14
"Rpl13",6.25709611186455e-18,-0.408060139830268,0.948,0.964,8.47273384507579e-14
"Ahsg",6.86146657977827e-18,-9.74909256584325,0,0.059,9.29111189567776e-14
"BC006779",9.00468102377978e-18,2.71772295932869,0.246,0.048,1.21932385743002e-13
"Oas3",1.22430661288687e-17,2.06757191580013,0.283,0.071,1.65783358451011e-13
"Nt5c3",1.35225100160544e-17,2.44014984166839,0.267,0.066,1.83108308127393e-13
"Rnf114",1.44193233735306e-17,1.44794020038125,0.429,0.193,1.95252057800978e-13
"Tap1",1.78536259714088e-17,1.33013009469982,0.446,0.206,2.41755949278846e-13
"Rps28",2.42433311863978e-17,-0.45205436031413,0.922,0.959,3.28278947595013e-13
"Gm15710",3.40002814249363e-17,-0.399760537523911,0.956,0.972,4.60397810775063e-13
"Oas1a",3.53794283443059e-17,4.28139191904963,0.187,0.015,4.79072839210246e-13
"Rplp0",4.35347879041167e-17,-0.386645018361366,0.975,0.997,5.89504563009644e-13
"Ddx60",4.59679799978332e-17,2.29286134358264,0.245,0.051,6.22452417150659e-13
"Vim",5.53208953196828e-17,-1.3075635696188,0.242,0.435,7.49100243523825e-13
"Rpl10a-ps1",1.10873343516002e-16,-0.640744519625977,0.713,0.817,1.50133594455018e-12
"Gbp6",1.1674529808808e-16,2.0833089687845,0.251,0.056,1.58084808141069e-12
"Ifi35",1.760743640436e-16,2.12142647352513,0.289,0.087,2.38422296351439e-12
"Itm2b",3.36379220590571e-16,0.873001393774833,0.689,0.501,4.55491102601692e-12
"Ctss",6.64585225771526e-16,1.22355106411642,0.501,0.275,8.99914854217224e-12
"Tgtp1",8.21750795315177e-16,1.76709337572364,0.278,0.079,1.11273275193628e-11
"Trf",1.22387309482746e-15,-5.94734306586418,0.002,0.061,1.65724655770586e-11
"Pabpc1",1.69110808852631e-15,-0.623122873309479,0.724,0.84,2.28992946267348e-11
"H2-Q6",2.19446713200171e-15,1.51461286525788,0.359,0.15,2.97152794344352e-11
"Parp14",4.29124801655014e-15,1.60433863770166,0.353,0.148,5.81077893921054e-11
"Hspa8",5.29075142815351e-15,0.599956150746471,0.863,0.733,7.16420650886267e-11
"Tor3a",1.02702104831416e-14,3.37206519253077,0.175,0.02,1.39068920152221e-10
"AW112010",1.84805613378277e-14,0.816815843613174,0.653,0.44,2.50245281075525e-10
"Rpl23",3.42960613859519e-14,-0.362252355211242,0.95,0.98,4.64402967227175e-10
"Mx2",5.47565841914036e-14,8.92368617969963,0.13,0,7.41458906535796e-10
"Tmbim6",6.45234726347923e-14,1.08870710373692,0.468,0.26,8.73712342947722e-10
"Thy1",7.82717569641667e-14,-0.755339006473654,0.543,0.705,1.05987786105178e-09
"Ncoa7",1.10213285883082e-13,3.14650971986405,0.165,0.02,1.49239810414281e-09
"Dhx58",1.13656267304923e-13,2.58282373267058,0.176,0.025,1.53901951557597e-09
"Rps10",1.35077618999027e-13,-0.315986672209842,0.963,0.982,1.82908603886582e-09
"Rps19",1.5875182688399e-13,-0.32507478844557,0.98,0.997,2.1496584878361e-09
"Psmb9",2.10079830819631e-13,1.07087064290212,0.467,0.252,2.84469098912862e-09
"Il2rg",2.6869756830002e-13,0.807425421200337,0.684,0.499,3.63843377235057e-09
"Etnk1",2.85135910861599e-13,1.63499515076493,0.295,0.112,3.86102536897692e-09
"Irf9",3.0327922644508e-13,1.94649495822862,0.296,0.12,4.10670400529283e-09
"Rps3a",3.0952821292865e-13,-0.404112823173438,0.908,0.972,4.19132153126685e-09
"Rps24-ps3",4.46377087079303e-13,-0.51065218845183,0.832,0.87,6.04439213614084e-09
"Gbp10",4.54018038425101e-13,3.24750550514691,0.159,0.02,6.1478582583143e-09
"1600014C10Rik",6.91339302794566e-13,1.74955296936567,0.254,0.084,9.36142549914122e-09
"Rpl36a-ps1",1.12437665668601e-12,-0.492557031269132,0.663,0.802,1.52251843081853e-08
"Parp12",1.20937882263126e-12,4.1474235318634,0.137,0.01,1.63761986372498e-08
"Gm14303",1.22466443917953e-12,-0.486994785923345,0.745,0.85,1.658318117093e-08
"Trim30d",1.86860502162093e-12,1.82401090594927,0.195,0.043,2.5302780597769e-08
"Eif2ak2",2.07082794802505e-12,2.91384054483633,0.159,0.023,2.80410812442072e-08
"Eef1b2",2.21860787746597e-12,-0.364148251563114,0.899,0.954,3.00421692687667e-08
"Eef2",3.00183259896875e-12,-0.527378837232473,0.842,0.873,4.06478152226359e-08
"Ifi27l1",3.06894289041511e-12,-1.73385194701204,0.03,0.12,4.1556555679111e-08
"Ncf2",3.23043632102392e-12,-3.17470158658256,0.01,0.074,4.37433382229848e-08
"AC113316.1",4.92203391845636e-12,0.537568704593986,0.987,0.975,6.66492612898175e-08
"Npc2",5.51379328329821e-12,0.780624999310194,0.606,0.422,7.4662274849141e-08
"Rps2",7.36811269212375e-12,-0.408233290586509,0.893,0.934,9.97716139640478e-08
"Gm7363",7.56775616494e-12,-0.406545270268439,0.906,0.947,1.02474986229452e-07
"Rps3",8.02067548651988e-12,-0.302336800809189,0.985,0.987,1.08607966762966e-07
"Sp110",9.73013557020835e-12,1.19419873210574,0.38,0.196,1.31755765756191e-07
"Ube2l6",9.86936086449923e-12,6.3382928652219,0.113,0.003,1.33641015466184e-07
"Nmi",1.07777867662216e-11,1.23535351825956,0.304,0.125,1.45942010601407e-07
"Uba7",1.2765538455956e-11,1.67664258521463,0.244,0.084,1.728581562321e-07
"9930111J21Rik2",1.36723436350339e-11,1.73797106484665,0.237,0.081,1.85137205161994e-07
"Psmb10",1.87490350832224e-11,1.03175335567977,0.452,0.27,2.53880684061915e-07
"Cxcl10",2.55286000378407e-11,3.17274480747806,0.154,0.028,3.45682773112401e-07
"Rpl13a",2.80669128465504e-11,-0.259546806657967,0.997,1,3.80054066855139e-07
"Trim30c",3.52128866227864e-11,2.77823187354574,0.15,0.025,4.76817697759151e-07
"Nhp2",3.94975978626305e-11,-1.52221159622717,0.122,0.254,5.3483697265788e-07
"Gm13532",4.50479536189145e-11,-0.825329744195653,0.399,0.547,6.09994339953721e-07
"Gm13226",4.7202798000971e-11,-0.793078424663741,0.415,0.56,6.39173087731148e-07
"Tbrg1",5.025140534184e-11,1.60093589939884,0.296,0.132,6.80454279733856e-07
"Gm7290",5.20729425185262e-11,-0.703655758449735,0.446,0.595,7.05119714643363e-07
"Gm13436",5.66007568288441e-11,-0.436975897584641,0.808,0.868,7.66430848219377e-07
"Gm8369",7.58999895158415e-11,1.93055420961756,0.158,0.031,1.02776175803401e-06
"Amica1",7.60591271361205e-11,1.63376279459205,0.236,0.084,1.02991664055021e-06
"Gm8759",8.17301430858126e-11,-0.498366620684318,0.748,0.809,1.10670786752499e-06
"Usp25",8.30741396600024e-11,1.50870013253721,0.274,0.117,1.12490692513609e-06
"Tor1aip2",8.35973520789924e-11,1.71532015564577,0.196,0.056,1.13199174450164e-06
"Adar",9.75660869851665e-11,1.71660974700514,0.229,0.079,1.32114238386614e-06
"Gm12185",1.41913455577685e-10,3.58222125354763,0.126,0.015,1.92165010197743e-06
"Rpsa-ps10",1.7029128516722e-10,-0.310031943819444,0.94,0.954,2.30591429244932e-06
"mmu-mir-703",2.07297807826826e-10,-0.210715907510256,0.999,1,2.80701961578305e-06
"SNORD79",2.12649829033368e-10,1.08886639029222,0.383,0.216,2.87949133494083e-06
"Gzma",2.24145897838431e-10,4.87151686583011,0.105,0.005,3.0351596026302e-06
"Gm2000",2.76727237854113e-10,-0.529151761692545,0.703,0.771,3.74716352778255e-06
"Gm11361",2.79005267199652e-10,-0.332031825019132,0.907,0.962,3.77801032315048e-06
"Cd53",3.18866990731907e-10,0.674314988781607,0.617,0.438,4.31777792150075e-06
"Gm10269",3.54454791962683e-10,-0.637437584644962,0.445,0.59,4.79967233796669e-06
"Phf11",3.74095767349235e-10,3.43398634143461,0.122,0.015,5.06563078567599e-06
"Rps19-ps7",4.33219580035571e-10,-0.502799324200886,0.715,0.807,5.86622633326166e-06
"Hspa5",4.98255312512852e-10,1.13147989341576,0.414,0.239,6.74687518673654e-06
"Cfl1",4.99547874592154e-10,-0.469230764066606,0.792,0.837,6.76437776985235e-06
"Crip1",5.63921427733537e-10,-1.25819058581344,0.185,0.313,7.63606005293982e-06
"Slco3a1",5.81119507067243e-10,1.97387644901619,0.169,0.043,7.86893924519754e-06
"Tlr7",6.52983249266817e-10,2.96103667247444,0.121,0.015,8.84204617832197e-06
"Trim21",6.91624855575039e-10,2.13265276530016,0.162,0.041,9.3652921693416e-06
"Gm10059",7.16493421721333e-10,-0.494982120884183,0.632,0.756,9.70203742352858e-06
"Gbp8",8.46672214267226e-10,2.51605435201026,0.157,0.038,1.14647884533925e-05
"Rpl10",9.26306524386108e-10,-0.448077703483521,0.806,0.85,1.25431166467123e-05
"Mycbp2",9.50139079214754e-10,1.07146257391274,0.352,0.188,1.2865833271647e-05
"Rps16",1.17323372326045e-09,-0.424224022217656,0.837,0.893,1.58867578466698e-05
"Gm9000",1.21307312713175e-09,-0.4719721646175,0.629,0.735,1.6426223214491e-05
"Nlrc5",1.2178827400092e-09,1.27832670426003,0.252,0.104,1.64913501824646e-05
"Gm15459",1.35092348074972e-09,0.785025250476118,0.48,0.313,1.8292854852832e-05
"Rplp2",1.57805472293037e-09,-0.301829814609671,0.969,0.99,2.13684390032002e-05
"Tgtp2",1.71940944178374e-09,1.84816841960255,0.168,0.046,2.32825232511936e-05
"Acadl",1.76988804281831e-09,1.87870391428853,0.177,0.053,2.39660539878027e-05
"Trim12c",1.83017322929631e-09,1.46315695888289,0.184,0.056,2.47823756979013e-05
"AW011738",1.87038402824858e-09,3.43585168236034,0.106,0.01,2.5326870126514e-05
"Gm10119",2.19164434896232e-09,-0.473641830053055,0.63,0.748,2.96770561292988e-05
"Gm11478",2.20040176126872e-09,-0.384552631281267,0.875,0.921,2.97956402493397e-05
"Rps4x",2.21899044159641e-09,-0.322907048332943,0.932,0.957,3.0047349569657e-05
"Irf1",2.61920569656616e-09,0.944497265336398,0.349,0.183,3.54666643372024e-05
"D17H6S56E-5",2.71496286415312e-09,2.22432809816437,0.155,0.041,3.67633121434974e-05
"Psma2",3.20442674801206e-09,0.906989099377408,0.395,0.226,4.33911425948313e-05
"Nme2",3.33837719678866e-09,-0.717975678120672,0.411,0.547,4.52049656217152e-05
"Zcchc11",3.34333635277886e-09,1.06376533592624,0.286,0.135,4.52721175529785e-05
"Apobec3",3.73573150770062e-09,1.11976577008558,0.296,0.142,5.05855403457741e-05
"Snord12",4.71515800690819e-09,2.0726128238838,0.141,0.033,6.38479545715438e-05
"Gm1966",4.89026835068093e-09,2.34338465036218,0.137,0.031,6.62191237365705e-05
"Phip",5.11947688151261e-09,1.36103759557428,0.218,0.084,6.93228364525622e-05
"Gzmb",5.27186613618e-09,5.05954525454995,0.087,0.003,7.13863393500134e-05
"Ifitm3",5.59815554243388e-09,2.64543003307475,0.139,0.033,7.58046242000972e-05
"Sp140",6.66596472275927e-09,1.85428393014772,0.16,0.046,9.02638283108832e-05
"Dusp2",6.78888732928176e-09,-1.59499697568124,0.095,0.198,9.19283233258043e-05
"Mrpl30",6.90642792231144e-09,0.948168649784632,0.343,0.188,9.35199404960192e-05
"Malat1",7.62880252716269e-09,0.618428237666139,0.76,0.608,0.00010330161502031
"H2-M3",1.3688321160361e-08,2.64483632792776,0.131,0.031,0.000185353556832449
"Rps18",1.41643321530103e-08,-0.247154712875805,0.983,0.987,0.000191799221683912
"Gbp3",1.67414681623252e-08,2.96679233446785,0.11,0.018,0.000226696220386045
"Rplp1",1.78003601357018e-08,-0.233852978294524,0.99,1,0.000241034676597539
"Rps20",2.00024903454379e-08,-0.223693996574964,0.988,1,0.000270853721767575
"Tmsb10",2.35731780675633e-08,-0.329397174824725,0.848,0.908,0.000319204404212875
"Rps19-ps3",2.6326800978787e-08,-0.542473058570079,0.51,0.646,0.000356491212053755
"Dtx1",2.7680150037484e-08,0.966782772558619,0.307,0.163,0.000374816911657571
"Tmem184b",3.27836019754929e-08,7.77412500573102,0.073,0,0.00044392275435015
"Eef1g",4.17245509418265e-08,-0.598132245735019,0.598,0.682,0.000564992144303273
"Rbl1",4.26291135239557e-08,2.44841252961387,0.107,0.018,0.000577240826227884
"2410004N09Rik",4.43654511017106e-08,1.53819479737451,0.211,0.089,0.000600752573368263
"Xpo1",4.535772204771e-08,1.31954156527948,0.211,0.087,0.000614188914248042
"Rps16-ps2",4.72385860173689e-08,-0.540840042273936,0.578,0.674,0.000639657693261192
"Gm15430",4.86892529425298e-08,-0.297944826958589,0.895,0.931,0.000659301174094796
"Gm10186",5.11523130584716e-08,-0.344766648750126,0.825,0.878,0.000692653471124764
"Gm16053",5.26099396417481e-08,-1.02226863525378,0.129,0.239,0.000712391192688911
"1190002H23Rik",5.57428677968179e-08,-1.57381228924036,0.062,0.145,0.000754814172836711
"Gm9844",5.67545803505339e-08,-0.554337681127361,0.495,0.606,0.000768513772526579
"Rpl28-ps3",5.90383447071467e-08,-0.402286032853941,0.712,0.812,0.000799438225679473
"Rpl35",6.41935879038994e-08,-0.383521931516159,0.734,0.814,0.000869245373806702
"Rps26",7.1389527781343e-08,-0.311946774111136,0.89,0.947,0.000966685595687165
"Gm10136",7.28984684533907e-08,-0.485566737965687,0.625,0.695,0.000987118161327364
"Il18bp",8.081162046156e-08,8.02512760836528,0.069,0,0.00109427015266998
"Sdc3",8.97195874229374e-08,2.54366374231368,0.085,0.008,0.00121489293329399
"Rpl21-ps8",9.5498182261457e-08,-0.435532707371248,0.691,0.784,0.00129314088600239
"Cxcr4",9.68566576107171e-08,-1.26689232975735,0.053,0.132,0.00131153600070672
"Eif3m",9.73808480183537e-08,0.929183912081689,0.342,0.204,0.00131863406301653
"Rpl4",9.7382926922053e-08,-0.234644065791967,0.979,0.99,0.00131866221345152
"Treml2",1.02048508814115e-07,0.897014881471933,0.273,0.137,0.00138183885785193
"Rpl35a",1.10300751992282e-07,-0.306837044598909,0.876,0.893,0.0014935824827275
"Gm16288",1.20640799725906e-07,-0.921294294875018,0.181,0.298,0.00163359706908849
"Rps21",1.29844759881156e-07,-0.234896779807259,0.987,0.995,0.00175822789355074
"Lgals8",1.46446281442435e-07,3.1020636138694,0.087,0.01,0.00198302909701201
"Pdcd4",1.48919623346279e-07,-0.704567379707388,0.291,0.417,0.00201652061973196
"Arrb2",1.53036216519275e-07,-1.32037051490587,0.084,0.173,0.00207226340788751
"Ubc",1.77218538969564e-07,0.520764831920474,0.502,0.349,0.00239971623618686
"Clic4",1.79115704730886e-07,1.85519140000169,0.121,0.031,0.00242540575776093
"AI662270",1.84956423306652e-07,1.38340670652554,0.193,0.081,0.00250449492799538
"H2-T10",1.8820362646244e-07,1.36323249871811,0.153,0.051,0.00254846530592789
"Rpl10a",2.79161747860171e-07,-0.448000011556311,0.603,0.705,0.00378012922777457
"Gm16247",3.06535064437663e-07,-0.262559159072864,0.901,0.944,0.00415079130755039
"Lcp1",3.38402516847331e-07,-0.572195773919494,0.478,0.583,0.00458230848062971
"Cd274",3.41570416292809e-07,2.05816011786987,0.129,0.038,0.00462520500702092
"Ddit4",3.51757094172519e-07,-1.66423110772781,0.037,0.102,0.00476314281219008
"Gm11353",3.89149381360223e-07,-0.698613757539741,0.277,0.399,0.00526947177299878
"Cnn2",3.93019210907358e-07,-0.497425164642662,0.561,0.654,0.00532187313489654
"Nampt",3.9850886464335e-07,2.22483354252416,0.118,0.031,0.00539620853613561
"Ascc3",4.38343719034005e-07,1.58847194648195,0.13,0.038,0.00593561229943946
"Gm14456",4.39045538697657e-07,-0.211550559518175,0.986,0.992,0.00594511563950497
"Ms4a6d",4.67066951208573e-07,2.90169438672014,0.095,0.018,0.00632455358631528
"Cd47",4.78895226162163e-07,0.612333934847837,0.481,0.333,0.00648472025746185
"Ogfrl1",4.92644501004152e-07,4.30512969189513,0.072,0.005,0.00667089918809723
"Snord49b",5.21679069784363e-07,1.74554899077886,0.128,0.038,0.00706405628395006
"D17Wsu92e",5.46716905314949e-07,1.25032027650491,0.166,0.064,0.00740309361486973
"Fam26f",5.55809041279239e-07,1.44390597259141,0.141,0.046,0.00752621022796217
"Gm5244",6.09731320688072e-07,-0.270988065676942,0.931,0.964,0.00825637181343719
"Psme2b-ps",6.30871308882497e-07,0.645523596956965,0.465,0.321,0.0085426283935779
"Gm13048",6.55482137824514e-07,-0.21801313636499,0.974,0.99,0.00887588362828175
"AC119211.1",7.02701862369627e-07,-0.551204334343307,0.54,0.644,0.00951528591834712
"Hcst",7.24248894039284e-07,-0.800681976884707,0.297,0.415,0.00980705427418595
"Myh9",7.28195695703032e-07,-0.580650549810699,0.532,0.644,0.00986049791551476
"Rps27",7.52892707943926e-07,-0.594124314362226,0.445,0.552,0.0101949201582687
"Rps15",7.6748126338451e-07,-0.25080269014968,0.956,0.99,0.0103924637874897
"Mov10",7.86771361995933e-07,1.35344044583026,0.141,0.048,0.0106536710127869
"Gm15772",8.12383155781423e-07,-0.391363778753216,0.71,0.789,0.0110004803124362
"Arf4",8.93647917389684e-07,1.43003923668097,0.188,0.084,0.0121008864493737
"Arhgdib",9.0173492129237e-07,-0.421942662481888,0.683,0.786,0.01221039256922
"Ppib",9.14488790077107e-07,-0.778361041475484,0.288,0.399,0.0123830927064341
"Ubb",9.28454468514304e-07,0.369558832038944,0.776,0.667,0.0125722019581522
"Trim25",9.49703000661149e-07,1.36253560161068,0.215,0.104,0.0128599283319526
"Tspo",9.58284605646333e-07,0.764563712569373,0.41,0.275,0.012976131845057
"Id3",1.00457143373296e-06,-1.34485645044964,0.062,0.137,0.0136029017841781
"Snord35a",1.00544472808911e-06,-0.338387596253257,0.776,0.842,0.0136147270630547
"Zufsp",1.04531984041648e-06,2.60561156229706,0.092,0.018,0.0141546759590795
"Rpl32",1.07738979658841e-06,-0.213095787495789,0.985,0.997,0.0145889352356037
"Gnb2l1",1.10606099373244e-06,-0.234858992701207,0.97,0.977,0.014977171916131
"Oas1g",1.17313432989814e-06,4.19226720079355,0.063,0.003,0.0158854119611507
"Ms4a6c",1.20881878832797e-06,2.99107747233598,0.082,0.013,0.0163686152127491
"Rnf8",1.39938903181471e-06,1.4337991525515,0.15,0.056,0.018949126879803
"Casp8",1.42714818285014e-06,0.96458700320571,0.227,0.115,0.0193250135439737
"Gm13192",1.47294811819743e-06,-0.470488963682901,0.558,0.654,0.0199451904685114
"Tnfsf10",1.57506423844864e-06,2.35926950608828,0.098,0.023,0.021327944852833
"Ptpn7",1.58838801015074e-06,-1.35690620111284,0.065,0.14,0.0215083620454512
"Itk",1.6164277933084e-06,0.891446745768496,0.32,0.193,0.0218880487491891
"Gm9846",1.66039425854256e-06,-0.541037026132615,0.494,0.595,0.0224833986549248
"Cd69",1.79752012088125e-06,1.09686246153254,0.175,0.076,0.0243402199568531
"Gm7722",1.97741232282105e-06,-1.60837285782483,0.049,0.115,0.0267761402633199
"H3f3b",2.20783394424159e-06,0.582241008240231,0.51,0.374,0.0298962794389753
"Nop10",2.29827986155228e-06,-0.916253066556852,0.159,0.257,0.0311210076052795
"Gm12471",2.37637863731257e-06,-0.988926291312167,0.145,0.242,0.0321785431278494
"Anxa6",2.54439964850818e-06,-0.694672781029591,0.259,0.369,0.0344537156404493
"Hk1",2.61436434773763e-06,1.85632725468867,0.143,0.056,0.0354011076327153
"Prkcb",2.61659220753338e-06,-1.12117944088953,0.081,0.16,0.0354312750822095
"Iqgap1",2.6906501492317e-06,-0.980110949628029,0.2,0.3,0.0364340936707465
"Keap1",2.86605550027757e-06,0.891918843530233,0.171,0.071,0.0388092575292586
"Rpl7",3.66374179751288e-06,-0.276387592081509,0.861,0.896,0.0496107276801219
"Parp10",3.6753079782149e-06,1.64345694994339,0.153,0.064,0.049767345333008
"Rps15-ps2",3.94384752051676e-06,-0.904840504322854,0.175,0.27,0.0534036392753174
"Gm10443",4.028232418102e-06,-0.42962120260719,0.586,0.695,0.0545462951735191
"Epsti1",4.1725879749711e-06,0.7934458371402,0.26,0.145,0.0565010137690837
"Rps10-ps1",4.2915967859992e-06,-0.260969807145688,0.872,0.941,0.0581125120792152
"Gclm",4.52025338630503e-06,-1.95926305046758,0.023,0.071,0.0612087511039564
"Gm11942",4.71313243752605e-06,-0.203413482472633,0.964,0.972,0.0638205263365402
"Ogfr",4.80424761454365e-06,1.21841157169297,0.165,0.071,0.0650543169485356
"Rpl31",4.8356928624878e-06,-0.435661631910637,0.582,0.672,0.0654801170509473
"Emp3",4.87602719965967e-06,-0.968915775618174,0.221,0.321,0.0660262843105916
"Ddx24",4.99133047800474e-06,0.863571455679643,0.237,0.13,0.0675876060026622
"Cotl1",5.00012078149847e-06,-0.683188184472592,0.351,0.455,0.0677066355022708
"Cd2",5.01576372454856e-06,0.65324087722216,0.441,0.313,0.0679184565941121
"Trim34a",5.08489013009881e-06,1.35103587387215,0.137,0.051,0.068854497251668
"SNORD24",5.15499700246758e-06,0.962178621574857,0.208,0.104,0.0698038144104134
"Morc3",5.42530182692626e-06,0.883733800520511,0.137,0.051,0.0734640120384085
"Tcof1",5.94520855632994e-06,0.746590944110968,0.281,0.163,0.0805040690612637
"Itgae",6.4898151329613e-06,-1.79083513727472,0.031,0.084,0.0878785867154289
"Gm7658",6.58689987728114e-06,0.883865818863609,0.278,0.165,0.0891932112382639
"Gm9294",6.64951694463009e-06,-0.827810746570485,0.274,0.369,0.0900411089472361
"Rpl21",7.21714021541504e-06,-0.446256817832796,0.573,0.669,0.0977272956569351
"Arrdc3",7.45845472190526e-06,3.30985402988057,0.065,0.008,0.100994935389319
"Lars2",7.86517924632977e-06,0.565690730120203,0.427,0.298,0.106502392174551
"Lgals1",8.16341663986225e-06,-1.42867328643586,0.065,0.135,0.110540824720375
"Nkg7",8.42322280825934e-06,-0.478006000432702,0.37,0.501,0.11405886004664
"Capza2",8.94816189364612e-06,0.830205610998319,0.224,0.12,0.121167060201862
"Rpl23a-ps3",1.04255477955975e-05,-0.667241340913131,0.28,0.377,0.141172342700185
"Stat3",1.06349104814845e-05,1.00031059814872,0.212,0.112,0.144007322829782
"Rpsa-ps11",1.16120282301078e-05,-0.86769233526787,0.153,0.244,0.15723847426389
"Pla2g16",1.23921814653087e-05,0.817204525372359,0.212,0.112,0.167802529221745
"Arhgef1",1.38372170440667e-05,-0.670026215064776,0.331,0.43,0.187369755993707
"Ppp1r14b",1.44426943482689e-05,-1.34191157976748,0.088,0.16,0.195568524169909
"Lgals9",1.47847391959715e-05,0.661052294625742,0.345,0.229,0.20020015345265
"Gm10275",1.55014027410173e-05,-0.367865338215635,0.607,0.705,0.209904494516115
"Rpl22l1",1.59679477312041e-05,-0.413083010462566,0.51,0.608,0.216221980228235
"Nmt2",1.6421379619911e-05,-2.01054069016675,0.019,0.061,0.222361901433215
"Asb13",1.65824346745793e-05,2.26806418632725,0.083,0.02,0.224542747928478
"Ccrl2",1.75666499465961e-05,3.74148958371019,0.056,0.005,0.237870006926858
"Chmp4b",1.77088287228635e-05,0.774000855965258,0.237,0.132,0.239795249736295
"Pccb",1.78862321519938e-05,-1.06182522179886,0.173,0.257,0.242197469570148
"Rpl34",1.8338492674492e-05,-0.218436323579692,0.964,0.982,0.248321529305296
"Utrn",1.83421118596925e-05,1.01364028273358,0.245,0.145,0.248370536692096
"Ahnak",1.90224172488831e-05,-2.23721507088215,0.024,0.069,0.257582551967127
"Psme2",2.14000852901974e-05,0.469676257449049,0.476,0.333,0.289778554914564
"Flna",2.19993951787841e-05,-1.13427531919207,0.135,0.216,0.297893810115915
"Setdb2",2.28784626859351e-05,2.79026372456429,0.069,0.013,0.309797263230247
"Gm13341",2.4407040652695e-05,-0.666783915517955,0.276,0.369,0.330495737478143
"Sh3bgrl3",2.71588003666305e-05,-0.448321323836688,0.468,0.557,0.367757315764544
"Dusp28",2.76075688025538e-05,2.52557831460182,0.059,0.008,0.373834089155381
"Cd86",2.99055930670365e-05,1.85198755285055,0.104,0.036,0.404951635720741
"Zyx",3.09157158487594e-05,-1.07284913593161,0.128,0.209,0.418629708308051
"Emb",3.2769822950152e-05,0.53189409644428,0.359,0.239,0.443736172568008
"Cnp",3.39969236789601e-05,0.77272831761162,0.345,0.237,0.460352343536799
"Abcg1",3.47199229203652e-05,1.27664201363547,0.129,0.053,0.470142476264665
"Zfp36l1",3.47688252236129e-05,0.736702238900817,0.27,0.165,0.470804662352943
"Ptprc",3.4981997206328e-05,0.431190347789806,0.629,0.511,0.473691224170888
"Gm15421",3.56171997143951e-05,-0.843929472356882,0.138,0.224,0.482292501332624
"Dusp11",3.57901505086223e-05,0.871733085367135,0.224,0.127,0.484634428037254
"Sepw1",3.78392928845773e-05,0.544286151875896,0.339,0.226,0.512381864950061
"H2-Q4",3.95481839885654e-05,1.08186650503186,0.142,0.064,0.535521959389164
"SNORD75",4.15495489645807e-05,1.12746959287863,0.136,0.059,0.562622442529387
"Vps54",4.33010547300906e-05,2.31893476368008,0.07,0.015,0.586339582100157
"Tnk2",4.35980750262087e-05,-1.89583629389691,0.021,0.061,0.590361533929892
"Cnbp",5.19821895769902e-05,0.438601006946941,0.45,0.328,0.703890829062024
"Coro1a",5.65894230072248e-05,-0.331044580229527,0.831,0.868,0.766277376940831
"Tle3",5.79119877907692e-05,-0.988740668995709,0.058,0.117,0.784186226674806
"Gm8692",5.92099117649853e-05,-0.813395076214755,0.17,0.254,0.801761415209666
"Seh1l",5.93139037541285e-05,-1.11099905804073,0.05,0.107,0.803169570734653
"Insl6",5.95673217640317e-05,2.37464707531471,0.06,0.01,0.806601104006753
"Dbnl",5.97005754858741e-05,0.948387563537825,0.246,0.15,0.808405492654221
"Whsc1l1",6.16662117892576e-05,0.644772990157667,0.263,0.165,0.835022173838337
"Gm5921",6.1747628667763e-05,-0.878945499844756,0.088,0.158,0.836124639790178
"Wdr1",6.26522345414616e-05,-0.681611749538401,0.196,0.288,0.848373907925931
"Anp32b",6.64566928502082e-05,-0.735941777785699,0.292,0.379,0.899890077884669
"Sidt1",6.80226784814101e-05,0.975585336370149,0.24,0.145,0.921095089316774
"Gm10837",6.89550362049653e-05,-1.81566366413992,0.028,0.071,0.933720145251436
"Gm10073",7.64152656052462e-05,-0.272163559856915,0.895,0.924,1
"Eno1",7.90880623115497e-05,-1.03865133729652,0.112,0.183,1
"Psip1",8.04125272023916e-05,0.726381753523642,0.2,0.112,1
"Pdia3",8.06075511710343e-05,0.539461331455893,0.26,0.158,1
"Scml4",8.55735211250536e-05,0.823853175158762,0.157,0.076,1
"Ppa1",8.7681892215444e-05,1.12898192350223,0.131,0.059,1
"Gm15148",9.67027163498741e-05,-0.563159695640417,0.384,0.466,1
"Gm8017",9.99226025351181e-05,-0.553580830320582,0.317,0.407,1
"Max",0.000101700337485472,0.891313594722057,0.141,0.066,1
"Grn",0.000105514421237678,1.63437710008954,0.086,0.028,1
"Rpl14-ps1",0.00010850417363989,-0.280269587737116,0.682,0.774,1
"Rpl38-ps2",0.00010969565624322,-0.201899159736389,0.905,0.934,1
"Oxct1",0.000113679582404614,-1.44309368354644,0.057,0.112,1
"Yipf1",0.000116160346261319,2.23536594068653,0.065,0.015,1
"Gm4613",0.000121590324809403,-0.596253199027597,0.33,0.422,1
"Rpl5",0.000123925411970561,-0.397171818044154,0.471,0.555,1
"Sh2d3c",0.000128104602391391,-1.22494604052092,0.061,0.117,1
"Trim12a",0.00012963981620643,0.656041433546008,0.284,0.186,1
"Gm8805",0.000132367986517086,-0.85982973893845,0.126,0.198,1
"Zc3hav1",0.000132666896423558,0.54247007011906,0.314,0.211,1
"Cd164",0.000133417831569854,0.833324751995519,0.31,0.216,1
"Phc2",0.000134345840385289,1.25006165110878,0.146,0.074,1
"Cxcr3",0.000137942431537019,-1.27777563761281,0.042,0.092,1
"Piga",0.000141913757806348,3.13456230874474,0.051,0.008,1
"Nme1",0.00014313463644174,-0.479005413255369,0.189,0.28,1
"AI837181",0.00014607089703018,1.12303311308195,0.129,0.059,1
"Tuba1c",0.000148034625469005,-1.45115518288158,0.039,0.087,1
"Mllt3",0.00014964620794381,0.922906495205841,0.126,0.056,1
"Mrpl23-ps1",0.000154605278025278,-1.2780689681606,0.052,0.104,1
"Tor1aip1",0.00015514114568,0.751467665476105,0.196,0.115,1
"Vasp",0.000160132018119631,-0.727614904628887,0.21,0.293,1
"Ddx39b",0.000161493605265065,0.705614949052695,0.268,0.173,1
"Gm10243",0.000162230612356967,-0.525466621275372,0.301,0.392,1
"Ndufa6",0.000163871672331634,0.295512050913334,0.463,0.344,1
"Dgka",0.000168175283885381,0.46646594593521,0.522,0.405,1
"Vars",0.000170462063918017,1.13785453055051,0.204,0.122,1
"Actr2",0.000170855442275452,0.507402520305763,0.46,0.349,1
"Satb1",0.000181535559122642,0.448610361024344,0.395,0.285,1
"Thada",0.000183324115552871,1.7469226828254,0.079,0.025,1
"Rab8a",0.000186411211950492,0.545681677621143,0.301,0.201,1
"Rpl29",0.000189926519351907,-0.296523031401786,0.746,0.789,1
"Gm10076",0.000193406964705229,-0.182302862155079,0.958,0.977,1
"Isyna1",0.000197915741414676,-1.2785854421307,0.071,0.13,1
"Gm7206",0.000216194812399261,-0.466018135576361,0.339,0.43,1
"Rps25",0.000219769197152777,-0.207974132890613,0.884,0.898,1
"Rps24-ps2",0.000220482229154257,-0.640022646343994,0.2,0.282,1
"BC029214",0.000223563836829427,2.70378759608373,0.054,0.01,1
"Gm4604",0.000225806364902729,-0.246142334502312,0.88,0.901,1
"Phyh",0.000229317301348987,0.943355379409276,0.071,0.02,1
"Gm4832",0.000231256977294544,-1.08745970439032,0.077,0.137,1
"Zfp259",0.000232708581842849,-0.930103021511305,0.043,0.092,1
"Fyb",0.000246163987189714,0.536521148902378,0.398,0.293,1
"Gm15427",0.000247488131775413,-0.167080724919395,0.927,0.947,1
"Evi2a",0.000269651446245178,1.43524019561477,0.07,0.02,1
"Ms4a1",0.000288115016396154,1.51399746791739,0.077,0.025,1
"Gm10051",0.000300402053677623,-0.57930080162594,0.259,0.338,1
"Gm12034",0.00030145063970629,-0.482779381059472,0.322,0.41,1
"Rap1gds1",0.000306133194677786,-1.12218426867039,0.054,0.104,1
"Trim30b",0.000311616090503395,2.21746791297037,0.057,0.013,1
"Vcpip1",0.000312120298196229,1.52621891108778,0.105,0.046,1
"Tpi1",0.000313647355525827,-1.24424687046199,0.026,0.064,1
"Prrc2c",0.000324462648910323,0.480326149637053,0.276,0.183,1
"Ctsc",0.000330747071140903,-0.741624063453201,0.097,0.163,1
"Atp1b1",0.000332261501695349,-1.18629399459667,0.042,0.089,1
"Jak2",0.000336060352627405,1.02388061795911,0.136,0.069,1
"Srsf5",0.000336504907518726,0.540302003368115,0.204,0.12,1
"Rpl21-ps10",0.000341308031130535,-1.04436548674062,0.048,0.097,1
"Hmgn2",0.000344030363791207,1.96436287068183,0.052,0.01,1
"6330512M04Rik",0.000344177981406418,-1.0550654083197,0.026,0.064,1
"Traf3ip3",0.000359658822511872,0.635155550480158,0.201,0.12,1
"Papd7",0.000363431532008557,1.79021548200877,0.056,0.013,1
"Dhps",0.000380113705621373,1.97704314923079,0.056,0.013,1
"Gm15564",0.000381448246540496,1.01735786140533,0.119,0.056,1
"Snord49a",0.000389006101170941,2.16340498126193,0.051,0.01,1
"Cyld",0.000395052064967462,0.833063565189227,0.17,0.097,1
"Tes",0.000398701832206366,-0.888668747774894,0.124,0.191,1
"Comt",0.000402669960742516,-1.75365117518408,0.018,0.051,1
"B4galt5",0.000408261687393603,1.03368350095563,0.113,0.051,1
"Gpr114",0.000418629818367117,0.853648234696151,0.088,0.033,1
"Rara",0.000424952789081147,-1.23120539047748,0.034,0.076,1
"Wipf1",0.000437770982948172,0.578089099892711,0.339,0.239,1
"Rpl26",0.000438973250109435,-0.161748240149448,0.982,0.977,1
"9330175E14Rik",0.000442962778790137,1.41856805795507,0.09,0.036,1
"Oas1b",0.000463385761783922,1.81878757827495,0.067,0.02,1
"Gm12481",0.000470014934326893,-0.730605331993841,0.149,0.221,1
"Ppp2r2a",0.00047407261052926,0.683803610675875,0.129,0.064,1
"Tspan14",0.000487338197313122,1.5191824728881,0.097,0.041,1
"Gm15501",0.000487373949561886,-0.445674915598215,0.385,0.455,1
"Rps17",0.000487763057303812,-0.650169711407892,0.219,0.293,1
"Timm8b",0.0004919179953555,-1.2236146044507,0.037,0.079,1
"Gm8995",0.000498600648694214,1.17684040187514,0.103,0.046,1
"Xrn2",0.000505916514455278,0.48037395727782,0.309,0.214,1
"Usp47",0.000506877476252527,1.31171530645061,0.111,0.051,1
"Srm",0.00051002450427324,-1.02983431236809,0.054,0.104,1
"Ctla2a",0.000520144617450352,-1.1821869813741,0.031,0.071,1
"Pgap2",0.000529832717461924,2.51418519844243,0.05,0.01,1
"Hmgn1",0.000549946364247927,0.458909397074318,0.272,0.183,1
"Gm10288",0.000567902546584154,-0.264432212753853,0.721,0.809,1
"Dctn6",0.000568088223817631,1.08913059877681,0.104,0.046,1
"Rpl39",0.000579398683642154,-0.171881507051906,0.952,0.957,1
"Psmb2",0.000585533281875601,0.853461927748908,0.151,0.081,1
"Ifi204",0.000591340301089511,2.07699249318993,0.062,0.018,1
"Ip6k1",0.000612280252208358,0.906786308778355,0.117,0.056,1
"Gm16589",0.000612354495320415,1.79146881518223,0.081,0.031,1
"H2-T24",0.000612580087113617,1.66815995849688,0.054,0.013,1
"Samd1",0.000623058375520716,-1.51840157595062,0.026,0.061,1
"Gm4149",0.000626072685365432,-0.228897113959369,0.876,0.896,1
"Rpsa-ps4",0.000631574284338538,-0.970848375218603,0.062,0.115,1
"Peli1",0.000633625096815549,0.472280521703939,0.397,0.308,1
"Rpl18a-ps1",0.000643099559044795,-0.489053736120274,0.324,0.405,1
"Hsd11b1",0.000656763005388768,-1.07336484492184,0.1,0.16,1
"Rpl17-ps3",0.000659993687089938,-1.02134410764019,0.072,0.125,1
"Nup153",0.000672316443784743,0.895414286244068,0.137,0.071,1
"Higd1a",0.000672459954961226,-1.18454502142998,0.045,0.089,1
"Mettl1",0.000674800747383481,-1.01911917615752,0.03,0.069,1
"Gm12334",0.000677031169919563,-0.648721406941139,0.226,0.298,1
"Gm11836",0.000678757561665419,-0.499715801174784,0.215,0.295,1
"Gm12487",0.000688639575391299,0.979441610073004,0.109,0.051,1
"Setd2",0.000688931963190625,1.21252789937657,0.097,0.043,1
"Ccdc59",0.000690442804898324,1.77248084335717,0.073,0.025,1
"Pxk",0.000694347531816455,1.57571106322498,0.097,0.043,1
"Irf2",0.000699992827756817,0.828345057579738,0.192,0.117,1
"1190007I07Rik",0.000708175857118749,-1.09158836018148,0.027,0.064,1
"Serinc3",0.000711975843969042,0.58426910498062,0.327,0.237,1
"Creb3",0.000727762271792437,1.727743523253,0.061,0.018,1
"Gm12987",0.000729005865378034,-1.02469633156203,0.064,0.115,1
"Pcbp2",0.000731331439237682,0.311530053319142,0.569,0.466,1
"2810422J05Rik",0.000746300624331506,-0.309752312623891,0.626,0.684,1
"Stag2",0.000754082884480283,0.830948046249338,0.161,0.092,1
"Ddx50",0.000761272679644524,0.898551553251337,0.088,0.036,1
"Sugt1",0.000780002568245214,0.2644730494367,0.272,0.178,1
"Abcb1a",0.000780169951180424,1.29024157069526,0.057,0.015,1
"Inadl",0.000783564844381284,1.6493545294189,0.064,0.02,1
"Slx1b",0.000791102011169667,-0.81884089674171,0.105,0.165,1
"Cnot6l",0.000799771508571341,0.768503897028094,0.27,0.188,1
"Fam178a",0.000817581103330113,2.02082849599212,0.071,0.025,1
"Csda",0.000828132224743621,-1.56496979912241,0.03,0.066,1
"Hmgn2-ps1",0.000839830310753107,1.77864028490279,0.06,0.018,1
"Gm13680",0.000847153350839016,-0.799985945022518,0.128,0.191,1
"Aldoa",0.000866657930768309,0.380258333435046,0.422,0.323,1
"D10Wsu102e",0.000868646143463983,1.80818201402272,0.071,0.025,1
"Ehd1",0.000876668873320912,-1.12044612078267,0.04,0.081,1
"Tagln2",0.000885105478222209,-0.433126036414788,0.327,0.407,1
"Gm8430",0.000894345668407225,-0.431381365376499,0.288,0.369,1
"Atp6ap2",0.000903421537293265,1.69279819501185,0.078,0.031,1
"Dapl1",0.000911903679579097,-0.742920098174525,0.326,0.387,1
"Gm10036",0.000922390162479764,-0.190963068020272,0.854,0.888,1
"Egr1",0.000923847031897337,-1.53369297064685,0.026,0.061,1
"Arhgap25",0.000926214001057728,1.12149662052674,0.117,0.059,1
"Gm5879",0.000928831868635766,-0.701100886816633,0.242,0.305,1
"Ets2",0.00093089057879635,1.96022300919847,0.059,0.018,1
"Zcchc2",0.000932794695719882,1.04413672854928,0.107,0.051,1
"2900073G15Rik",0.000950455756325195,-0.394373227003102,0.382,0.458,1
"Btg1",0.000957767649258994,0.335244812851053,0.511,0.407,1
"Pebp1",0.000969211676119107,-0.921625756870477,0.085,0.14,1
"Scd1",0.000988225325374667,-1.52824406520394,0.023,0.056,1
"Mpeg1",0.000991501767630229,1.85459309616818,0.059,0.018,1
"Mitd1",0.000994551454379574,0.972568303306952,0.182,0.112,1
"Coro7",0.00104014010283408,-1.4901041654242,0.034,0.071,1
"Notch1",0.00105185175027913,0.785215621502223,0.142,0.076,1
"Atp5e",0.00105709955611566,-0.470787432179507,0.448,0.504,1
"Rps25-ps1",0.0010995072509349,-0.336053987646915,0.63,0.664,1
"Tomm5",0.00113452606090368,-0.840796308091512,0.069,0.12,1
"Parp11",0.00118704527398859,1.11349943414026,0.074,0.028,1
"Gm17241",0.00119544144048533,-0.429979447394656,0.363,0.438,1
"Gm3788",0.00120502944634473,-0.409381969357602,0.668,0.679,1
"Gsk3a",0.001263935446391,-0.947991818207564,0.078,0.13,1
"Ubxn4",0.00128676343185996,0.716255741490093,0.144,0.081,1
"Gm6136",0.00128982785613426,-0.427650150609323,0.334,0.405,1
"Trip12",0.0013221914781229,0.943352924358983,0.241,0.17,1
"Itm2c",0.00133440397933743,0.842019191011582,0.154,0.089,1
"Lats1",0.00133815222713842,1.74892179166521,0.05,0.013,1
"Msh3",0.00139666139602972,1.06681318761046,0.069,0.025,1
"Lcn4",0.00139977925258696,-1.12983628506627,0.036,0.074,1
"Gm10689",0.00140752244953367,-0.530973689290912,0.266,0.338,1
"Cd7",0.00141782178191443,-1.36424637001511,0.061,0.107,1
"Smg7",0.00141806671293289,1.19164760939497,0.097,0.046,1
"Pnpt1",0.00143069236053509,1.63220525826764,0.058,0.018,1
"Gm5239",0.00143580423813314,-0.25658839643657,0.812,0.835,1
"Tbc1d10c",0.00145252057165259,-0.792410588030274,0.248,0.313,1
"Cdk19",0.00149840220586655,0.792525287480486,0.115,0.059,1
"Actg1",0.00150190697553264,-0.745664150113927,0.186,0.247,1
"2700060E02Rik",0.00150204829247115,0.6336471138266,0.201,0.127,1
"Selplg",0.001512960402788,-0.28033141772894,0.467,0.56,1
"Rpl14",0.00154653360825641,-0.220781532786419,0.935,0.949,1
"Phf6",0.00155009810311222,1.17282376608466,0.073,0.028,1
"Gm14681",0.00156192656970347,0.343268541845929,0.264,0.176,1
"Tmem108",0.00156752051845541,-1.03447756740701,0.067,0.115,1
"Ldb1",0.00156990500313246,-0.652698918275305,0.174,0.242,1
"Zc3h7a",0.00157331007032796,0.916413147085666,0.087,0.038,1
"Atn1",0.00158503078804328,-0.45720673303525,0.343,0.417,1
"Dazap2",0.00160917168907858,0.361524349277401,0.387,0.298,1
"Csrp1",0.00161292242190743,1.5530392278254,0.057,0.018,1
"Lbr",0.00162360757018577,0.441731364840762,0.236,0.155,1
"Tank",0.00167256832378849,1.55802152302241,0.068,0.025,1
"Snhg1",0.00170724713230255,0.529932269827886,0.182,0.112,1
"Arhgdia",0.00173001007026171,-0.612333697077601,0.292,0.356,1
"Bin3",0.0017333337817223,1.65520545188494,0.071,0.028,1
"Gm8623",0.00174414672637073,-0.736501222719934,0.159,0.221,1
"Ehd4",0.00174694407417084,-2.70349337223119,0.026,0.059,1
"Crbn",0.00179049875051054,0.633689306749513,0.144,0.081,1
"Gm10123",0.00179903491298386,-0.771292404009934,0.105,0.16,1
"Uqcrc2",0.00180280608239526,0.763982121023367,0.201,0.135,1
"Mxd4",0.00180949127647167,-0.74128677143052,0.058,0.104,1
"Mtap7",0.00181973975935078,1.4513060063838,0.064,0.023,1
"Rpl37a",0.0018260849829575,-0.133379599275154,0.971,0.975,1
"Ghitm",0.00183860398643488,0.313134368479921,0.197,0.125,1
"Psma7",0.00186968304644372,0.407936554210407,0.327,0.244,1
"Eif1b",0.00188576872660662,-0.879134631599932,0.091,0.142,1
"Ddx55",0.00190172194212025,-1.35329528506335,0.025,0.056,1
"Srsf9",0.00191033654259239,-0.93651046316538,0.069,0.117,1
"Fam162a",0.00200295258371008,-1.04099027319907,0.068,0.115,1
"Sft2d2",0.00200380413021935,1.53895325364322,0.088,0.041,1
"Rbx1",0.00202770679757994,0.389129377609644,0.193,0.122,1
"Herc3",0.00204048883534874,0.79352838409263,0.109,0.056,1
"Ubash3b",0.0020948016578023,-1.52260213740616,0.022,0.051,1
"Zfp292",0.00210205180702344,0.428904324005913,0.197,0.125,1
"Uba1",0.00211140404403602,0.545201538839708,0.29,0.206,1
"Rps13-ps1",0.00215942827753859,-0.161067508868692,0.927,0.936,1
"Arpc5",0.00218357486806757,-0.518294034925689,0.304,0.364,1
"Gm15725",0.00218656206421965,-0.433585847203918,0.39,0.443,1
"Rod1",0.00220260176857089,0.515374919452823,0.305,0.226,1
"Cdc42se2",0.00220847605605044,0.509286995595457,0.171,0.104,1
"Map2k1",0.00221951212000668,0.73609903281071,0.102,0.051,1
"Atp8b4",0.00225937832776153,1.35251351856708,0.104,0.053,1
"SNORD81",0.00226553803423487,0.625060886448361,0.215,0.145,1
"Snhg5",0.00226971999809848,1.12579415111336,0.063,0.023,1
"Nucks1",0.00228289863450344,0.722199903463931,0.216,0.148,1
"Ddit3",0.00228421201340333,0.709914719453911,0.077,0.033,1
"Rpl3-ps1",0.00228585288932866,-0.221958937051926,0.772,0.796,1
"A230046K03Rik",0.00230726479097466,1.12360059518744,0.089,0.041,1
"Gm6023",0.00234130372327679,-0.28046686559847,0.556,0.611,1
"Mrps30",0.00235717939590093,0.879631988686059,0.088,0.041,1
"Camk1d",0.00243077462694683,-1.55979737309681,0.032,0.066,1
"Arf6",0.00245229316319607,-0.610679121444094,0.139,0.198,1
"Galnt10",0.00249613202984959,-1.32497812167919,0.038,0.074,1
"Gm9396",0.00250058902799896,-0.517385328040662,0.347,0.41,1
"Gm12165",0.00253367899124134,-0.509969760385309,0.282,0.351,1
"Ntan1",0.00256638129540172,1.65331183126825,0.069,0.028,1
"Gm16020",0.00258053877372569,-0.803274857509071,0.08,0.13,1
"Zmat2",0.00259834117490198,0.569121510677104,0.146,0.084,1
"Fnbp4",0.00260660792041076,0.982011009860965,0.117,0.064,1
"Anapc11",0.00263298097982621,-0.560598966528571,0.089,0.142,1
"Gm15753",0.0026537324166517,1.30495776744142,0.08,0.036,1
"Eprs",0.00265622600283727,-0.56088232114257,0.105,0.16,1
"Cept1",0.00265666039652822,1.50146487206369,0.073,0.031,1
"Arpc1b",0.00265865459362528,-0.44282579332097,0.346,0.407,1
"Nop56",0.00269381122457378,-1.0187192855828,0.059,0.102,1
"Fchsd2",0.00272092854096631,1.2465572980761,0.065,0.025,1
"BC004004",0.00275699832410971,0.936023414260868,0.101,0.051,1
"Fam49b",0.00276605602255832,0.751345118847539,0.23,0.163,1
"Lef1",0.00279973455119961,0.465094124539817,0.451,0.364,1
"Elf1",0.00282404352998837,0.469893293766032,0.333,0.244,1
"4930420K17Rik",0.00284953288258727,0.806164907951734,0.091,0.043,1
"Txn2",0.00285573074077331,-0.678140759523488,0.137,0.196,1
"Gpx1",0.00286687418403489,-0.381103691470182,0.235,0.308,1
"Atad3a",0.00286841365038513,-1.78513224137565,0.024,0.053,1
"Triobp",0.00291049329834756,0.687937977493634,0.08,0.036,1
"Shoc2",0.0029434251791148,-1.34003073236934,0.04,0.076,1
"Xrn1",0.00295772246124858,1.37225590090305,0.065,0.025,1
"Erap1",0.00296149379513882,1.57095624869163,0.097,0.051,1
"Mrps34",0.00296603629084727,0.81374138066082,0.139,0.081,1
"Vps13a",0.00299330940957355,1.30108276690124,0.076,0.033,1
"Arhgap30",0.00303235049278782,0.499409946632384,0.322,0.237,1
"5133401N09Rik",0.00308066205355497,0.81273243753818,0.147,0.089,1
"Atp2a3",0.00310529757436945,-1.0305001786856,0.076,0.122,1
"Pbxip1",0.00314352764117411,0.797349016108859,0.113,0.061,1
"Eif3a",0.00314786946308009,0.3795620226687,0.28,0.196,1
"Aftph",0.00315207649299993,0.636833323795055,0.097,0.048,1
"Rnpepl1",0.00315996206911606,0.876556871490891,0.107,0.056,1
"Prdx6",0.00316660077654079,-0.445469662142882,0.151,0.214,1
"Snord23",0.00316680992357453,0.646145635915444,0.193,0.127,1
"Trp53inp1",0.00316735435474347,0.544362912381629,0.181,0.115,1
"Rps14",0.00319164377286872,-0.129279799533365,0.99,0.992,1
"AL663027.1",0.0032021683954421,-0.188584345816764,0.935,0.939,1
"Snord32a",0.00322899306803999,0.634175285723658,0.174,0.109,1
"Zfp53",0.00323998630911807,1.37747065075745,0.061,0.023,1
"Gm4950",0.00324014558682358,-0.793106015778773,0.057,0.099,1
"Mvp",0.00325088732641486,1.60516393461369,0.057,0.02,1
"Dpp4",0.00337517091848942,0.448949743681699,0.148,0.087,1
"Gltscr2",0.00338426038211397,0.371781828443456,0.488,0.392,1
"Fam78a",0.00340563659847644,-0.452871348722196,0.232,0.3,1
"Ctsw",0.00340948049191368,-0.54116714898108,0.215,0.28,1
"Gm4997",0.00344267342899267,-0.757476127407703,0.117,0.17,1
"Cep350",0.00344592017983159,0.690685638340216,0.117,0.064,1
"Parp4",0.00345473504992034,0.895386593573006,0.097,0.048,1
"Ubr7",0.00347957721534612,1.43283774124638,0.064,0.025,1
"Cxcr6",0.00348833425654036,-0.896855318783646,0.089,0.137,1
"Rrs1",0.00350620630650055,-1.05217758524291,0.037,0.071,1
"Cytip",0.00351238944733776,0.589238420035412,0.342,0.272,1
"Bola2",0.00352134809754342,-0.575450566714168,0.27,0.328,1
"Ipcef1",0.00353866811862577,0.48659790516812,0.226,0.155,1
"Gvin1",0.00358982421459931,1.25382346089913,0.064,0.025,1
"Gm13835",0.00359794094679603,0.903660004131123,0.133,0.079,1
"Ppm1k",0.00360900196567313,1.7027022460573,0.06,0.023,1
"Nsmce4a",0.00362323150275746,0.717463046417894,0.148,0.089,1
"Cxxc5",0.0036697132521091,-0.809931748544317,0.037,0.071,1
"Tap2",0.00368296038104784,0.819640158914817,0.163,0.102,1
"Celf2",0.00371613966576488,0.566605426877926,0.28,0.206,1
"Rps19-ps9",0.00373863443120002,-0.672184560781672,0.133,0.191,1
"Neat1",0.00376118799696009,0.661961383269534,0.103,0.053,1
"Gm4070",0.00388154401438505,0.768902689390602,0.063,0.025,1
"Rpl21-ps3",0.00402124763369104,-1.41801202867868,0.025,0.053,1
"Rap2b",0.0041097998483742,-0.870113109635562,0.05,0.089,1
"Eef1d",0.00412387517075822,0.274759315703571,0.391,0.308,1
"Gm4342",0.00413323430777483,-0.977968595039464,0.082,0.127,1
"Gm4294",0.00416172239077454,-0.361281972876377,0.375,0.435,1
"Grk6",0.00417895318382613,-0.585705476025037,0.204,0.267,1
"Cd2ap",0.00420289503959949,0.461924348279088,0.136,0.079,1
"AC151602.1",0.00422769058882748,-0.366150275714074,0.466,0.517,1
"Nosip",0.00429456274418634,0.851123372875575,0.123,0.071,1
"Ppp2r4",0.00440534125004997,-0.750121649470268,0.082,0.13,1
"Itgb1",0.00446164736916506,-1.01404529759149,0.062,0.104,1
"Btla",0.0044755644852501,0.851833049275022,0.073,0.033,1
"Nr3c1",0.00452671930435805,0.812501757858784,0.11,0.061,1
"Taok2",0.00455212033691748,-1.35000739363323,0.023,0.051,1
"Gnas",0.00455681033443362,-0.399810134071453,0.563,0.595,1
"Ttc39b",0.00456938231524377,1.55157062077436,0.055,0.02,1
"Rbm38",0.00458233886985752,-0.445121733590471,0.159,0.219,1
"Tmem192",0.0046263428250758,1.12267733054021,0.077,0.036,1
"Gm12912",0.00465186238012527,-0.88357894969485,0.026,0.056,1
"Snrpd3",0.0046683421444028,-0.467574899856977,0.163,0.224,1
"Gps2",0.00475257072166796,-0.715089139576088,0.101,0.15,1
"Gm6969",0.0048517664071497,-0.826777385313968,0.098,0.148,1
"Igbp1",0.00486754231161984,0.475756554573317,0.164,0.102,1
"Vkorc1",0.00488848835950467,-1.06983318126275,0.032,0.064,1
"Hipk1",0.00490492048426486,0.567220441382057,0.188,0.125,1
"Gm13827",0.00492227019874012,-0.58667211485103,0.109,0.16,1
"Cd3g",0.00493267414926754,0.301333067312159,0.585,0.506,1
"Trim56",0.0049352909138179,0.596220988050665,0.236,0.17,1
"Galnt6",0.00494358326747966,-0.656649061292316,0.075,0.12,1
"Myl12b",0.0049474743353141,0.287365346521493,0.557,0.468,1
"Naa20",0.00502762777148602,0.889597141122995,0.09,0.046,1
"Ankib1",0.00503001342660099,1.10816953439424,0.087,0.043,1
"Cpne3",0.00505240290723556,0.974202315913468,0.083,0.041,1
"Bcl3",0.00508999738130684,1.11723122265145,0.065,0.028,1
"Mgat1",0.00509651451655796,0.946320423414522,0.08,0.038,1
"Foxj2",0.00510811348268856,-1.01932877140686,0.023,0.051,1
"Naca",0.00512672945165133,-0.228779825099684,0.542,0.613,1
"Ranbp10",0.00513663977096029,0.635992539935799,0.051,0.018,1
"2810474O19Rik",0.00514242747165243,0.739844306726813,0.196,0.135,1
"Camk2d",0.00515251140435156,0.810508665236064,0.055,0.02,1
"Mbnl2",0.00516271756674009,0.469264923475801,0.09,0.046,1
"Kcnab2",0.00517455911476281,-0.466988855894903,0.117,0.17,1
"Pgam5",0.00519330772948499,1.46159501095843,0.058,0.023,1
"Csrnp1",0.00519360022523269,0.907576092036229,0.062,0.025,1
"Myl6",0.00522004384982131,-0.425147401037066,0.204,0.27,1
"Rela",0.00522234948758349,0.768606862642833,0.129,0.076,1
"Rapgef6",0.00527712154936901,0.43269968522933,0.352,0.27,1
"Fam111a",0.00535857579792561,0.60152451112439,0.218,0.153,1
"Rbmxrt",0.00538596161767323,1.47328042352608,0.075,0.036,1
"Srpk1",0.00546153756428153,-0.6042586922306,0.157,0.214,1
"Anapc7",0.0054978942104466,1.22616916713131,0.05,0.018,1
"Gm14165",0.00555747599290435,-0.866999150804892,0.087,0.132,1
"Gsdmd",0.0055651671318451,0.437263495973817,0.084,0.041,1
"Cdc42",0.00558718463846424,-0.346438120659672,0.42,0.471,1
"Tlk2",0.00559662344540444,0.964349956401863,0.089,0.046,1
"Gm5474",0.00560915429883935,-1.11815724994386,0.044,0.079,1
"Pstpip1",0.00561535200743089,0.974176674808555,0.136,0.084,1
"Tmco4",0.00563553500081803,1.52162193098343,0.058,0.023,1
"Gpbp1",0.00563670271043795,0.355176143034012,0.188,0.125,1
"H2-DMa",0.00566861295494058,0.543509861126763,0.132,0.079,1
"Usp7",0.00567203784770153,0.583917119057024,0.195,0.132,1
"Sat1",0.0057464809802309,0.910634346354832,0.086,0.043,1
"Gm10071",0.00583295387698773,-0.852958080941588,0.042,0.076,1
"Gm11603",0.00584235901859894,-0.332223547594102,0.48,0.529,1
"Cpne1",0.00587038760071723,0.75654369790912,0.116,0.066,1
"Rplp1-ps1",0.00589158914483061,-0.930366693440851,0.07,0.112,1
"Ptpn22",0.00595643835506815,0.423682216046216,0.239,0.17,1
"Urod",0.00608311641371929,1.25083400995318,0.058,0.023,1
"Anxa5",0.00610699238518311,-0.641970404561292,0.054,0.092,1
"Ctdsp2",0.0061508535308866,0.65337371743813,0.144,0.089,1
"Calm1",0.00615652256525582,-0.211950166715244,0.724,0.751,1
"Tmem50a",0.0062083682750305,0.147077556988631,0.343,0.26,1
"Tbl1x",0.00628504806978008,0.688230022178295,0.157,0.102,1
"Eef1a1",0.00633859718946285,0.223864835265859,0.792,0.761,1
"Srrm2",0.00638619671806272,0.492427922851229,0.281,0.209,1
"Arl6ip1",0.0064638023552999,0.403854539881281,0.326,0.249,1
"Maea",0.00646476240170418,0.612754502081584,0.085,0.043,1
"Ndufs4",0.00649293786411145,0.619634362022323,0.141,0.087,1
"1600002K03Rik",0.0066087344826831,-1.3926401037107,0.03,0.059,1
"Ptpra",0.00661530031534417,0.801308939297766,0.089,0.046,1
"Ypel5",0.00665669829914756,0.503136758203364,0.079,0.038,1
"Use1",0.00668247886730791,0.132202804962215,0.3,0.216,1
"Card11",0.00675518942560897,0.473964840752708,0.119,0.069,1
"Gm14217",0.00679479949185271,-0.862708670123147,0.052,0.089,1
"Mtmr6",0.00690792108163887,1.29220856157727,0.064,0.028,1
"Rab21",0.00697221800197972,0.868678448190142,0.078,0.038,1
"0610011F06Rik",0.00699402837733859,-1.01421327300654,0.041,0.074,1
"Uqcrh",0.00700536684011928,-0.389705888726521,0.458,0.511,1
"Pabpc4",0.00700616258595596,-0.555451151683632,0.04,0.074,1
"Ywhag",0.00701502122125251,0.611313578387696,0.113,0.064,1
"Snrnp27",0.00701657183280527,0.719277537045592,0.081,0.041,1
"Ier5",0.00705628657530727,-0.679414569894444,0.121,0.17,1
"Zfp106",0.00706985892305067,0.82412886511471,0.113,0.066,1
"Gm10294",0.00707296625891863,-0.161654207569335,0.92,0.924,1
"Sdccag3",0.00712741687991334,-1.02361369381285,0.03,0.059,1
"Rnf14",0.00718427643458984,0.970197884696513,0.085,0.043,1
"Ptp4a3",0.00718776713644906,-0.858667547793928,0.132,0.181,1
"Ski",0.00727415026818202,-0.720441678638961,0.083,0.127,1
"Vps37b",0.00735716474942119,0.385971110575732,0.157,0.099,1
"Chd2",0.00747454894795369,0.327746332664631,0.224,0.158,1
"Cox17",0.00751887105284666,0.364014442703234,0.164,0.107,1
"Mta3",0.00754246846797267,-0.753591334439055,0.077,0.12,1
"Ubr3",0.00756567603899127,1.10372636578355,0.053,0.02,1
"Dhrs7",0.00756982031265366,-0.862991011742163,0.035,0.066,1
"Sri",0.00775115259910016,-0.618009430660824,0.215,0.272,1
"Tmed7",0.0077521976789351,0.946730022359112,0.097,0.053,1
"Atg3",0.00792534711548285,0.887225247837548,0.06,0.025,1
"F2rl1",0.00798839432923027,-1.29254418284178,0.032,0.061,1
"Ranbp2",0.00804061834505684,1.09414146657889,0.096,0.053,1
"Rpl37-ps1",0.00816494033935313,0.609448975778078,0.123,0.074,1
"Spcs2",0.00819345543192067,0.398799532530208,0.225,0.158,1
"Ccar1",0.00822679984511395,0.3753050884352,0.114,0.066,1
"Usp32",0.00824751644010238,1.56520842330529,0.059,0.025,1
"Lamp1",0.00844019785695845,0.454751664561768,0.188,0.127,1
"Rabepk",0.00844755165810681,1.40424979155229,0.065,0.031,1
"Gm10704",0.00849569217344414,0.732416031946437,0.077,0.038,1
"Purb",0.00861465086749652,-0.733500236315009,0.098,0.145,1
"Gm9843",0.00868358686739619,-0.160955220012219,0.833,0.863,1
"Rps19-ps11",0.00870018043923862,-0.412398880788366,0.369,0.43,1
"Abca2",0.00874903590844334,-1.15819372730881,0.025,0.051,1
"Pik3ip1",0.00882784439937346,0.7179462269308,0.177,0.122,1
"Ahsa1",0.00892804405461679,-0.915645678304338,0.062,0.099,1
"Gm9858",0.00898786229331757,-0.546609242592572,0.193,0.247,1
"Coro1c",0.00913386904656224,-1.23330174759828,0.05,0.084,1
"Ppan",0.00929280291186816,-1.19564165729645,0.03,0.059,1
"Rps29",0.00939052461123654,-0.425901383162888,0.304,0.364,1
"Nsa2",0.00945521198667329,0.344846514293436,0.325,0.254,1
"Arfgef1",0.00945921574555365,0.567247023132927,0.158,0.104,1
"4932438A13Rik",0.00946524574473604,0.488858729788714,0.181,0.122,1
"Wdyhv1",0.00953516781763226,-0.944335759529786,0.032,0.061,1
"BC016423",0.00954117292111803,1.20393967893523,0.076,0.038,1
"Timm10",0.00966392188105049,-1.07329120300692,0.036,0.066,1
"Sgk1",0.00966955687376768,-0.992244196944273,0.042,0.074,1
"1110038F14Rik",0.00968018606449563,0.854815590352803,0.079,0.041,1
"Prkrir",0.00971053841417374,-1.02853683155244,0.062,0.099,1
"Pitpnm2",0.00976130420661846,-1.25252523441349,0.03,0.059,1
"Gm12563",0.00981675337974325,1.11111497722472,0.078,0.041,1
"Gm10222",0.00984946873958001,-0.227167600223274,0.506,0.56,1
"Bop1",0.00992554977030778,-0.880177080983127,0.04,0.071,1
"Hnrnpm",0.00992586324556549,0.299798362243438,0.254,0.186,1
"9030624J02Rik",0.00994931409775779,-0.851658276169978,0.04,0.071,1
"Necap2",0.0100076374139451,0.904472519693219,0.069,0.033,1
"5730508B09Rik",0.0100194926279383,0.688714914037943,0.128,0.079,1
"Gm10154",0.0101110125400781,-0.422401812115824,0.289,0.346,1
"Zfp36l2",0.0101503690217966,-1.02934870452605,0.058,0.094,1
"Gm9143",0.0101509463225703,-0.908695969157633,0.04,0.071,1
"Atg12",0.01022727731951,0.856926449602151,0.079,0.041,1
"Pou6f1",0.0103489283238616,1.66536076997001,0.05,0.02,1
"Gm9808",0.0103877851019695,0.463375918152514,0.247,0.183,1
"Gm9432",0.0103956076330433,-1.05560817795806,0.046,0.079,1
"Rpl21-ps12",0.0104470170994228,-0.687175405625062,0.109,0.155,1
"Glg1",0.0105740389687605,1.12619464161772,0.072,0.036,1
"Nop16",0.0105970264661116,-1.05335720616988,0.029,0.056,1
"S1pr1",0.0106083608350067,-0.574346671709711,0.283,0.333,1
"Romo1",0.0106366337044054,-0.888954306939576,0.131,0.176,1
"Eif3d",0.0106419914543206,0.324117086300856,0.193,0.132,1
"Wsb2",0.010801088871246,1.21495149724094,0.054,0.023,1
"Adnp",0.010811597550688,0.51423395478245,0.118,0.071,1
"Sept6",0.0108167982839953,0.329234322974191,0.311,0.239,1
"Gm10263",0.010818389346849,-0.980390294903735,0.042,0.074,1
"Gm11263",0.0108358538820204,-0.140432180837415,0.908,0.916,1
"Gm6863",0.0108958479370232,-0.270680066869222,0.335,0.399,1
"Akap9",0.0109492353959825,1.13417239845446,0.058,0.025,1
"Rpl12",0.011062191752067,-0.18601638987538,0.732,0.735,1
"Ncoa3",0.0110849924880258,0.84286809385043,0.11,0.066,1
"Ndufb10",0.0111238754276626,-0.51779933887518,0.147,0.198,1
"Srgn",0.0111729923746429,0.462756973670351,0.361,0.295,1
"Mob3a",0.0111942149477393,-0.789519739360289,0.113,0.16,1
"Ergic2",0.0112698259686646,1.85274851125111,0.06,0.028,1
"Numa1",0.0112700881262404,0.684188756179054,0.142,0.092,1
"Gpr65",0.0114592862807337,1.05527826516583,0.109,0.066,1
"2610024G14Rik",0.011514214616583,-1.19464133654649,0.026,0.051,1
"1110008F13Rik",0.0115896009226734,0.558443437390021,0.154,0.102,1
"Brd8",0.0116126771766284,1.1023087995616,0.071,0.036,1
"Bax",0.0116355364857862,0.860308860328042,0.065,0.031,1
"6430527G18Rik",0.0116603991875205,-0.787922118922961,0.077,0.117,1
"Myeov2",0.0116732524010295,0.515961334977933,0.188,0.13,1
"Ube2b",0.0117932651594972,0.210466291214151,0.191,0.13,1
"Pfkl",0.0118864597830674,-0.827876961941411,0.033,0.061,1
"Pitpna",0.0119643283953646,-0.417463918883214,0.181,0.234,1
"Ankrd44",0.0121694097294822,-0.609157021051225,0.149,0.196,1
"Ikbkg",0.0122168706464724,1.46357342323003,0.06,0.028,1
"Degs1",0.0124363430720768,-0.632545163733188,0.05,0.084,1
"Hint3",0.0124986411474552,0.429813741915578,0.05,0.02,1
"Srrm1",0.0126475703287061,0.257403025167455,0.202,0.142,1
"Wnk1",0.0126855679206614,0.482123642232074,0.268,0.206,1
"Glrx5",0.0127711789494006,-0.646533527565805,0.062,0.099,1
"Gm4987",0.012941140642702,-0.534530864226563,0.193,0.242,1
"Otud5",0.0130369077777555,0.459877585112973,0.11,0.066,1
"Gm15565",0.0130439573001518,0.946504007050589,0.077,0.041,1
"Btaf1",0.013054495231197,-1.21559548522268,0.034,0.061,1
"Gnb1",0.0130899441510275,-0.543104297269582,0.181,0.234,1
"Gm9703",0.0132055163916986,-0.319280480848968,0.417,0.471,1
"Cbx7",0.0132200439243073,0.535261869920224,0.068,0.033,1
"Hectd1",0.0133048437116974,0.614491698896492,0.163,0.112,1
"Phf2",0.0133126953338536,1.01132924273428,0.067,0.033,1
"Hsdl2",0.0133516482244762,0.865013436024936,0.067,0.033,1
"A930001N09Rik",0.0136306345515721,0.57880569003244,0.138,0.089,1
"Pkd1",0.0136690963968211,0.254514595058312,0.05,0.02,1
"Il7r",0.0137151527810021,0.372175865287883,0.299,0.234,1
"Gm6613",0.0137351476799928,-0.863059020587271,0.059,0.094,1
"Mosc2",0.0138030723885142,0.549059371215519,0.2,0.145,1
"Rnf139",0.0140667367604165,0.630222750655763,0.087,0.048,1
"Ucp2",0.0141378633586579,-0.358799704541916,0.381,0.433,1
"Man1a2",0.014269977426814,0.84539987950156,0.073,0.038,1
"2810001G20Rik",0.0144090774121307,-1.06028091888434,0.038,0.066,1
"Npm1",0.0146356775288675,0.215769219486461,0.808,0.748,1
"Obfc2b",0.0146564157436731,-1.05741974425616,0.038,0.066,1
"Rit1",0.0146595300071803,-0.755372875023067,0.028,0.053,1
"Gm13935",0.0147001082563856,-1.17295135625432,0.032,0.059,1
"Sfxn3",0.0147311310464004,-0.710099009422254,0.059,0.094,1
"Nfe2l2",0.0147591197286937,0.677466427351426,0.121,0.076,1
"Rftn1",0.0148699367886532,-1.07380974521925,0.042,0.071,1
"Rexo2",0.0150605192967274,-0.519114556836563,0.069,0.107,1
"Eif4h",0.0151196969328562,0.281932466610607,0.247,0.183,1
"Rpl18-ps1",0.0152014842654237,-0.172145909682599,0.707,0.733,1
"Sf3b2",0.0152586459012111,0.290515723872723,0.256,0.191,1
"Pcm1",0.0153369384526418,1.23367908600327,0.079,0.043,1
"Faah",0.0154710043212551,0.953741555411961,0.056,0.025,1
"Cd8a",0.0155479201599286,-0.227071689787842,0.659,0.702,1
"Scap",0.0155632605700743,-0.82463343964685,0.032,0.059,1
"Gtf2f2",0.015707071539748,1.08495634462661,0.059,0.028,1
"Umps",0.0157879628699869,-1.06238434524576,0.026,0.051,1
"Fam40a",0.0158470695574188,1.227336949412,0.052,0.023,1
"Pigk",0.0158547458413475,-0.984695767992734,0.036,0.064,1
"Ptma",0.0159690461026283,-0.32029934856861,0.373,0.425,1
"Gm10126",0.0159963186023729,0.298355888519874,0.297,0.226,1
"Spnb2",0.0160645261609614,0.430172881211946,0.151,0.099,1
"Psma6",0.0161234131403008,0.311051027841906,0.223,0.16,1
"Npm3",0.0161930303563286,-0.687443585850887,0.055,0.089,1
"Socs3",0.0162012269312729,0.833188267117212,0.076,0.041,1
"Tk2",0.0162012555962688,1.00803026148685,0.062,0.031,1
"Pigs",0.0162383342062721,-0.739909388441761,0.05,0.081,1
"Ddt",0.0162493041425094,0.924971860173787,0.052,0.023,1
"Ssr3",0.0163911106734656,0.382450250868454,0.137,0.089,1
"Mcl1",0.0164047330850953,0.344462875508242,0.342,0.267,1
"Rbm8a",0.0166444351277854,0.452674607999691,0.158,0.109,1
"Vapa",0.0167068989073777,0.529734688762551,0.153,0.104,1
"Brd2",0.0167949402773935,0.168588613654249,0.198,0.14,1
"Inpp1",0.0168509551327926,0.503953275937056,0.073,0.038,1
"Lrmp",0.0168636448926319,-0.94822478783868,0.044,0.074,1
"Tuba1a",0.0168874808688947,-0.971254271070855,0.112,0.153,1
"Pgs1",0.0168905145191565,0.678440286558135,0.111,0.069,1
"Rbms1",0.0169059918171805,0.821801732364987,0.137,0.092,1
"Rpl36a-ps3",0.0169215688312729,-0.707129916420645,0.117,0.16,1
"Gm12715",0.0169757973845403,-0.613510881536281,0.139,0.183,1
"Ndufa4",0.0170795215262553,0.620361183516276,0.172,0.122,1
"Gm10268",0.0171719604610934,-0.823860810844943,0.036,0.064,1
"Wbp2",0.017567957670469,0.694321126256869,0.117,0.074,1
"Slc6a19",0.0175769896111062,1.04715015121273,0.055,0.025,1
"A830007P12Rik",0.017648863669035,-0.874795456699674,0.05,0.081,1
"Edf1",0.017690786134071,-0.562663253825443,0.185,0.234,1
"Psma1",0.0177832923078664,0.454667884712183,0.177,0.125,1
"Snrpg",0.0179052575055218,-0.356913033076804,0.311,0.366,1
"Fam192a",0.0179544229258261,0.929889324624706,0.088,0.051,1
"Sec23ip",0.0179588162206462,0.24305470219402,0.059,0.028,1
"Zbtb1",0.017996783916288,1.29659641349738,0.062,0.031,1
"Gm13340",0.0182700332806967,0.181437147204719,0.906,0.865,1
"Exoc2",0.0183141819862811,0.554687764546101,0.065,0.033,1
"Wars",0.0183151315556842,0.607034374520989,0.078,0.043,1
"Ramp1",0.0184170547974298,-0.983690655394583,0.046,0.076,1
"Cyc1",0.0185703499028843,-0.882657166310875,0.13,0.173,1
"Acly",0.0186049107168805,0.540457528816253,0.119,0.076,1
"Gm8662",0.0186745728681867,-0.683504362402764,0.06,0.094,1
"Gm15483",0.0186745787108142,0.962547339091285,0.074,0.041,1
"mmu-mir-689-2",0.0187409338857396,1.2874731967992,0.058,0.028,1
"Cmc1",0.0187862859483345,0.333377752299097,0.105,0.064,1
"Gramd3",0.0189131906413959,0.243264607224194,0.224,0.163,1
"Gm9385",0.019035587734969,0.3891866415292,0.386,0.328,1
"Epc2",0.0190599253951209,0.712126921414,0.065,0.033,1
"Gm15431",0.0192156616971468,-0.658010266243651,0.073,0.109,1
"RP24-92H14.2",0.019227305156276,-0.177895113312689,0.688,0.718,1
"Brd4",0.0193123848871527,0.328082070250827,0.209,0.153,1
"Rbm43",0.019334036447825,0.88741814157453,0.081,0.046,1
"Rbbp4",0.0193392445610323,0.380980463402674,0.2,0.148,1
"Fkbp1a",0.019468397697628,-0.468920774122027,0.13,0.176,1
"Nol8",0.0194691457638754,-1.0960427762472,0.062,0.094,1
"Nktr",0.0194767594176595,0.405614934723357,0.101,0.061,1
"Rpl9-ps6",0.0195101227279069,-0.119155081023045,0.823,0.84,1
"Vmp1",0.0196307640475965,1.00201121611366,0.074,0.041,1
"Ik",0.0196500532374451,0.498828133326288,0.223,0.168,1
"Arid4b",0.0196650681440712,0.142718311353239,0.115,0.071,1
"Ndufb7",0.0196734758986458,-0.538902604860008,0.157,0.206,1
"Fam189b",0.019746876106903,0.219120447863745,0.331,0.26,1
"Nutf2",0.0197914086397504,-0.698862878684117,0.046,0.076,1
"Cst3",0.0198295731650259,-1.17951211278477,0.111,0.15,1
"Limd2",0.0200398066938546,-0.349145482726989,0.692,0.725,1
"Tpm4",0.0202364164242052,-0.440062017888023,0.125,0.17,1
"Rnaset2b",0.0202657493507498,0.126576919949401,0.29,0.219,1
"Gtpbp5",0.020271878766393,-1.49182520398067,0.027,0.051,1
"Slc43a2",0.0203286561217584,0.922776535887785,0.067,0.036,1
"Ubap2l",0.02033482582128,0.653210083927567,0.169,0.122,1
"Setx",0.0205157310005011,0.498560704587081,0.23,0.173,1
"Odc1",0.0205187634613376,0.800696881791391,0.068,0.036,1
"Lyz2",0.020669523258378,-1.1882091231392,0.073,0.107,1
"Laptm4a",0.0210457703528457,0.76145206293868,0.134,0.092,1
"Usp15",0.0210483035577008,0.583635460043739,0.077,0.043,1
"Rbck1",0.0210850014791866,0.454484992851735,0.173,0.122,1
"Gm9781",0.0212058613467714,-0.667078696971315,0.033,0.059,1
"Txk",0.0212215481872308,0.56687283777167,0.122,0.079,1
"Rangap1",0.0213220074954042,-0.686217850231742,0.089,0.127,1
"Sucla2",0.021357332432796,0.84916219142605,0.064,0.033,1
"Sla",0.0214607097389563,0.554882048512032,0.2,0.15,1
"Tmem128",0.0216768805440921,0.542957688978369,0.103,0.064,1
"Ccnk",0.0217311854223139,0.466175070360721,0.065,0.033,1
"Flt3l",0.0217470787896048,-1.05116000703702,0.06,0.092,1
"Rpl15-ps2",0.0219113104268944,-0.724836605392682,0.063,0.097,1
"Ube2d3",0.0219332978436262,0.320387551040149,0.359,0.293,1
"Vps16",0.0221465974191218,0.343938859934441,0.097,0.059,1
"Pdrg1",0.0224206086752527,-0.580862099557536,0.078,0.115,1
"Cd8b1",0.0224887071063587,-0.20914788330709,0.746,0.781,1
"Slc1a5",0.0225096851144339,-0.767270053128493,0.065,0.099,1
"Polr3c",0.0225298224894174,0.455093118512655,0.071,0.038,1
"Eif4a2",0.0226338665092887,0.4498918673661,0.2,0.145,1
"Fxr1",0.0226736706187226,0.497969376107544,0.091,0.053,1
"Phf20l1",0.0227243353121823,0.642596570929574,0.064,0.033,1
"Il17ra",0.0227326765324721,0.161651262995613,0.159,0.107,1
"Gimap4",0.0228064520804142,0.274170657809241,0.48,0.407,1
"AL928544.1",0.022833269924499,-1.06055635392335,0.05,0.079,1
"Gm10335",0.0229086031178232,-0.359028480224865,0.232,0.282,1
"Mir682",0.022957361080294,-0.11561748089062,0.852,0.896,1
"Zfp62",0.0230153672273102,1.20403253925768,0.057,0.028,1
"Acbd3",0.0230310487895699,0.95392663413597,0.06,0.031,1
"Nme3",0.0231164546643316,-0.720509165403131,0.055,0.087,1
"Brd1",0.0235885572023833,0.965375868083073,0.079,0.046,1
"Rif1",0.023718094751807,0.571865952483813,0.093,0.056,1
"Smad7",0.0240807465372792,-0.575914057495335,0.082,0.12,1
"Tmem209",0.0240972476913687,1.08002235882824,0.05,0.023,1
"Sars",0.0241179466907988,0.466539005320336,0.149,0.104,1
"Gata3",0.0241245571720197,-0.517809132094138,0.041,0.069,1
"Zfml",0.0241997048727868,0.532970329965807,0.114,0.074,1
"Ndufa10",0.0242554066317488,-0.572367515111406,0.136,0.181,1
"Il18r1",0.0242773238740962,-1.03466277111581,0.039,0.066,1
"Lin7c",0.0244439491720549,0.991237092811256,0.053,0.025,1
"Gdi2",0.0245402930539195,-0.28768575165856,0.211,0.262,1
"Gm8172",0.0246560159469341,-1.03064758206691,0.03,0.053,1
"Rpl36-ps2",0.0248222855242001,-0.447076381576069,0.2,0.249,1
"Ly9",0.0252335289548349,1.01888409840608,0.076,0.043,1
"Prdm2",0.0252979557974994,0.658075884177054,0.082,0.048,1
"Kcmf1",0.0253632508461598,-0.597084208777048,0.058,0.089,1
"Crlf3",0.0253845551167625,0.46269968397644,0.202,0.153,1
"Gm6109",0.0254134045931735,0.527318469598276,0.124,0.081,1
"March7",0.0254240405197651,0.801070864217134,0.119,0.079,1
"Ipo5",0.0254498575190437,-0.994123947717524,0.058,0.089,1
"Hopx",0.0255445572947421,-0.652731269530591,0.081,0.117,1
"Eif4a1",0.0256597315027997,-0.423201342343812,0.203,0.249,1
"Nfkbib",0.0256947510604607,1.1257546126087,0.059,0.031,1
"Snrpc",0.0256987633270484,-0.897880477991792,0.043,0.071,1
"Pank3",0.0258392829496908,-1.34804204303397,0.036,0.061,1
"Rnf167",0.0259492473921722,-0.409652601921931,0.153,0.198,1
"Ndufb3",0.0260461514357448,0.822281931080611,0.133,0.094,1
"Atm",0.026061874349199,0.895617898035843,0.073,0.041,1
"Pcbd2",0.0262019437754809,-0.963228092240079,0.038,0.064,1
"BC021614",0.0262323777803127,-1.16797391587356,0.044,0.071,1
"0610037P05Rik",0.026254146885546,1.02237709284024,0.059,0.031,1
"Ccdc72",0.0262730297480601,-0.398127526228658,0.223,0.272,1
"Ankrd11",0.0263071349020729,0.333825997620663,0.219,0.163,1
"Adss",0.0265436658249662,0.982568691017274,0.123,0.084,1
"Gm14323",0.0265551699752628,-1.07286127829577,0.046,0.074,1
"Mrpl40",0.0266568206830382,0.40537752840831,0.079,0.046,1
"Cyfip2",0.0267319417186218,0.509791319636053,0.26,0.206,1
"Fxyd5",0.026737991402223,-0.23444027442694,0.522,0.562,1
"Eif3i",0.0267948567054613,-0.391891487714687,0.26,0.305,1
"Dnttip2",0.0268556358382035,0.545866204125623,0.11,0.071,1
"Gm12338",0.0269645712178996,0.653112301227625,0.165,0.122,1
"Rfc1",0.0270781811062185,0.678568200183385,0.092,0.056,1
"Tmbim4",0.0271776644479601,0.590824344386049,0.069,0.038,1
"Emg1",0.0273057699140654,0.293140798168067,0.208,0.155,1
"Arhgap15",0.0273985824762571,0.308759039140229,0.185,0.135,1
"Atp5h",0.027611173963993,-0.346683031782238,0.36,0.399,1
"Ctnnb1",0.0276929395143331,0.725925811721317,0.117,0.076,1
"Imp3",0.0277116505402871,-0.332264856689719,0.117,0.16,1
"Gm8186",0.0277285397433988,-0.482573720620478,0.217,0.262,1
"Galnt2",0.0277925366045245,0.974918674650346,0.065,0.036,1
"Mkln1",0.0278751402462118,0.823688390672107,0.062,0.033,1
"Rab3ip",0.0281455900952215,0.6983693665988,0.091,0.056,1
"Gm8841",0.028216549601405,-0.800070478138596,0.078,0.112,1
"Fam134b",0.028311681694014,1.05688337589876,0.084,0.051,1
"Atp6v1d",0.0283531266227409,0.86313196549627,0.176,0.13,1
"Mir142",0.0286441253071374,-0.606541484041019,0.038,0.064,1
"Pkn1",0.0286934309683446,0.445400267743553,0.098,0.061,1
"Copb1",0.028777905237315,0.355606171502277,0.108,0.069,1
"Qdpr",0.0288515112803922,-0.589127524001805,0.046,0.074,1
"Dctn4",0.0291999973627185,0.628204922512764,0.059,0.031,1
"Dnajc7",0.0292713746310714,0.432578348628416,0.186,0.137,1
"Pde2a",0.0293184989755161,0.876972265900734,0.1,0.064,1
"Lars",0.0294210113710537,-1.0419626301543,0.053,0.081,1
"Srf",0.0294309869151101,-1.09393948754656,0.046,0.074,1
"Adrbk1",0.0294657391033037,-0.445764132627095,0.199,0.242,1
"Rpl13-ps3",0.0295787746336048,-1.06389372014388,0.038,0.064,1
"Rpn1",0.0296115975863679,-0.791288007420382,0.058,0.089,1
"D19Ertd737e",0.0296616642877376,1.00773500439585,0.052,0.025,1
"Ighm",0.0297886480591274,0.414275748901025,0.26,0.201,1
"Rps12",0.0298704126871093,-0.393091504925329,0.37,0.41,1
"Snhg12",0.0302426875534728,0.631707964925706,0.131,0.089,1
"Mef2a",0.0304759684578331,1.04314503345609,0.072,0.041,1
"Mpnd",0.0305944474647214,0.331680837324797,0.089,0.053,1
"Atp5j",0.0306096867161594,0.359202708558032,0.229,0.178,1
"Gpr171",0.0306233679171514,0.518831771657599,0.116,0.076,1
"Btg2",0.0308280770194937,0.596778054395217,0.171,0.125,1
"Psma5",0.0310281854313175,0.389562314749366,0.155,0.112,1
"Kdm5b",0.0311892036551649,0.90263239925387,0.058,0.031,1
"Cops7a",0.0313166853249128,0.435984905739608,0.052,0.025,1
"Mettl3",0.0315183832508761,-1.26389589974743,0.033,0.056,1
"Tnfaip3",0.0315234574656477,-0.77503956986437,0.034,0.059,1
"Rbm25",0.0315260480485125,0.136860932689791,0.141,0.097,1
"Sfpq",0.0315626775791232,-0.584532137286869,0.157,0.201,1
"Ddx3x",0.0317309276206252,0.615314462903984,0.192,0.145,1
"Gm13092",0.0318831494633921,-0.380225705698873,0.211,0.257,1
"Surf1",0.0319337369250373,0.667283113241813,0.109,0.071,1
"Hnrpdl",0.0319693107584483,0.470123216369251,0.205,0.155,1
"Ccl5",0.032008496456541,-1.36660806853108,0.165,0.201,1
"Tmem14c",0.0322585575352757,0.307814743117246,0.142,0.097,1
"Mthfd1l",0.0323373870358566,-1.1754458662394,0.033,0.056,1
"Map4k2",0.0325414944059533,0.750675693994646,0.093,0.059,1
"5430437P03Rik",0.0326433752015496,0.653464558216004,0.09,0.056,1
"Snora68",0.03281115811689,-0.908784007413914,0.029,0.051,1
"Gtf2h5",0.0328187834446578,-0.845479353852522,0.063,0.094,1
"Btbd11",0.0328238569472586,-0.674744972530948,0.03,0.053,1
"Pcgf5",0.0329054765810476,0.517495422728415,0.065,0.036,1
"Gm11975",0.033003154287024,0.479245871477951,0.101,0.064,1
"Drap1",0.0330853907749712,-0.462925654121515,0.153,0.196,1
"Gm10159",0.0331257487104238,-0.159713048524753,0.785,0.804,1
"Sell",0.0331957442717361,0.262663375801794,0.492,0.43,1
"Gm9892",0.0332878436353081,0.67610333735306,0.108,0.071,1
"Gpr132",0.0333131837009498,0.325919278551542,0.095,0.059,1
"Xpa",0.0333438197766057,0.863590523802648,0.071,0.041,1
"Aimp1",0.0333865487451458,0.615034617572668,0.18,0.135,1
"Prmt3",0.0333905085872895,-0.926135998096022,0.041,0.066,1
"Casp2",0.0334153552156482,0.779570709152014,0.071,0.041,1
"Ctbp1",0.0335626837496779,-0.401231479474326,0.137,0.181,1
"Vdac1",0.0336401310249937,-0.788573350824243,0.068,0.099,1
"Usp38",0.0337448271086829,0.615259406017975,0.118,0.079,1
"Pip5k1c",0.0338352660495556,0.705696854994035,0.071,0.041,1
"Fbxw7",0.0338442772303733,1.06293990436531,0.054,0.028,1
"Krcc1",0.0338881621771816,0.271648236817627,0.124,0.084,1
"Add3",0.0339467343777099,-0.445473369083604,0.255,0.3,1
"Uvrag",0.034014598724793,1.19765313283771,0.067,0.038,1
"1810037I17Rik",0.0342225717441717,0.509998181607135,0.132,0.092,1
"Oas1c",0.0343032451416501,0.496070171788754,0.062,0.033,1
"Ncor1",0.0344056866208815,0.105134337582748,0.295,0.237,1
"Herpud2",0.0344782608599337,0.679761794484044,0.058,0.031,1
"Cd247",0.0345057282799779,0.318674682108105,0.341,0.277,1
"Runx3",0.0345758831930428,0.177924876152242,0.204,0.15,1
"Hp1bp3",0.0345988047990266,0.4224768660095,0.248,0.196,1
"C80913",0.0347240618360198,1.28436269772265,0.076,0.046,1
"Ehmt1",0.0349076169139836,-0.932626648861823,0.037,0.061,1
"Aprt",0.0351566022430633,-0.804270121754265,0.104,0.14,1
"Oxr1",0.0353451860194463,0.8257405807022,0.058,0.031,1
"2310028O11Rik",0.0353494544828349,0.299388743187871,0.188,0.14,1
"Prpf4",0.035438390654636,0.350701169952588,0.068,0.038,1
"Spty2d1",0.0355124064722139,0.585949976714521,0.058,0.031,1
"Atp5g1",0.0355525947975841,-0.567427511460077,0.125,0.16,1
"Esyt2",0.0355800658014279,0.612621409529271,0.129,0.089,1
"Itgb7",0.035720430312882,-0.552064203748918,0.264,0.303,1
"Ddx49",0.0357671226118582,0.774936241178707,0.08,0.048,1
"Sec11c",0.0357955084961522,0.189780395750249,0.221,0.165,1
"Nucb1",0.0358597965598398,-0.587952090160546,0.062,0.092,1
"Ccdc88c",0.0358955666465634,-0.431945196763899,0.08,0.115,1
"Rps8-ps1",0.0360045404999253,-0.588600426918138,0.049,0.076,1
"Fth1",0.0360174614337688,-0.290363315610568,0.605,0.641,1
"Rpl17-ps4",0.0362423386767189,-0.515574871897529,0.145,0.186,1
"Ubr4",0.0363169945202745,0.50411047537989,0.188,0.142,1
"Kif1b",0.0365111055355919,0.513262116978007,0.096,0.061,1
"Map4k4",0.0365545073100312,-0.605521861565364,0.118,0.158,1
"Acat1",0.0366791095862704,-0.805821475510542,0.07,0.102,1
"Tbc1d15",0.0368362664862112,1.24262949119178,0.06,0.033,1
"Klhdc2",0.0369616680154489,-1.17207716098651,0.039,0.064,1
"Surf2",0.0370198627787425,-1.07644900874013,0.035,0.059,1
"Itpr1",0.0372073004701042,0.519840590056918,0.054,0.028,1
"H2afj",0.0372367725375191,-0.426406566087902,0.183,0.226,1
"Rps27a-ps2",0.0376754927554014,-0.558130258563601,0.087,0.122,1
"Nab1",0.0379101563057796,-0.445220437007832,0.083,0.117,1
"Gtpbp2",0.0379714738570926,0.258873965965982,0.083,0.051,1
"Cdk12",0.0379980521491074,0.836517675297701,0.05,0.025,1
"Pdk1",0.0381204582463264,0.161585466720533,0.201,0.148,1
"Tmem173",0.0381625061179509,0.722521224993576,0.139,0.099,1
"Dda1",0.038215391265288,0.450268176351205,0.109,0.071,1
"Med28",0.0382333397842932,0.393030556009122,0.207,0.155,1
"1600027N09Rik",0.0386486744975674,0.905463213884763,0.06,0.033,1
"Ass1",0.0390092722003999,0.897806419250281,0.076,0.046,1
"Sumo1",0.0390205730910995,0.405186468466948,0.177,0.132,1
"Tmem59",0.0391276568819761,0.378282516199198,0.208,0.158,1
"Mcm4",0.0393249814665246,0.397124090169191,0.077,0.046,1
"Ube2z",0.0394184442710226,0.939198584648761,0.06,0.033,1
"Fasn",0.0396585931408695,-0.871857060548107,0.052,0.079,1
"Rgs2",0.0396867644247266,0.969605499624247,0.057,0.031,1
"Itgb2",0.039874268659867,-0.450530491198156,0.198,0.239,1
"Rnf38",0.0399626787578824,0.587007804131265,0.077,0.046,1
"Tsg101",0.0400058097328724,1.48433359787212,0.056,0.031,1
"Klk8",0.0401924309560992,-0.403946085520654,0.146,0.188,1
"Fam55c",0.0401937462531414,1.33380317349778,0.056,0.031,1
"Adipor1",0.0402605839208232,0.459434378698248,0.122,0.084,1
"Azi2",0.0403207452279164,0.519036289086615,0.124,0.084,1
"2400001E08Rik",0.0403482951205143,0.48164215110159,0.083,0.051,1
"Timp2",0.040401923864463,-0.563219445701586,0.06,0.089,1
"Bmi1",0.0404310471692572,0.808024459309255,0.066,0.038,1
"Mrpl45",0.0404742245973574,0.813967025616541,0.069,0.041,1
"Zmiz2",0.0406087166218534,0.356447210517795,0.13,0.089,1
"Stat5a",0.0406693636762929,0.799011427327549,0.057,0.031,1
"Gm16238",0.0406728010908074,-0.152616060828173,0.841,0.893,1
"Pias1",0.0406760136042206,0.691208090999986,0.089,0.056,1
"Mrps18a",0.0407814861870198,-0.688704441880505,0.058,0.087,1
"0610010K14Rik",0.0408570618696947,-0.627448844145874,0.066,0.097,1
"Tsc22d4",0.0410343986317292,-0.22632811008251,0.178,0.224,1
"Ints9",0.0411279590978021,1.13655926213915,0.059,0.033,1
"Klf6",0.0413443773302,0.506382267109804,0.098,0.064,1
"Psme3",0.0413769175395656,-0.473642348827238,0.066,0.097,1
"Pbrm1",0.0417072041692855,-0.436040928242183,0.168,0.209,1
"Me2",0.0417347348461253,-0.584089815784889,0.071,0.102,1
"Wac",0.041846012104252,0.536871422043438,0.105,0.069,1
"Fam53a",0.0418963447709949,1.16904509654446,0.059,0.033,1
"Il2rb",0.0420277880965182,-0.778233563116163,0.093,0.127,1
"Slc44a2",0.0421117147624384,0.491028513496168,0.173,0.13,1
"Rgs14",0.0427719755990246,-0.992392623068197,0.044,0.069,1
"Lamtor2",0.0428228026366836,-0.358517214138613,0.068,0.099,1
"Ppp1r12a",0.0428589319403026,0.31955862769537,0.134,0.094,1
"Slamf6",0.0429652836533971,0.364838952922187,0.166,0.122,1
"Dpy30",0.0430520154875014,-0.975458461331451,0.048,0.074,1
"Gm14088",0.0431967505270845,-1.039524626949,0.034,0.056,1
"Gm12944",0.0432791842212972,-0.738254866082833,0.072,0.102,1
"Ap2a2",0.0434936926916873,-0.679733940258639,0.038,0.061,1
"Bin1",0.0439139868030993,-0.606691895763124,0.089,0.122,1
"1110038B12Rik",0.0442350407901058,0.248465722601856,0.098,0.064,1
"Rab14",0.0442425122394192,0.68492416285476,0.145,0.107,1
"Eif2s2",0.044431622071532,0.336338658215358,0.27,0.214,1
"BC029722",0.044534038487706,-1.50750903872469,0.036,0.059,1
"Rnf123",0.0446422065815366,0.590275160344057,0.076,0.046,1
"Kdm3a",0.0447027536618895,0.677426826957015,0.069,0.041,1
"Lyrm2",0.0447189757922386,-1.00028349816264,0.032,0.053,1
"Baiap3",0.0448194386798959,0.662600259786001,0.05,0.025,1
"Tab2",0.0449959749272537,0.556068071131518,0.126,0.089,1
"Sbds",0.0450805205822198,0.232443514721691,0.103,0.069,1
"Zfp318",0.0454360981150696,-0.645417043458557,0.03,0.051,1
"Cblb",0.0455594462924451,0.252034834014787,0.105,0.069,1
"Ptges3",0.0458246616960016,0.518964275072685,0.186,0.142,1
"Pdlim2",0.0459208607731277,0.362516241869104,0.115,0.079,1
"Taldo1",0.0463869453071223,0.398287587832008,0.28,0.224,1
"Pde3b",0.046505257126991,0.131168166182961,0.136,0.094,1
"Kdm5a",0.0466094231467015,0.403878142067378,0.149,0.109,1
"Npepl1",0.0466498603463163,-0.533718053849123,0.034,0.056,1
"Nadk",0.0466598771349245,-1.04445234673529,0.055,0.081,1
"Mettl9",0.0468327915668006,0.993681961785304,0.074,0.046,1
"Sptlc2",0.0468839109433548,0.574235515846766,0.069,0.041,1
"Stim2",0.0469097173515996,-0.223899346546194,0.05,0.025,1
"Chd3",0.0471700618152795,0.140520752238264,0.239,0.188,1
"Ccdc6",0.0472538264800458,0.67845145396009,0.059,0.033,1
"Cops2",0.0478946611639957,0.511263623873694,0.078,0.048,1
"Gm4750",0.0479154645142371,-0.739332973546536,0.053,0.079,1
"Cflar",0.0481039299273252,0.461987491018099,0.162,0.122,1
"Gm10250",0.0481404022534396,-0.370917352842094,0.244,0.282,1
"Bzw1",0.0482088992739431,0.34456037139407,0.143,0.102,1
"Yeats4",0.0482112522098212,-0.982777733009712,0.077,0.107,1
"C230081A13Rik",0.0482577138112608,-0.536625170610946,0.044,0.069,1
"Hn1",0.0482678337021377,-0.307248440672029,0.237,0.28,1
"Rbm6",0.0485919980320409,0.4470587534427,0.065,0.038,1
"Rasa1",0.0485966201075492,-0.886647479244148,0.055,0.081,1
"Rpl18-ps2",0.0486049160768703,-0.385003429878194,0.268,0.303,1
"Upf3b",0.0486070274441447,0.780352220887788,0.055,0.031,1
"G3bp1",0.0487325572822599,-0.450593522210756,0.182,0.221,1
"Rpl38",0.0487969200616899,-0.135483359559123,0.892,0.893,1
"Psmd4",0.0488316722101942,0.32526697593648,0.168,0.125,1
"Gm8624",0.048851168426378,-0.285111039109032,0.263,0.31,1
"Phf3",0.0489185043820772,0.769812835441009,0.12,0.084,1
"Dnajc14",0.0493467146494544,0.618096119396323,0.072,0.043,1
"Taf10",0.0493484809773873,-0.633819943373336,0.212,0.249,1
"Ptprcap",0.0494211892352056,-0.189739155824872,0.542,0.573,1
"Gm561",0.0495658458684842,-1.18351236022269,0.03,0.051,1
"Arhgap4",0.0497718801335408,-0.521114173530281,0.108,0.142,1
"Dcaf8",0.0498805049622234,0.425381895673759,0.081,0.051,1
"CT009594.1",0.049944247315345,-0.962980668888478,0.042,0.066,1
"2210016F16Rik",0.0499986901804772,-0.703594450365734,0.07,0.099,1
"Ssrp1",0.0500847149280765,0.395837446774369,0.17,0.127,1
"Glipr1",0.050130340326896,-0.385478663716394,0.054,0.081,1
"Psmf1",0.0503028035925483,0.155602579073349,0.087,0.056,1
"Rsf1",0.050360449233051,0.463936103040097,0.096,0.064,1
"Acaa1a",0.050427962491675,0.893505771972622,0.068,0.041,1
"Cep97",0.0504437413106366,0.484963427365113,0.062,0.036,1
"Ankle2",0.0511556050377589,0.763584279306676,0.068,0.041,1
"Far1",0.051207392784212,-0.661885498828411,0.036,0.059,1
"Dynll1",0.0514652829472806,-0.3109819673729,0.22,0.265,1
"Mdm2",0.0514701304678056,0.637691763036264,0.068,0.041,1
"Rpl27",0.0517174278424467,0.363446514621997,0.159,0.117,1
"Ier3ip1",0.0518228845783106,0.399253725907261,0.115,0.079,1
"Tbk1",0.0519968511600261,0.62921334871471,0.074,0.046,1
"U2af2",0.0519999871545908,-0.789474359836704,0.064,0.092,1
"Fam125a",0.0520331231277085,0.567675598448707,0.077,0.048,1
"Oxa1l",0.0522401210855691,0.547980793534643,0.099,0.066,1
"Elmo1",0.0523205108384074,-0.620013918785752,0.079,0.109,1
"Irak1",0.0524355561864609,-0.52868301048026,0.105,0.14,1
"Aqr",0.0525462287705798,0.433538289850988,0.149,0.112,1
"1810009A15Rik",0.0525736191078311,0.276028087237441,0.103,0.069,1
"Glo1",0.052626059551895,0.938925016606728,0.064,0.038,1
"Gpr68",0.052731367891348,-0.551761385918981,0.042,0.066,1
"Banf1",0.0530377718134853,-0.587855790820449,0.181,0.219,1
"Mdn1",0.0531655686118845,-0.759945775397193,0.06,0.087,1
"Sept1",0.0532231601759045,-0.63642312139578,0.14,0.17,1
"Tfam",0.0534256631714768,0.583010863843888,0.137,0.099,1
"Stambpl1",0.0536911909953712,1.03935035180068,0.054,0.031,1
"Cdk11b",0.0537627452738651,0.82557082265046,0.074,0.046,1
"Myc",0.0538167031557894,-0.597915488243753,0.093,0.125,1
"Clk1",0.0541388965458916,0.370013597479512,0.115,0.079,1
"Dbi",0.0546223875120438,-0.564819148716676,0.072,0.102,1
"Tln1",0.0547942050290169,-0.295975113154249,0.272,0.321,1
"Acsl5",0.0548273297257621,0.348320670612717,0.134,0.097,1
"Srsf3",0.0549134010457065,0.151876300041183,0.244,0.188,1
"Gm16382",0.0549443740813378,-0.672689428274247,0.045,0.069,1
"Myo1f",0.0552311062951826,-1.108307267945,0.037,0.059,1
"Hmgb2",0.0553461459357402,0.213694196187711,0.126,0.089,1
"Bloc1s1",0.0553484594883836,0.255807383575926,0.157,0.117,1
"Txnip",0.0554465697934561,0.195738309170787,0.419,0.364,1
"2210012G02Rik",0.0555426951274686,0.646995848480442,0.074,0.046,1
"1810006K21Rik",0.0555686164231365,-0.431850437475557,0.135,0.173,1
"G6pdx",0.0559956761412947,-0.909741469582562,0.041,0.064,1
"AC141469.5",0.0560084669758578,0.601676849416794,0.068,0.041,1
"Elp2",0.056311171268503,-0.775240403456453,0.051,0.076,1
"Gm6133",0.0564698626222832,0.648098716309741,0.094,0.064,1
"Ttf1",0.056912757618855,0.96322455561905,0.07,0.043,1
"Polb",0.0570716330623082,-0.614184319927612,0.034,0.056,1
"Snrnp48",0.0573142601225402,0.624534183219837,0.054,0.031,1
"Ddx52",0.0574601055351268,0.657370545867883,0.101,0.069,1
"Txn1",0.0575030091772477,0.296439451458119,0.283,0.229,1
"Sdad1",0.0575742134562919,0.862949821038821,0.051,0.028,1
"Gm10529",0.0578116684517565,0.675104656520075,0.077,0.048,1
"Mtpap",0.0578723600478207,0.837100059269516,0.058,0.033,1
"Gm11604",0.057898641640173,-0.927736620255854,0.033,0.053,1
"Mllt10",0.0580575921031199,0.728249722814667,0.082,0.053,1
"Ndufa9",0.0581316775377491,0.220116652674988,0.108,0.074,1
"Mlx",0.0582130144425182,-0.567370493219379,0.07,0.099,1
"Gm6790",0.0582542474917736,-0.4925444183694,0.142,0.178,1
"Rheb",0.058286890830392,0.67952781699346,0.089,0.059,1
"Rps6ka1",0.0584782368694633,-0.455509243933758,0.121,0.155,1
"Tmem33",0.0585404573521683,0.509836680353693,0.073,0.046,1
"Ppp1r2",0.0588308915327335,-0.787952289872029,0.033,0.053,1
"Ahcyl1",0.0589939238604731,0.690694875857262,0.061,0.036,1
"Ankhd1",0.0590718116336742,0.806254763240229,0.085,0.056,1
"Mbp",0.0591689413263755,0.393259900237113,0.161,0.12,1
"Sec31a",0.0591940128201853,1.0105863633947,0.066,0.041,1
"Rpl30",0.0593407967499048,-0.135247689243797,0.812,0.847,1
"Arpc2",0.0594744214979132,-0.168730236173182,0.537,0.583,1
"Ppp2r5c",0.0596733558772737,0.230859580377547,0.212,0.165,1
"Mrpl20",0.0597135692286274,-0.80435440009486,0.085,0.115,1
"Smcr7l",0.0600384072075028,-1.01756213600057,0.031,0.051,1
"Akr1a4",0.0602781953885279,0.211208820608441,0.317,0.26,1
"Pdcd10",0.0609453934282722,0.348372610644447,0.16,0.12,1
"Sike1",0.0610585469983377,-0.747803627552096,0.047,0.071,1
"Mga",0.0615310399964553,0.431403848412561,0.098,0.066,1
"Myd88",0.0616566288963068,0.454545889882497,0.097,0.066,1
"Usp4",0.0619237242651251,-0.651836729344764,0.062,0.089,1
"Gm5561",0.06198648813363,-0.205023833577023,0.438,0.481,1
"Trim44",0.0620015629057053,0.164747562882728,0.065,0.038,1
"Rsbn1l",0.0620611027420336,0.549540512822322,0.118,0.084,1
"Imp4",0.0621867274383467,-0.821782262713943,0.052,0.076,1
"Nans",0.0622297505305004,-0.849040722507606,0.043,0.066,1
"Slc9a3r1",0.0623701506913352,-0.436672785847966,0.162,0.196,1
"Tuba4a",0.0623828703234537,-0.81534747299343,0.132,0.16,1
"Ccnd2",0.0625674041155491,0.30965686765977,0.509,0.466,1
"Fgf13",0.0626092618723739,-0.935554416551159,0.042,0.064,1
"2510039O18Rik",0.0626618378806486,0.805942999995888,0.073,0.046,1
"Uqcr10",0.0626651236709079,0.405373161731292,0.188,0.142,1
"Atp5b",0.0626865368492161,-0.261957078186377,0.474,0.511,1
"Icam1",0.0630703918085911,0.721000657093614,0.066,0.041,1
"Fbxl12",0.0631106805982194,0.832721288225415,0.069,0.043,1
"Ddi2",0.0631583958034733,-0.655581016458681,0.039,0.061,1
"Rbm17",0.0634809000176724,0.49100273095436,0.137,0.102,1
"Cat",0.063493260357805,-0.464356672201378,0.056,0.081,1
"Gemin7",0.0635903130164521,-0.958097550162728,0.035,0.056,1
"Snord35b",0.0636805807423372,0.183595560031852,0.489,0.42,1
"BC018507",0.0637099250511102,0.113879803522634,0.054,0.031,1
"Sf3b3",0.0637499578007929,-0.552742578906083,0.125,0.158,1
"Zfp654",0.0637572304670738,-0.980645506521776,0.031,0.051,1
"Zfand5",0.064011241185941,0.40271173792294,0.061,0.036,1
"Serp1",0.0644577976084869,0.101531101617005,0.155,0.115,1
"B4galt7",0.0644598955358076,-0.843441227592575,0.042,0.064,1
"Osbpl8",0.0647329609904218,-0.597451160947047,0.058,0.084,1
"Ppil2",0.064760577230901,0.666773867573755,0.085,0.056,1
"Cdc42se1",0.0648234476373877,-0.242595811883052,0.275,0.318,1
"Mapk9",0.065402754856717,0.726651641099618,0.06,0.036,1
"Gm10072",0.0654176106995929,-1.06715007622502,0.034,0.053,1
"Sart3",0.06562631791656,1.35021165576475,0.053,0.031,1
"Gm12760",0.0658851315624081,-0.796781441123634,0.054,0.079,1
"Rhof",0.0659495263027982,-0.412546550808771,0.058,0.084,1
"Tsnax",0.0660735559213949,0.448886244610367,0.076,0.048,1
"Pip4k2b",0.066250058315052,-0.797969583684152,0.059,0.084,1
"Rest",0.0663205122461513,0.812503126502443,0.066,0.041,1
"Arid5a",0.066559221694088,0.35578616365818,0.107,0.074,1
"Sharpin",0.0665664316894284,0.294357976706825,0.085,0.056,1
"Tsc22d3",0.0668077652269553,-0.411373395335512,0.199,0.237,1
"Pde4b",0.0671315104585907,-0.843697946353489,0.075,0.102,1
"Dock11",0.0672757894527962,0.45432042293287,0.172,0.132,1
"Mrpl15",0.0673963098417882,-0.162515629395589,0.099,0.066,1
"Tox4",0.0674548428983533,0.556545405998732,0.109,0.076,1
"Ehmt2",0.0674595456066601,0.711384331924129,0.084,0.056,1
"Ift80",0.0674947608888248,0.540557977963293,0.054,0.031,1
"St13",0.0682163500993919,0.67464942428623,0.141,0.107,1
"Rpsa-ps12",0.0682688431734741,-0.749191980103739,0.089,0.117,1
"Ranbp3",0.0683067411760779,0.405111791524132,0.075,0.048,1
"Grsf1",0.0683604671122103,0.64370397512265,0.06,0.036,1
"Rnf166",0.0686356000753683,0.246652757246648,0.136,0.099,1
"Pik3c3",0.0686560012714568,0.976746996413017,0.059,0.036,1
"Snx5",0.0687424075774779,-0.18494423680879,0.177,0.219,1
"Prkag1",0.0689654222883872,-0.793796935721647,0.053,0.076,1
"Vdac2",0.0689831329921265,0.158638634677155,0.185,0.14,1
"Tor2a",0.069065293809247,0.297182123245664,0.063,0.038,1
"Gm6834",0.0690810679896291,-0.745665054520256,0.042,0.064,1
"Gm13215",0.0691019444860178,-0.796865770287666,0.038,0.059,1
"Traf3ip2",0.0691649806566071,0.516018957188775,0.057,0.033,1
"Tecpr1",0.0691658138792822,0.303946249620501,0.161,0.122,1
"Eed",0.0694450974895969,-0.56994491138693,0.059,0.084,1
"Ccng1",0.0696471400874602,0.331280565164267,0.122,0.087,1
"Cdt1",0.069719271126262,0.926083612639192,0.056,0.033,1
"Arpc1a",0.0698760290722669,0.244820723889994,0.057,0.033,1
"Ifngr1",0.0708539287859518,-0.207734770128059,0.106,0.14,1
"Ccnt1",0.0709296991982163,-0.495211161878778,0.076,0.104,1
"Gm12466",0.0711194070363534,-0.825612243860059,0.053,0.076,1
"Kctd10",0.071287007598819,-0.589579725120765,0.083,0.112,1
"Ppp1cb",0.0713367125965025,0.495351638630851,0.11,0.079,1
"Dok2",0.0713678635096917,-0.38713940700118,0.035,0.056,1
"Serf2",0.0713700460745528,-0.313263680306383,0.153,0.188,1
"Evi2b",0.0715837799644354,0.245675025058562,0.123,0.089,1
"Stra13",0.071996899088463,-0.507735137819483,0.048,0.071,1
"Hsd17b4",0.0720098563673147,0.528041793141492,0.05,0.028,1
"Mast3",0.0720593102864101,-0.644133668510228,0.077,0.104,1
"Uhmk1",0.0720852970737219,-0.577794176537372,0.079,0.107,1
"Actr3",0.0721635300884563,-0.296235378740651,0.384,0.415,1
"Gm3511",0.0722725979014746,-0.32950157880558,0.339,0.377,1
"Gspt1",0.0723316701829948,0.493663407096085,0.145,0.109,1
"Acap2",0.0723753439687409,-0.884771714037036,0.036,0.056,1
"Terf2",0.0724075886759792,-0.922994535203622,0.046,0.069,1
"Zfp281",0.0724301574946508,0.248437769325818,0.088,0.059,1
"Akt1",0.0728870338716516,-0.620693045486134,0.069,0.097,1
"Lta4h",0.0732218791858789,-0.544464159568339,0.086,0.115,1
"Ubr2",0.0733012764780413,0.433119547913646,0.1,0.069,1
"Filip1l",0.0733549467988133,-0.67768744426421,0.092,0.122,1
"Canx",0.073539209539955,0.454426224907429,0.177,0.14,1
"Dcaf11",0.0737091652737714,0.235373943473691,0.075,0.048,1
"Usp10",0.0738310827025145,-1.26013627279829,0.038,0.059,1
"Ngfrap1",0.0740545964813414,-1.16385966297392,0.038,0.059,1
"Lsm1",0.0740660942575392,0.6414931917245,0.074,0.048,1
"Phf5a",0.0742282583528171,0.140691612806516,0.088,0.059,1
"Akap13",0.0743365297118359,0.225992180629762,0.39,0.338,1
"Gm10063",0.0746319979567337,-0.562811830703709,0.034,0.053,1
"Traf2",0.0747084133632283,-0.812315957550487,0.038,0.059,1
"Ppm1b",0.0750352409351475,-0.512501209376073,0.072,0.099,1
"Elovl1",0.0751259791403682,1.01494657871613,0.065,0.041,1
"Dennd1b",0.0754089408088922,0.92242570882828,0.068,0.043,1
"Gm8129",0.0754388663837183,-0.323831420447073,0.351,0.382,1
"Entpd5",0.0756944008067802,0.216980668869528,0.062,0.038,1
"Naa25",0.0757266796779504,0.839762089088895,0.059,0.036,1
"Skap1",0.0758303991354022,-0.233493788588942,0.301,0.346,1
"Gm5812",0.0759843511206625,-0.788146273883739,0.06,0.084,1
"Eapp",0.0761172410659858,0.677524998849655,0.086,0.059,1
"Snx2",0.0761206058552561,0.779027524546166,0.117,0.087,1
"Vps11",0.0765212035543102,-1.05693139048729,0.038,0.059,1
"Plrg1",0.0765593916783131,-0.763996752769335,0.053,0.076,1
"Gimap6",0.0765934486657945,0.161317156317102,0.469,0.397,1
"BC005537",0.0767214036539413,0.201350725398606,0.251,0.204,1
"Klf2",0.0769489635847306,-0.201492700068817,0.426,0.463,1
"Ccdc23",0.0777984587432955,0.21857715468784,0.093,0.064,1
"Itpa",0.0783403120261044,0.621405316682703,0.058,0.036,1
"Hmgb1",0.0783622315103241,-0.493297649069681,0.059,0.084,1
"Gm7117",0.078444997549467,-0.445654685253778,0.146,0.181,1
"Zzef1",0.0785635077610217,0.473594687766414,0.077,0.051,1
"Cnot6",0.0785716690679885,0.411443962621157,0.109,0.076,1
"Rpl23a",0.0787784998334982,-0.514896567110456,0.114,0.145,1
"Coro1b",0.0793025622404222,0.366178096068278,0.22,0.178,1
"Gm6483",0.0793889367080321,0.547306343609082,0.118,0.087,1
"Impa1",0.0795387841643658,0.905270147162805,0.052,0.031,1
"Raf1",0.0796129737763488,0.647516662005815,0.077,0.051,1
"AI314180",0.0796148531867316,0.585689741237807,0.068,0.043,1
"Gm13213",0.0799601278744807,-0.65853230031658,0.058,0.081,1
"Etfb",0.0802736300705661,-0.724065191931376,0.06,0.084,1
"Zeb1",0.0803970131098916,0.985414138869249,0.064,0.041,1
"D730040F13Rik",0.0803982980477524,0.882172678844875,0.052,0.031,1
"Synrg",0.080490324893778,0.138055815500605,0.081,0.053,1
"Gm16286",0.0805956482653437,-0.455546232904698,0.12,0.153,1
"Gm15531",0.0806907321659089,-0.7732230116446,0.038,0.059,1
"Safb2",0.0807003883294482,-0.69335127916348,0.064,0.089,1
"BC031781",0.0807087088321681,0.833596162599232,0.058,0.036,1
"Jkamp",0.0807499135749803,-0.845998845844059,0.032,0.051,1
"Pnpla7",0.0810217291100444,0.864087422855994,0.055,0.033,1
"Larp7",0.0811860456801541,-0.517495968396289,0.055,0.079,1
"Letm1",0.0820099672180538,0.724650662901153,0.077,0.051,1
"Rpl37",0.0820313493786988,0.103803703283626,0.887,0.868,1
"Sema4a",0.0821828846505224,-0.517482113656663,0.077,0.104,1
"Atp6v0c",0.0822371698058049,-1.07103023808058,0.043,0.064,1
"Pom121",0.0825070897097154,-1.15579437485658,0.038,0.059,1
"Il27ra",0.0825631776309506,-0.45752890426378,0.131,0.163,1
"Mtch2",0.0826153338721811,0.55491327337619,0.089,0.061,1
"Clec2d",0.0826667506409039,0.593730255702271,0.065,0.041,1
"Sh3glb2",0.0827517540590087,-0.662648130874947,0.038,0.059,1
"2610019F03Rik",0.0827553736051229,0.527527899221251,0.145,0.109,1
"Clk3",0.0831331555127454,0.449031959616438,0.071,0.046,1
"Rps7",0.0832497098902474,0.125160105709056,0.546,0.494,1
"Dcaf13",0.0834143273653922,0.632070540880252,0.058,0.036,1
"Acin1",0.0842864929242278,0.237970933084726,0.181,0.14,1
"Pacs2",0.0846667734670685,-0.509333388391372,0.034,0.053,1
"Rpl9-ps4",0.084766956471952,-0.858133204265455,0.061,0.084,1
"Cetn2",0.0848392610166601,-0.474458876198934,0.075,0.102,1
"D11Wsu99e",0.0849505893235152,-0.382366649141937,0.076,0.102,1
"Map2k2",0.0849762673210018,-0.401007304843895,0.16,0.191,1
"Pik3cd",0.0852512709351976,-0.428980789540663,0.255,0.288,1
"Prrc2b",0.0859414661264575,0.32430232802164,0.173,0.135,1
"Ankrd12",0.0859842234899647,0.541513416519737,0.097,0.069,1
"Ppp2r5a",0.0859843673198053,-0.37307045262195,0.263,0.295,1
"5033414D02Rik",0.0863203630018329,0.385549185788452,0.085,0.059,1
"Clptm1l",0.0863701673456967,0.546910078092366,0.1,0.071,1
"Grina",0.086451728285438,0.716325450501295,0.088,0.061,1
"Hpcal1",0.0868945622147353,0.32386985068651,0.137,0.102,1
"Bzw2",0.0879426878984895,-0.675154859849334,0.147,0.178,1
"Sec16a",0.0884826713832417,0.504435038444151,0.082,0.056,1
"Prmt5",0.088846720447026,-0.653958543720233,0.087,0.115,1
"Hmox2",0.0888867385696976,-0.370989372777939,0.093,0.122,1
"Ubn2",0.0891706528508128,0.393128650804569,0.07,0.046,1
"Iws1",0.0892797053912396,0.550336800526709,0.058,0.036,1
"Ephx1",0.0892873222151309,-0.530941035276586,0.055,0.079,1
"Anapc16",0.0894372608303009,0.507217258134382,0.103,0.074,1
"Rps13",0.0895031235993197,0.219486281108037,0.216,0.173,1
"Tspyl1",0.0895494011806999,-0.336943830624034,0.084,0.112,1
"Cct4",0.0895799417258304,-0.396098138176698,0.216,0.252,1
"Sp1",0.0899316642177839,-0.323581206761806,0.118,0.15,1
"Dek",0.090139418793858,0.170142441509485,0.227,0.183,1
"Gm11450",0.0901881677067408,-0.697993653773669,0.058,0.081,1
"Trim35",0.0903360639079623,-0.338721444328737,0.045,0.066,1
"Akap8",0.0904774689663115,0.589328176856572,0.118,0.087,1
"Gm14044",0.0904803551687827,0.134908175011255,0.313,0.252,1
"Baz1a",0.090573577533973,-0.812288072354525,0.077,0.102,1
"Pfdn2",0.0907193701708029,0.10700301639414,0.089,0.061,1
"Tex10",0.0908962039328819,0.862073381634784,0.058,0.036,1
"1810013D10Rik",0.0909075079007718,0.517565839472869,0.063,0.041,1
"Srsf4",0.0909204897458383,0.673922477307481,0.064,0.041,1
"Maf1",0.0911139641544219,0.349554813025742,0.131,0.099,1
"Triap1",0.0912550135945196,1.29144899684375,0.057,0.036,1
"Gcc2",0.0915008496126172,0.511074496882864,0.058,0.036,1
"4933421E11Rik",0.0915682587491203,0.799410872576223,0.051,0.031,1
"AC132082.1",0.0916804828266639,-0.430818425774122,0.086,0.115,1
"Vps52",0.0916828719413156,0.779768264754811,0.058,0.036,1
"St3gal1",0.0917132357969542,-0.436233204595311,0.047,0.069,1
"Snx12",0.091877357251632,-0.639169925340832,0.041,0.061,1
"Rpl6",0.0918891963770481,-0.180685935149032,0.698,0.71,1
"Ndufa7",0.0919195728855706,-0.493338225267391,0.233,0.267,1
"Paqr7",0.092225970138992,-0.876588033732206,0.05,0.071,1
"Wdr18",0.0925361603241552,0.578819894560805,0.058,0.036,1
"Dnaja1",0.0925861057296971,0.153414092033252,0.24,0.196,1
"Mgea5",0.093216576824527,0.307547935185343,0.146,0.112,1
"Lypla1",0.0935707054867136,0.630769704182885,0.061,0.038,1
"Nsfl1c",0.0936806154573234,0.691717860673725,0.073,0.048,1
"Pppde1",0.0936909655836706,0.572431584535021,0.061,0.038,1
"Pppde2",0.0939077833031408,0.602287622026535,0.051,0.031,1
"Psd4",0.0940909420938938,0.116639002965287,0.105,0.076,1
"Cr1l",0.0942487056211319,-0.512307042356885,0.077,0.104,1
"Dhx38",0.0943319776201917,0.631161061718215,0.067,0.043,1
"Rpn2",0.0943577530360589,0.364501014476945,0.188,0.15,1
"Arpp19",0.0943982301680689,0.217852020103299,0.212,0.17,1
"Cd3d",0.0944065477702179,-0.177175341540864,0.648,0.672,1
"Dpy19l1",0.0944151162492381,0.279723289314903,0.061,0.038,1
"Evl",0.0946072403009915,0.212462033993311,0.456,0.394,1
"Gbf1",0.0947636437460777,0.370229313017099,0.064,0.041,1
"Ufm1",0.0954346607415452,0.887921351370503,0.069,0.046,1
"Apbb1ip",0.0957160660330366,0.272986978710075,0.236,0.193,1
"Mthfs",0.0963506469741501,-0.471973072593886,0.037,0.056,1
"Ddx10",0.0965053728144827,0.651118685562546,0.069,0.046,1
"Ddb1",0.0967068364148566,0.368900539175011,0.113,0.081,1
"Gtf2a2",0.097011373124574,0.345806170271549,0.081,0.056,1
"Pole3",0.0978454226866613,-0.270635316953359,0.051,0.031,1
"Ier2",0.0978659545919489,-0.810148609947674,0.073,0.097,1
"Pdap1",0.0979476066574209,0.254720942020488,0.102,0.074,1
"Ctage5",0.0981978113313521,0.135902993706766,0.145,0.109,1
"Qars",0.098333961476311,-0.463300668610073,0.104,0.132,1
"Ndufa1",0.0986143952093374,-0.509167279748988,0.185,0.216,1
"Parp8",0.0986925785724598,0.882837241854673,0.05,0.031,1
"Ubqln1",0.0988862402843356,-0.383975734181007,0.089,0.117,1
"Mfhas1",0.0989678529244839,0.836000398738347,0.05,0.031,1
"Rps6-ps1",0.0991231651600373,-0.229693370961749,0.532,0.539,1
"Ubac2",0.0991807468649542,0.462590329113042,0.15,0.117,1
"Pink1",0.0997578936683438,0.204980045277628,0.087,0.061,1
"Nmd3",0.0997964742032333,0.669231574786997,0.054,0.033,1
"Lrrc33",0.100173464701567,-0.202411376859826,0.056,0.079,1
"Gm5687",0.100474705565994,-0.71051960673184,0.035,0.053,1
"Bcl2l11",0.100512043101321,-0.826182809980858,0.035,0.053,1
"D4Ertd22e",0.100535352229326,-0.523883720922535,0.058,0.081,1
"H2-Aa",0.100771814476067,-0.581883287574914,0.169,0.198,1
"Zcchc6",0.10084507519395,0.320178058010423,0.114,0.084,1
"Mrps15",0.101693541172262,-0.524171527132324,0.091,0.117,1
"Cap1",0.101904353739307,-0.333821806031797,0.114,0.145,1
"Tle4",0.102207696997015,0.627136653320963,0.113,0.084,1
"Inpp5k",0.102820681108758,0.494784973235155,0.081,0.056,1
"0610007L01Rik",0.102820682215372,0.533976611656604,0.081,0.056,1
"Trabd",0.102874969503217,-0.755899081565791,0.038,0.056,1
"Pdha1",0.102932416932408,-0.457730027775929,0.117,0.148,1
"Hook3",0.10303922889259,-0.881264466186491,0.035,0.053,1
"Rps6ka3",0.103071734992078,-0.66838637528918,0.097,0.125,1
"Bbx",0.103094810128265,0.643409029470864,0.086,0.061,1
"Insl3",0.103216413121854,0.597310902466906,0.078,0.053,1
"Zfp945",0.103313458299273,0.666815048864812,0.05,0.031,1
"C1d",0.103619875712807,0.383279012280597,0.054,0.033,1
"G3bp2",0.103657843238101,0.137681264424118,0.207,0.168,1
"Prr14",0.10391398109105,0.385417167250803,0.06,0.038,1
"Jmjd1c",0.103920909476153,0.463385340245875,0.101,0.074,1
"Taok3",0.1039293903219,-0.442841557197069,0.085,0.112,1
"Kif21b",0.103934824217939,-0.287916680749225,0.145,0.178,1
"Gm6450",0.10395097648774,-0.525788415502267,0.105,0.132,1
"Abi1",0.104061569608116,0.405202937062759,0.135,0.104,1
"Hivep2",0.104216606689542,0.295239981925154,0.085,0.059,1
"Ptdss1",0.104263944449429,-0.441685801903999,0.035,0.053,1
"Zfp110",0.104284467816644,0.523211341286348,0.073,0.048,1
"Tnpo1",0.104449097799926,0.722792302703541,0.069,0.046,1
"Gcap14",0.104629960287361,0.384930469889234,0.057,0.036,1
"Gm10177",0.104731474012228,0.514428228660562,0.108,0.079,1
"Set",0.104864253755142,-0.361748622343647,0.297,0.328,1
"Gramd4",0.105398673756755,0.586223098692428,0.075,0.051,1
"Gnptg",0.105400759806793,0.61635125926192,0.072,0.048,1
"Tnfrsf1b",0.105651733001173,0.440201703853196,0.057,0.036,1
"0910001L09Rik",0.105944003219732,-0.509987698946663,0.054,0.076,1
"1110054O05Rik",0.106209294251576,-0.683468459902721,0.044,0.064,1
"Unc45a",0.106236464145411,-0.847412964047635,0.034,0.051,1
"Zkscan17",0.106598047900974,0.403646579188554,0.05,0.031,1
"Rfc2",0.106745551084294,0.63737428544228,0.065,0.043,1
"Hras1",0.107140384634173,-0.534594891757256,0.035,0.053,1
"Morf4l1",0.107501150557396,-0.446451243190167,0.18,0.209,1
"Lrrc59",0.107520304755935,-0.972557612024568,0.046,0.066,1
"Farsb",0.107655564268353,-0.615909543307073,0.075,0.099,1
"Eif4a3",0.107920292322106,-0.60377270398528,0.129,0.158,1
"Ubl4",0.107939317793464,-0.522419469426036,0.046,0.066,1
"Elof1",0.10809520805279,0.503904667341741,0.054,0.033,1
"Vdac3",0.108325519041911,0.556240152088636,0.069,0.046,1
"Prdx2",0.108342621668803,0.197219516198081,0.163,0.127,1
"1110004F10Rik",0.108352761349714,0.24268742497574,0.127,0.094,1
"A430104N18Rik",0.108355661997702,-0.465085741202375,0.188,0.216,1
"Gm10362",0.108550813983972,-0.527352277249551,0.065,0.089,1
"Kin",0.108617701264065,-0.713419491676615,0.038,0.056,1
"Rpl21-ps14",0.108849488760548,-0.762259182540436,0.038,0.056,1
"Slmap",0.108992505078337,0.465683246769688,0.056,0.036,1
"Angel2",0.109070874960305,0.437556496354066,0.087,0.061,1
"Ddx54",0.109343345109135,0.252024536714032,0.112,0.081,1
"Gdi1",0.109535973510785,0.404244515405036,0.069,0.046,1
"Mapk1ip1l",0.10991718660083,0.51563982825953,0.073,0.048,1
"Gart",0.109948624815451,-0.699979874263116,0.066,0.089,1
"Rinl",0.109964271206337,-0.435291673303035,0.109,0.137,1
"Gse1",0.110244736281475,1.01599310926796,0.05,0.031,1
"Mrpl48",0.110434716776857,0.303289682705645,0.069,0.046,1
"Gm15920",0.110576117020466,-0.98172554926389,0.049,0.069,1
"Pcnt",0.110715974505654,0.216697695720395,0.05,0.031,1
"Rab6",0.111015042062411,0.382353361778573,0.09,0.064,1
"Lsm14b",0.111207841923311,-0.108546555592183,0.035,0.053,1
"Cops6",0.111651552221383,0.115315344793877,0.126,0.094,1
"Tra2b",0.111674639603216,0.407799558815896,0.156,0.122,1
"Trim26",0.11210717759423,0.57192978636807,0.106,0.079,1
"C2cd3",0.112678200560852,0.411391807636046,0.065,0.043,1
"Ciao1",0.112760242172635,0.348098219873585,0.077,0.053,1
"Usp8",0.112791186979502,0.12152949667545,0.075,0.051,1
"Rpl36",0.112875064356804,-0.226602080462005,0.44,0.468,1
"Gpr18",0.112900905046204,0.146535945195023,0.169,0.132,1
"Slc6a6",0.112946297201327,0.570427921242093,0.065,0.043,1
"Rmnd5a",0.113105240191292,-0.619950377690175,0.064,0.087,1
"Mrpl3",0.113315752034622,-0.65721191209166,0.055,0.076,1
"Ccnd3",0.113438372178467,-0.510411940683667,0.164,0.193,1
"Tmem149",0.113607883693455,-0.411806488845026,0.038,0.056,1
"Aurkaip1",0.113703339830414,0.351097463172215,0.153,0.12,1
"B4galt1",0.113981939026982,-0.527202789331722,0.088,0.115,1
"Rnf130",0.114249174424228,-0.315252662362506,0.038,0.056,1
"C1qbp",0.114735190713574,-0.62004131131483,0.166,0.193,1
"Acaa2",0.115005396072817,-0.349254356780362,0.091,0.117,1
"Zc3h15",0.115162103999204,0.192420954953308,0.153,0.12,1
"Sppl3",0.1154844843894,-0.894464514373325,0.054,0.074,1
"Ep400",0.115778295383477,0.406045972295619,0.149,0.117,1
"Gm7336",0.11614431990182,0.623499398809363,0.05,0.031,1
"Anapc5",0.116259233587447,-0.413911486179656,0.15,0.181,1
"Ctdsp1",0.116330349233713,-0.337084440037435,0.121,0.15,1
"Rbl2",0.116443120267238,-0.22326068058241,0.065,0.043,1
"Dcaf15",0.116590520388841,0.229765577539426,0.072,0.048,1
"Mif",0.116615967498274,-0.239706450241992,0.212,0.249,1
"Actn4",0.116921231623691,0.337774365602582,0.128,0.097,1
"Sidt2",0.117200920181285,-0.725554625179152,0.055,0.076,1
"Abcd1",0.117290013448592,0.62292903291366,0.05,0.031,1
"Rwdd1",0.117306165569734,0.525693979402762,0.074,0.051,1
"Sfswap",0.117329679709271,0.538739318465636,0.05,0.031,1
"Gm7589",0.117827656179166,-0.599647109882952,0.073,0.097,1
"Suds3",0.11813548078643,-0.22951015106955,0.077,0.102,1
"Cyth1",0.118382477614582,0.247305399269695,0.157,0.125,1
"Rpl36al",0.11852231602968,-0.152316878171962,0.48,0.511,1
"Mark3",0.118764620986424,0.326394853838338,0.05,0.031,1
"Pfdn5",0.118990471008507,0.221288323224674,0.518,0.473,1
"Atox1",0.119218608666607,-0.57397063017674,0.095,0.12,1
"Stat6",0.119628010526487,-0.3679725067629,0.107,0.135,1
"Rnf10",0.119689276501878,0.413716041356178,0.068,0.046,1
"Fam103a1",0.119872871644574,0.408292402144738,0.071,0.048,1
"Rpia",0.120160290539883,-0.426060258291757,0.034,0.051,1
"Ptpn6",0.12024911714518,-0.245005784716756,0.249,0.282,1
"Mknk2",0.120690418804031,-0.504673411018326,0.174,0.204,1
"Gimap9",0.120707648925425,0.291309019999124,0.172,0.137,1
"Tkt",0.120857597032674,-0.56342688636802,0.077,0.099,1
"Pttg1",0.121038372424504,0.364563565756064,0.11,0.081,1
"Rbm15b",0.121043627732538,0.681954444693607,0.055,0.036,1
"Ppp1ca",0.121171775349005,-0.106118792406042,0.4,0.438,1
"Gna13",0.121226834042505,0.199453377168712,0.163,0.127,1
"Frg1",0.1214425544498,0.169229259113668,0.102,0.074,1
"Senp3",0.121679492099341,-1.04765379083484,0.047,0.066,1
"D8Ertd738e",0.121889809417886,0.158852934169298,0.177,0.14,1
"Phf21a",0.122432526409793,0.628230241958568,0.077,0.053,1
"Nlgn3",0.122590616636185,-0.499244780399802,0.06,0.081,1
"Scd2",0.123017718252737,-0.478428861695737,0.073,0.097,1
"Chchd1",0.123352833139308,0.417018911776544,0.1,0.074,1
"Chd6",0.123810318427386,1.26756290358406,0.058,0.038,1
"Crebzf",0.12393041552617,-0.600724425336844,0.049,0.069,1
"Hadh",0.124083025887463,0.500472066400937,0.058,0.038,1
"Cybb",0.124625405250973,0.779301520186666,0.055,0.036,1
"Sdhaf2",0.125173111239695,0.618405981603717,0.082,0.059,1
"Parp1",0.125371889062857,-0.423998488211862,0.076,0.099,1
"Abhd2",0.125415065398648,-0.346882432344739,0.07,0.094,1
"Gnb2",0.125764600958792,0.353044235078093,0.143,0.112,1
"Idh2",0.125854941746918,0.531845045468695,0.062,0.041,1
"Rnf7",0.126051382514233,-0.253904898670361,0.057,0.079,1
"Sumo3",0.12610225205889,0.204306197432882,0.105,0.076,1
"Ankfy1",0.126435462797245,0.278355680801067,0.11,0.081,1
"Bod1l",0.127295144701466,0.100304860079569,0.143,0.109,1
"Rpl3",0.127342609623897,-0.212984379626259,0.432,0.463,1
"Cad",0.127582600231538,-1.08437275888267,0.034,0.051,1
"Swi5",0.127817956444318,0.390408323884931,0.122,0.094,1
"1500003O03Rik",0.127895430255303,-0.414212573413638,0.092,0.117,1
"Gm10166",0.127946899490295,-0.633658862428095,0.038,0.056,1
"Ap3d1",0.128042728365867,0.484552885370085,0.079,0.056,1
"Slc28a2",0.128143866673855,0.465502241955117,0.079,0.056,1
"Klf13",0.128348035066691,0.263971015475122,0.337,0.295,1
"Tpr",0.128408681380117,0.340638939622953,0.344,0.3,1
"Rbm7",0.128553764946053,0.139652291277333,0.086,0.061,1
"Sla2",0.128798470416178,-0.358153406875362,0.053,0.074,1
"Mcart1",0.129015876480045,0.57595853924745,0.055,0.036,1
"D230037D09Rik",0.129053050816899,-0.743412414599013,0.034,0.051,1
"Rac1",0.129625880369445,-0.182010293354967,0.3,0.331,1
"Tapbpl",0.129707094526371,0.166443472248825,0.149,0.115,1
"Zdhhc20",0.129730482071457,-0.481759349005263,0.1,0.125,1
"Aco2",0.129872715068831,0.611609085003965,0.079,0.056,1
"Cmtm6",0.129919711666456,0.353024168672892,0.146,0.115,1
"Tox",0.130152189330753,0.357352694506608,0.077,0.053,1
"Med8",0.13018355718008,-0.291755801642185,0.06,0.081,1
"Trrap",0.130310687760344,0.919547792694863,0.069,0.048,1
"Tbxa2r",0.13034617020555,0.374573299587398,0.093,0.069,1
"Smc3",0.130389606109596,0.289622416667326,0.141,0.109,1
"Gng2",0.131010553153513,-0.423723711081805,0.085,0.109,1
"Tpd52l2",0.131019824942248,0.543254068962156,0.052,0.033,1
"Ube2j2",0.131206942868797,0.541338144618991,0.079,0.056,1
"Aimp2",0.131657110027054,-0.991854229397336,0.037,0.053,1
"Nsd1",0.131723328811548,0.258109026868662,0.178,0.145,1
"Tmem93",0.131815007565916,-0.401020819656231,0.083,0.107,1
"Commd7",0.131998764729947,0.398294390415516,0.079,0.056,1
"Eif4g2",0.132093977295567,0.171007306071141,0.409,0.359,1
"Supt16h",0.132370038195416,0.597850929466669,0.119,0.092,1
"Pkp3",0.132413366647982,0.23813385414099,0.079,0.056,1
"Tbl1xr1",0.1324311777098,-0.128004811338109,0.077,0.102,1
"Ddx42",0.132702850564308,-0.583210408762547,0.083,0.107,1
"Nfatc3",0.132919657042638,-0.352316011782169,0.171,0.201,1
"Nub1",0.132925308554734,0.225010605411865,0.161,0.13,1
"Gm10279",0.133819220843589,-0.375801878256134,0.256,0.277,1
"Klf3",0.134534341450784,0.424239485872563,0.109,0.081,1
"Crebbp",0.134581369825869,0.292344885368809,0.119,0.092,1
"Impdh1",0.13460995273665,-0.548484971730728,0.079,0.102,1
"Wdr26",0.135003959668394,0.155443157637728,0.175,0.14,1
"1110018G07Rik",0.135195361744283,0.21713559513529,0.055,0.036,1
"Bms1",0.135198699991131,0.453752346686685,0.064,0.043,1
"Mtmr3",0.135233805252919,0.344965200426373,0.073,0.051,1
"Esco1",0.135590260246406,0.254590860638251,0.079,0.056,1
"Camk4",0.135603853245627,-0.564027157741048,0.061,0.081,1
"Gm8325",0.1359584967813,-0.566957380999052,0.05,0.069,1
"Slc25a46",0.135979836263634,0.456819871702598,0.064,0.043,1
"Gm14337",0.136659947051205,-0.440390380104863,0.079,0.102,1
"Dap3",0.136685557650373,-0.351905118330753,0.067,0.089,1
"Atp5l",0.136872844669933,0.16418932899544,0.116,0.087,1
"Fem1a",0.136967236345068,0.183174872386433,0.07,0.048,1
"Gins4",0.137026860703528,0.442010609211476,0.052,0.033,1
"Mylip",0.13722340283427,-0.175880033934755,0.134,0.165,1
"Gng5",0.137666017568196,-0.352960380907537,0.099,0.125,1
"Gm12918",0.137711076460756,0.455633859864444,0.061,0.041,1
"Csnk1g1",0.1379005385405,0.172227302340593,0.055,0.036,1
"Btf3",0.138175336196241,0.217435695866557,0.191,0.16,1
"Abce1",0.13819154282799,-0.464502707235592,0.097,0.122,1
"Agfg1",0.138231055431533,0.479458430648603,0.113,0.087,1
"Tpp2",0.138597561414416,0.124035417594593,0.097,0.071,1
"Gm15661",0.139313607215338,-0.479021857072237,0.069,0.092,1
"Inpp5d",0.139495374399228,0.140234771050298,0.092,0.066,1
"Sfrs18",0.139509466712828,-0.358651813988657,0.079,0.102,1
"Laptm5",0.139660080103859,0.11894928225491,0.704,0.682,1
"Dennd4b",0.13988890999781,0.50962819747564,0.058,0.038,1
"Prkar1a",0.139967958693957,0.169926979551246,0.308,0.26,1
"Tcea1",0.140258333589726,0.262303690797331,0.064,0.043,1
"Pgd",0.140285787325613,0.469188356165334,0.084,0.061,1
"2900064A13Rik",0.140437570123996,0.629808180232665,0.075,0.053,1
"Fam168b",0.140549182089895,-0.290146322231027,0.165,0.193,1
"Skp1a",0.140659693803871,0.379267135810222,0.16,0.13,1
"B4galnt1",0.14109397220309,-0.329851748480207,0.381,0.402,1
"Ikzf1",0.141826878885161,-0.147036820407811,0.348,0.379,1
"Ciz1",0.142209564535742,-0.583946768068478,0.037,0.053,1
"Ppp1r15b",0.142349519193631,0.319429659382475,0.097,0.071,1
"Tigd2",0.142433389539032,0.36571187926515,0.058,0.038,1
"Gm13826",0.14275729227163,0.105372736790666,0.779,0.758,1
"Midn",0.142828644600005,-0.491875374834335,0.085,0.109,1
"Cox7a2",0.142908235884838,0.311524249762019,0.244,0.204,1
"Mlec",0.143419556581133,0.240497796140918,0.126,0.097,1
"Rcbtb1",0.143455988440644,-0.312071763179758,0.067,0.089,1
"Gm17084",0.143575412809813,0.333298852408335,0.064,0.043,1
"Fbxo11",0.143597092852778,0.513192419616608,0.051,0.033,1
"Nbr1",0.143877600978651,-0.326991686715927,0.052,0.033,1
"Uchl3",0.144319908649949,-0.640900771918175,0.058,0.079,1
"Rab18",0.144350954489142,0.931470600041035,0.06,0.041,1
"Gm11425",0.144514095014917,-0.579633581430835,0.05,0.069,1
"Nptn",0.14493525336116,0.406078933243959,0.078,0.056,1
"Cacybp",0.145033947622098,0.220334071252757,0.136,0.107,1
"Cct5",0.145185413214454,-0.223929689105854,0.261,0.293,1
"Prps2",0.145322736321314,0.114596134439756,0.117,0.089,1
"Hnrnpc",0.145622693114614,-0.257977655756919,0.279,0.31,1
"Eif4ebp3",0.145707356162664,0.820778485339186,0.06,0.041,1
"RP24-327G7.3",0.145707356162664,0.624755417125802,0.06,0.041,1
"Itm2a",0.14578172459921,-0.73869116011683,0.05,0.069,1
"Gm11970",0.145900913356351,-0.475155681623092,0.093,0.117,1
"Sp3",0.14607848997008,0.528392498291382,0.097,0.074,1
"Dlg1",0.146494193475097,0.481478888637124,0.054,0.036,1
"Eif2a",0.146527704690862,0.32807742479409,0.087,0.064,1
"Mrpl9",0.146535463249382,0.61568436353909,0.086,0.064,1
"Gars",0.147048922168119,-0.268311197628766,0.09,0.115,1
"Taf5l",0.147065947050031,0.389306357601761,0.063,0.043,1
"Ttll3",0.147077668044189,-0.464748525752716,0.21,0.239,1
"Ubn1",0.147223630909371,-0.276369460767187,0.097,0.122,1
"Zyg11b",0.147692985948549,0.439045044075671,0.075,0.053,1
"Caprin1",0.148057034524292,0.299134212900367,0.149,0.12,1
"Eif4b",0.148165457023096,-0.315556637979456,0.258,0.295,1
"Zfp68",0.148766666055769,0.458213595440417,0.051,0.033,1
"Mkrn1",0.148866606436046,-0.349073010370971,0.094,0.12,1
"Gatad2a",0.149256447516252,-0.149265825113564,0.157,0.122,1
"Sec62",0.149260935795641,0.469279206920086,0.179,0.148,1
"Msh2",0.149420711806424,-0.694631529472076,0.042,0.059,1
"Gm6252",0.149978650834281,-0.149051256765534,0.7,0.705,1
"Pigx",0.150063425297724,-0.456489136313163,0.071,0.092,1
"Srrt",0.150107072735248,-0.462979056500076,0.059,0.079,1
"2310045N01Rik",0.15063617485665,-0.193148831720858,0.052,0.071,1
"Lasp1",0.150937098792475,-0.365049883449852,0.12,0.145,1
"Dlgap4",0.151239650202486,0.422011760362214,0.084,0.061,1
"Psme4",0.151255635280225,0.648063376899568,0.08,0.059,1
"Sar1a",0.151563421588003,0.265764473553931,0.132,0.102,1
"Tmem134",0.151726085813012,-0.350018619830557,0.191,0.219,1
"Ppp2r5e",0.15184489785259,0.487444560928766,0.063,0.043,1
"Appl1",0.152028752090196,0.472727748530757,0.069,0.048,1
"Yaf2",0.152354716889605,0.136208191646505,0.051,0.033,1
"Sepp1",0.15260918897556,-0.534730060741986,0.132,0.158,1
"D19Wsu162e",0.152615436570972,0.47884861851598,0.083,0.061,1
"Anapc1",0.152656153810102,0.217825216317188,0.085,0.061,1
"9530068E07Rik",0.15279293138331,0.766813115686475,0.068,0.048,1
"Arih1",0.152852368012943,0.310371480178644,0.101,0.076,1
"Gm5611",0.153306456080257,-0.448780883950621,0.059,0.079,1
"Gm3531",0.15375044901902,0.560166715236404,0.065,0.046,1
"Tnfsf8",0.154441803679691,0.440747936217571,0.089,0.066,1
"Nudt3",0.154981765185879,-0.46195996019196,0.068,0.089,1
"Hltf",0.155012465440716,-0.798426627966554,0.042,0.059,1
"Eif3s6-ps1",0.155038263665362,0.237928822467644,0.148,0.117,1
"Grpel1",0.155520775932746,0.362022376777403,0.116,0.089,1
"Ncbp2",0.155575426116151,-0.679025062013814,0.046,0.064,1
"Gm12020",0.15561989741843,0.170036823694189,0.087,0.064,1
"Arhgap9",0.156043439638849,0.188630185120459,0.224,0.186,1
"2810004N23Rik",0.156334589313857,-0.637314240323213,0.053,0.071,1
"Mrps35",0.156338926089009,0.548609693121066,0.054,0.036,1
"Ireb2",0.156462527042382,0.356632515451158,0.06,0.041,1
"Rps12-ps2",0.157099176555905,0.496279144695208,0.054,0.036,1
"Mrpl17",0.157446764466476,-0.917535511126147,0.061,0.079,1
"Srsf7",0.157744489232129,0.212788501240069,0.134,0.107,1
"Stxbp3a",0.158811190305317,0.312918380267116,0.06,0.041,1
"Fam117a",0.159338083538678,0.475664123444697,0.074,0.053,1
"Mrps17",0.160880556366454,-0.576030586834501,0.062,0.081,1
"Add1",0.161514735356027,-0.53853338417295,0.142,0.165,1
"Def6",0.161840061015522,-0.529522152583826,0.102,0.125,1
"Eif3h",0.161914318053112,-0.173692660443935,0.509,0.542,1
"Gm15504",0.162106285089944,-0.606306865365046,0.062,0.081,1
"Stt3a",0.162834708982946,-0.283608172845794,0.05,0.069,1
"Nono",0.163162591280913,-0.325769522869194,0.149,0.176,1
"Trim59",0.163460458854046,0.153435133087442,0.087,0.064,1
"Sec24b",0.163663727199041,-0.390654876029183,0.057,0.076,1
"Ctps2",0.163893945338376,-0.287520808363015,0.062,0.081,1
"Baz1b",0.164107474263486,0.342414620776409,0.134,0.107,1
"Gtf3c2",0.164491621718167,-0.450913035315641,0.053,0.071,1
"Snord22",0.164814166240359,0.353753424367762,0.073,0.053,1
"Prkcsh",0.164826190892125,0.119329903470657,0.115,0.089,1
"Atp6v1b2",0.1649850591083,-0.484014935784645,0.046,0.064,1
"Gm15536",0.165163118440638,0.115681608822587,0.565,0.527,1
"St6galnac4",0.165239724064118,0.143196302909373,0.05,0.033,1
"Smad4",0.165801176293775,0.245396474608099,0.094,0.071,1
"Hsp90b1",0.165978663397169,0.296604790952612,0.249,0.214,1
"Arglu1",0.16678106755183,-0.809877818018998,0.077,0.097,1
"Tcerg1",0.167066505996183,0.316695312795602,0.105,0.081,1
"Tbca",0.167108868940365,-0.264411698824502,0.195,0.224,1
"Rpl38-ps1",0.167351806309854,-0.249582060352258,0.089,0.115,1
"Zfp524",0.167597195303806,0.349741188022345,0.05,0.033,1
"Rad21",0.167720925175347,0.335366888108673,0.115,0.089,1
"Ppp2r1a",0.167861490126179,-0.345624945113254,0.117,0.14,1
"Trappc1",0.168733575879648,-0.696261646350152,0.042,0.059,1
"Ppig",0.168822649949784,0.221675089021607,0.158,0.127,1
"Bysl",0.169186689864685,-0.72474756163059,0.038,0.053,1
"Stk11",0.169239880334441,0.195596917802742,0.089,0.066,1
"Tra2a",0.169449457959404,-0.85575058296336,0.05,0.066,1
"Trnau1ap",0.169667634809857,-0.491023223560146,0.042,0.059,1
"4930453N24Rik",0.169761450433595,0.241851484638353,0.121,0.094,1
"Mgat2",0.170666491411801,0.716596007693755,0.079,0.059,1
"Itpr2",0.170775314684608,0.157419404120724,0.113,0.087,1
"Sipa1",0.170952004280593,-0.435046038152417,0.117,0.14,1
"Mapkap1",0.171083358538574,0.698613459594289,0.053,0.036,1
"Rfk",0.172028956560334,-0.363080313097046,0.046,0.064,1
"Pmpca",0.172059276717607,0.525552153263161,0.056,0.038,1
"Nap1l1",0.172316582076371,-0.471057870771942,0.205,0.232,1
"Ctsa",0.172581836032452,-0.316729568729981,0.092,0.115,1
"Wdr77",0.172604980396037,-0.262821169291601,0.038,0.053,1
"Pdcd5",0.172670051751292,0.16192369510535,0.081,0.059,1
"Fbxw5",0.172741356464678,0.773714257773057,0.05,0.033,1
"Herc4",0.172980492752498,0.384130742378923,0.053,0.036,1
"Mrpl24",0.173268941663228,0.114574818329637,0.171,0.137,1
"Rnf2",0.173530677189181,0.520440203589939,0.065,0.046,1
"Ptpn1",0.173538619152022,0.13712126309938,0.161,0.13,1
"Fip1l1",0.173660932370928,0.41076542481433,0.125,0.099,1
"Elavl1",0.17425260214106,0.203266840050396,0.086,0.064,1
"Mrpl19",0.174441021461755,-0.147027072299638,0.065,0.046,1
"Gm5428",0.174458622955666,-0.314227066203714,0.172,0.196,1
"Polr1c",0.174712188687829,0.646015278054525,0.088,0.066,1
"D10Jhu81e",0.174893668788962,-0.422899181991653,0.038,0.053,1
"Mia1",0.174922495110439,0.587413120907003,0.081,0.061,1
"Hsp90aa1",0.174963340153468,-0.274377083853874,0.214,0.242,1
"2410015M20Rik",0.174998341143851,0.184799647736476,0.179,0.148,1
"Rpl17-ps1",0.17504776644136,-0.384611755709584,0.272,0.293,1
"Gpr108",0.175091425495898,-0.895249008341471,0.036,0.051,1
"Zfx",0.175153003624978,0.438014209466703,0.053,0.036,1
"Arhgap1",0.175210915824543,-0.269097008876694,0.113,0.137,1
"Gm5623",0.175536670637401,0.135529866659902,0.155,0.122,1
"Wdr55",0.175623147917645,0.712328815197788,0.05,0.033,1
"Cpsf3",0.175940522183713,-0.222373635818708,0.108,0.132,1
"Ddx5",0.176002530275823,0.110819527441913,0.629,0.59,1
"Gpcpd1",0.176606241595359,0.477866283498349,0.067,0.048,1
"Gm15467",0.177150440629149,-0.490966028997826,0.079,0.099,1
"Eif5a",0.177282439697286,-0.325364376520755,0.303,0.331,1
"Ubash3a",0.177461124860925,0.386808377277269,0.07,0.051,1
"Trpc4ap",0.177511762482787,0.242207972676009,0.134,0.107,1
"Nedd9",0.177705926832049,0.115016315461453,0.077,0.056,1
"0610007C21Rik",0.177899459898999,0.639184277570237,0.058,0.041,1
"Uhrf1bp1l",0.178673120279603,0.477254069928393,0.065,0.046,1
"Gm12816",0.178789374853511,-0.520053874680241,0.042,0.059,1
"2610001J05Rik",0.178946089421921,0.74877970907333,0.064,0.046,1
"Pus3",0.17930289081588,0.50440417547206,0.05,0.033,1
"Ubxn1",0.179481448780941,0.113357921882512,0.185,0.155,1
"Rnasek",0.179969636308765,-0.223752471566599,0.154,0.186,1
"Pik3r5",0.1804046012861,-0.65233500132378,0.065,0.084,1
"Gm13493",0.180524516169933,-0.349040020999702,0.335,0.366,1
"Gm11598",0.180663996869457,-0.510038864991824,0.036,0.051,1
"Zdhhc18",0.181611240201764,-0.498592327359778,0.149,0.17,1
"Cyb5r4",0.181884930223338,0.7650200893271,0.069,0.051,1
"Gm9625",0.181931140431363,-0.515342670406498,0.107,0.13,1
"Myst3",0.182171466409355,0.422458698720671,0.157,0.127,1
"Elf2",0.182224650992814,0.703063436784108,0.084,0.064,1
"Rbm22",0.182338832278838,0.350909368593206,0.097,0.074,1
"Cdk2ap2",0.182346552830847,0.129151015890596,0.272,0.232,1
"Clcc1",0.182607424426372,0.841834760652277,0.055,0.038,1
"Ranbp9",0.182856416294752,0.354679282246192,0.091,0.069,1
"Cdv3",0.183099339367157,-0.677891154263322,0.086,0.107,1
"Lrpprc",0.183147413646143,-0.366050043202915,0.054,0.071,1
"D19Bwg1357e",0.183295589520779,-0.726074655351465,0.075,0.094,1
"Kars",0.183307236819455,0.107024199299213,0.142,0.115,1
"Gnpat",0.1833841831426,-0.594093689740529,0.058,0.076,1
"Myg1",0.183781935571499,0.212449935004614,0.065,0.046,1
"Tlr1",0.183991366231834,0.39498600700706,0.076,0.056,1
"Sfxn1",0.184126666906834,-0.184151222486222,0.066,0.087,1
"Ezh1",0.184258485015626,-1.10423064514092,0.041,0.056,1
"Racgap1",0.184289190305543,-0.5255984768568,0.047,0.064,1
"Rpe",0.184616670446878,0.74277764763371,0.052,0.036,1
"Gm11273",0.185063758858544,-0.400519308615319,0.065,0.084,1
"Hcfc1r1",0.185087642147998,-0.213040578050104,0.06,0.079,1
"Prdx3",0.185126485758576,0.159769241677365,0.083,0.061,1
"Sys1",0.185326460159491,0.42553035579558,0.135,0.109,1
"Sfr1",0.185368056114011,-0.639551097127576,0.089,0.109,1
"1810063B05Rik",0.185541309928556,0.44696112097602,0.067,0.048,1
"Med30",0.1855450325367,0.623585117424811,0.105,0.084,1
"Usp48",0.185604512785689,0.370376578633573,0.093,0.071,1
"Hdac1",0.186095157373129,0.24239457252822,0.111,0.087,1
"5830405N20Rik",0.186112244915133,0.317584292772384,0.082,0.061,1
"Ube2h",0.186139161625589,-0.369858810568468,0.153,0.178,1
"Snord34",0.186200421735222,-0.179364625348196,0.537,0.555,1
"Fam100b",0.186572340140193,0.496722410382213,0.081,0.061,1
"l7Rn6",0.187721832706791,0.497315745290606,0.062,0.043,1
"Smek1",0.187737405260472,0.350005515889962,0.064,0.046,1
"Syncrip",0.187768373368156,-0.49873183356571,0.111,0.135,1
"Scp2",0.188474506244712,0.165371035321873,0.22,0.183,1
"Rasa2",0.188507450721015,-0.241918167950864,0.045,0.061,1
"C330019G07Rik",0.188633770904161,0.378882285653287,0.064,0.046,1
"Pa2g4",0.189154443077843,-0.396483220653133,0.152,0.178,1
"Gm5121",0.189314639286539,-0.464480282677672,0.054,0.071,1
"H13",0.189405094133197,0.29789903972368,0.183,0.153,1
"Brcc3",0.189553272727095,0.293861841550896,0.062,0.043,1
"March6",0.19054928286523,0.331444512179785,0.067,0.048,1
"Sltm",0.19061136742615,0.555452810612439,0.115,0.092,1
"Cops8",0.190753875490215,0.448506930732649,0.07,0.051,1
"Chd7",0.191071068962451,-0.434715555242446,0.108,0.13,1
"Cnot4",0.191436461476908,1.13803660286415,0.054,0.038,1
"Abcf1",0.192180061016507,0.302447059579584,0.125,0.099,1
"Nol11",0.192433656926459,-0.277883206926915,0.045,0.061,1
"2310004N24Rik",0.192520099796021,0.157382569464001,0.058,0.041,1
"Mff",0.192689748290301,-0.593966706239966,0.083,0.102,1
"Commd8",0.193325499731099,0.144737776101405,0.125,0.099,1
"Exoc3",0.193446123251353,0.20045089004392,0.073,0.053,1
"Sec22b",0.19369995351003,0.38091261855518,0.078,0.059,1
"Ccndbp1",0.193911611986357,-0.383953628153868,0.077,0.097,1
"Abtb2",0.19412193873077,0.416494305224358,0.081,0.061,1
"Gtf3c6",0.194267188519384,0.587602808651067,0.066,0.048,1
"Mical1",0.195049849626603,-0.189462417255227,0.081,0.102,1
"Sec24c",0.195081823649575,-0.281785078221345,0.113,0.135,1
"Fam32a",0.195160041799463,0.375792793836572,0.113,0.089,1
"Parvg",0.195351037155391,-0.451835134571657,0.093,0.115,1
"Serinc1",0.195442421803697,0.181883407225112,0.085,0.064,1
"Aff1",0.195492080362085,0.697210214515186,0.061,0.043,1
"Npepps",0.195912335132795,0.494263333157516,0.061,0.043,1
"Hnrnpul1",0.196094652557217,0.2559823928282,0.139,0.112,1
"Srp72",0.196327673542367,0.218667328398653,0.147,0.12,1
"2610029G23Rik",0.19649424508652,0.195078131377714,0.055,0.038,1
"Ppid",0.196667300796702,-0.170656370569272,0.056,0.074,1
"Tacc1",0.196787241380893,-0.508145510032121,0.085,0.104,1
"Plcb2",0.197125457161173,1.13358679780363,0.051,0.036,1
"Sigirr",0.198023531441082,0.340522859089295,0.061,0.043,1
"Cd55",0.198268209541665,-0.619730968022148,0.057,0.074,1
"Grap",0.198291367451125,-0.552671058070649,0.133,0.155,1
"E2f4",0.198546781868399,-0.757572562050353,0.094,0.115,1
"Fam105b",0.198602181362291,0.503127803492279,0.109,0.087,1
"Wdr6",0.198991316183668,-0.313800752349882,0.041,0.056,1
"Polr2a",0.199113206589184,0.363725740112952,0.146,0.12,1
"Rnf138",0.199322967493926,0.133760120232776,0.101,0.079,1
"Nfu1",0.199338092292277,0.573335462587562,0.078,0.059,1
"Slc3a2",0.199722063467488,0.535760999577048,0.111,0.089,1
"Ndufs3",0.199736095978324,0.50282241382848,0.075,0.056,1
"Ly6d",0.199788109579514,0.303127589761223,0.052,0.036,1
"Rpl13a-ps1",0.199853062808593,-0.453229468424366,0.141,0.163,1
"Asxl2",0.200126742517596,0.546090132385603,0.101,0.079,1
"Slc25a3",0.200268032804189,0.235075824571184,0.371,0.328,1
"Tnfaip8",0.200858736449024,-0.364212055137787,0.086,0.107,1
"Ube2d1",0.200875040516446,0.644787451203633,0.054,0.038,1
"Pip5k1a",0.200982985697318,-0.131634060908876,0.045,0.061,1
"Gm11633",0.201805237054804,-0.552388191725627,0.046,0.061,1
"Tmco1",0.202292948739598,0.300135894539901,0.096,0.074,1
"Apeh",0.202399091919874,0.291792462275419,0.069,0.051,1
"Hadhb",0.2029211735716,0.506250751020832,0.1,0.079,1
"Shc1",0.202921821135517,-0.815570652497886,0.037,0.051,1
"4833420G17Rik",0.202954683166602,-0.532822288986672,0.046,0.061,1
"Cyb5r3",0.203144425114554,0.437292219571016,0.054,0.038,1
"Bag6",0.203277518189115,0.207890836563397,0.133,0.107,1
"Hexa",0.20331486381842,-0.849978697161888,0.048,0.064,1
"Pnp",0.204192136735601,0.608491739639938,0.063,0.046,1
"Rsbn1",0.204619078773491,0.475997914940376,0.066,0.048,1
"Csk",0.205704609042932,-0.418346462938234,0.187,0.211,1
"Mier1",0.205958082881144,0.253568802900916,0.167,0.137,1
"Cpsf6",0.206059954407914,-0.66189740700224,0.043,0.059,1
"Klrd1",0.206689622075863,-0.226531700485992,0.185,0.211,1
"Cast",0.207347042025474,0.31698635358732,0.101,0.079,1
"Phgdh",0.208228765976754,-0.417133861175405,0.062,0.079,1
"Synj2bp",0.208258440352709,0.311154145612671,0.121,0.097,1
"Psmc2",0.20910122881866,0.244273588200906,0.141,0.115,1
"Klhdc1",0.209118451056724,-0.467076092835314,0.043,0.059,1
"Zdhhc3",0.209473351279007,0.10750272416277,0.075,0.056,1
"Leprotl1",0.209750481286003,-0.313935223764056,0.308,0.328,1
"Ccpg1",0.210298034714121,0.311468307831805,0.054,0.038,1
"Dnlz",0.210535828067621,-0.285681636844546,0.052,0.036,1
"Ivns1abp",0.210670609846425,-0.316880652203021,0.063,0.081,1
"Strap",0.210742010245603,0.274248316721413,0.122,0.097,1
"Pfkp",0.210907317912134,0.141566897452808,0.087,0.066,1
"Tapt1",0.211501816251208,0.62050570800247,0.057,0.041,1
"Twistnb",0.211862016920523,-0.694159097831945,0.064,0.081,1
"Pgrmc2",0.212422674418092,-0.656459655949303,0.039,0.053,1
"AL928935.1",0.212468281706074,-0.165888207029406,0.378,0.405,1
"Lrch3",0.213058983895439,0.420834359111984,0.074,0.056,1
"Lpin1",0.213267710287851,-0.385937259595895,0.037,0.051,1
"Yy1",0.21499295103162,0.411671948703722,0.114,0.092,1
"Tmed10",0.215193514272644,0.326932496702467,0.137,0.112,1
"Prkab1",0.215328458646227,-0.759280647231509,0.044,0.059,1
"Dpcd",0.215599698979213,-0.369757438820183,0.065,0.084,1
"Ttc1",0.215695893672963,0.381505466042535,0.051,0.036,1
"Prex1",0.216169768712683,-0.127550862982006,0.084,0.104,1
"Arl8b",0.216360199186638,0.383308880101451,0.057,0.041,1
"Frmd8",0.216521833306485,-0.342797395223624,0.177,0.201,1
"Spcs1",0.216614818584474,0.264774624637695,0.152,0.125,1
"Sh3bp1",0.216787951199492,-0.404055668371423,0.08,0.099,1
"Slc25a36",0.216854781171412,0.161128589640009,0.054,0.038,1
"Hnrnph1",0.216933254004174,0.35548785650243,0.112,0.089,1
"Ran",0.217495130885835,-0.295992165385592,0.266,0.29,1
"Gak",0.217569020304769,0.431727078881786,0.112,0.089,1
"H2-Oa",0.21777604460535,-0.519452474889027,0.081,0.099,1
"Tpt1",0.217914251227682,-0.108917982110809,0.794,0.796,1
"Vps26b",0.219123969362564,-0.309451340281643,0.06,0.076,1
"Suz12",0.219563346684328,0.359974503974304,0.103,0.081,1
"Cyb5b",0.21974022164533,-0.578959324147481,0.067,0.084,1
"Dpm1",0.219811260321343,0.58410187929547,0.093,0.074,1
"Skiv2l2",0.220435188308171,0.119148862218933,0.074,0.056,1
"Atp6v1e1",0.220435189899787,0.403276955413175,0.074,0.056,1
"Sec13",0.220541504683006,0.42262242219418,0.108,0.087,1
"2700089E24Rik",0.221230325157822,-0.179592582609214,0.039,0.053,1
"Mfng",0.221423974117718,-0.386985254393329,0.063,0.081,1
"Hif1a",0.221467793507664,0.458177814506589,0.077,0.059,1
"Pafah1b1",0.221598436527428,0.238967233778096,0.178,0.15,1
"Fntb",0.221914186451722,0.214835779077163,0.104,0.081,1
"Dido1",0.222306998428193,0.255893088440165,0.06,0.043,1
"Psmd14",0.222331524776615,0.123981260968775,0.145,0.117,1
"Cmpk1",0.222498073492272,0.331169486879779,0.117,0.094,1
"Ywhaq",0.222829791193916,-0.209079550053406,0.157,0.181,1
"Rmnd5b",0.222839752796755,-0.514213541075534,0.048,0.064,1
"Usp16",0.22387152175663,0.594096713765566,0.065,0.048,1
"Zbtb4",0.224203565377981,0.304289955928668,0.083,0.064,1
"Capn1",0.224351919369528,-0.268037584416898,0.059,0.076,1
"Rcbtb2",0.225194711019864,0.478093989177162,0.062,0.046,1
"Gm2a",0.225250683943482,-0.224610041316422,0.129,0.15,1
"Ctdnep1",0.225678181739318,0.598246117536996,0.088,0.069,1
"Rnf5",0.225819717693827,-0.223778819122438,0.101,0.122,1
"Mepce",0.226177787773451,0.144690272955956,0.081,0.061,1
"Ccnl1",0.226188393428998,0.128739553308511,0.117,0.094,1
"Mrpl32",0.226548083083582,0.246924725499767,0.084,0.064,1
"Zfp277",0.227882542408006,-0.657737565533311,0.04,0.053,1
"Gimap1",0.228107287303846,0.235682199742534,0.201,0.173,1
"Eif6",0.228318878942572,-0.232185295419321,0.105,0.127,1
"Edem1",0.228793055363919,0.370464917569745,0.127,0.104,1
"Tmx3",0.229012321633436,-0.429635861833603,0.067,0.084,1
"Arid2",0.229196708707409,0.47640478673543,0.068,0.051,1
"Prdx5",0.229557499166211,0.435888985989179,0.125,0.102,1
"Dazap1",0.230190871823876,-0.454307981673759,0.073,0.092,1
"Mob1a",0.231960854389481,0.178780434730609,0.228,0.198,1
"Nup210",0.232341397091343,0.132236053487156,0.208,0.178,1
"Stat5b",0.232738478423666,0.337240453934985,0.092,0.071,1
"Gm15793",0.232983751750322,-0.492237725546813,0.074,0.092,1
"Stk24",0.233553119700552,0.45682283537272,0.164,0.14,1
"Naa30",0.233693830885146,0.119567282663988,0.054,0.038,1
"Slain1",0.234121715471636,0.299131482202266,0.079,0.061,1
"Nxf1",0.234213339599194,-0.246847751175068,0.078,0.059,1
"Dr1",0.234467885825228,0.340432016043486,0.068,0.051,1
"2310003C23Rik",0.234622105341431,0.210089117246154,0.069,0.051,1
"Rnaseh2c",0.234683659400292,-0.348065301737463,0.09,0.109,1
"Eif3l",0.234798821253469,-0.457621237927129,0.126,0.148,1
"Gm7866",0.236059686093017,0.288863265352425,0.074,0.056,1
"Psmb5",0.236328545590536,-0.418909162245068,0.077,0.094,1
"Tsta3",0.23650211189296,0.35314342147241,0.065,0.048,1
"Ccnl2",0.237783066805984,0.211414187948829,0.071,0.053,1
"Aebp2",0.238192307389022,-0.391638832851139,0.11,0.13,1
"Lsm2",0.238209415292737,-0.523133995313082,0.056,0.071,1
"Pogz",0.238860294685877,1.27055093576197,0.052,0.038,1
"Mapkapk2",0.239652091456514,0.391281857263111,0.068,0.051,1
"Fam49a",0.239829897058062,0.352983596035194,0.059,0.043,1
"Map2k7",0.240057399776677,0.20289220688275,0.05,0.036,1
"Spna2",0.240073649691399,-0.538767556002812,0.086,0.104,1
"Grap2",0.240112880298339,0.143818164730416,0.074,0.056,1
"Gm11363",0.240390266951849,0.317193128184551,0.05,0.036,1
"Gm13611",0.240781019949894,-0.312217958761577,0.08,0.099,1
"Nemf",0.240975255313208,-0.165557053477334,0.057,0.041,1
"Snrnp70",0.241191543448785,-0.62296015009861,0.065,0.081,1
"Psmb3",0.241275500634208,-0.343794695645234,0.151,0.173,1
"Myo9b",0.241543674075905,0.223082445669777,0.085,0.066,1
"Gnai2",0.2417550957678,-0.232707657498764,0.49,0.501,1
"D14Abb1e",0.241761228912415,0.545758528288475,0.077,0.059,1
"BC056474",0.241820158023101,-0.604758368919956,0.045,0.059,1
"Lman2",0.243124132213953,0.218517735548819,0.147,0.122,1
"Tiprl",0.243165963938134,-0.333130050180724,0.054,0.069,1
"Araf",0.243367436284584,-0.122335034469876,0.069,0.087,1
"Rpl27a",0.24357890097319,-0.118348720492702,0.383,0.399,1
"Tomm70a",0.244067929462405,0.577481227380926,0.116,0.097,1
"Grinl1a",0.244080575348668,0.332194846588247,0.149,0.125,1
"Foxo1",0.244298190222485,-0.397246739742031,0.235,0.26,1
"Gm13268",0.244340640489791,-0.55876322747746,0.1,0.117,1
"Eif3c",0.24456596569424,0.176042589773844,0.277,0.247,1
"Dnajc13",0.245208189263922,0.489088102862879,0.068,0.051,1
"Lax1",0.245379448818373,0.284334570307661,0.073,0.056,1
"Rpl11",0.245392314151523,-0.211693032707429,0.295,0.321,1
"Ewsr1",0.245934705056159,-0.349707616170537,0.155,0.178,1
"Cirbp",0.246192385395116,0.568990747304629,0.089,0.071,1
"Rpl28-ps1",0.246396078800376,-0.207846751676911,0.301,0.321,1
"Gm14513",0.246660269260992,-0.398678037321013,0.065,0.081,1
"Prkcq",0.246827619113687,-0.380730255308883,0.251,0.27,1
"Mrpl52",0.246878470250587,-0.249561263752423,0.224,0.252,1
"Appbp2",0.247101787301211,0.776527291206675,0.05,0.036,1
"Atp6v1f",0.247274433698872,0.311301356983015,0.21,0.186,1
"Matr3",0.24867191179755,-0.136667083213858,0.206,0.173,1
"Ubr5",0.249072643118667,0.499740669838868,0.089,0.071,1
"2310014H01Rik",0.249212709252133,-0.253325883792202,0.312,0.326,1
"Rab8b",0.249455101732566,-0.237991463604171,0.097,0.117,1
"Rps19-ps4",0.249575027947743,-0.463451575909085,0.04,0.053,1
"Gm8292",0.249653264791235,-0.310336902085605,0.238,0.257,1
"AC115697.1",0.249694864987392,0.132721705496683,0.388,0.356,1
"Dnajc2",0.25019389911828,0.299674174986278,0.124,0.102,1
"Gm14284",0.250308170375603,-0.310331027840258,0.106,0.125,1
"Zcrb1",0.250587901499443,-0.755015967217741,0.068,0.084,1
"Rps27l",0.250838111964502,0.399179515485041,0.143,0.12,1
"Stk4",0.250941260875025,0.148206645321815,0.353,0.321,1
"Pank2",0.251599188164514,0.551568904631093,0.076,0.059,1
"Cpt1a",0.251848172576464,0.61418657100124,0.05,0.036,1
"C030046I01Rik",0.252211313712489,-0.192205048868825,0.067,0.084,1
"Ddx41",0.25252311379918,0.399310886841703,0.065,0.048,1
"Tmed3",0.252703967231109,-0.191744688050877,0.038,0.051,1
"Arfgap2",0.253444338069759,0.565353790355521,0.05,0.036,1
"Arrdc1",0.254428533043085,-0.796023496607437,0.042,0.056,1
"Slc35e1",0.254558862789272,0.593539547963099,0.05,0.036,1
"Mta2",0.255656876094914,-0.249510782912216,0.107,0.127,1
"Tnfrsf26",0.25607464304711,0.352037834862754,0.062,0.046,1
"Rsl24d1",0.256356154333972,0.432013171542583,0.076,0.059,1
"Rasgrp2",0.256621779017609,-0.700236850179122,0.065,0.081,1
"Pfdn1",0.256629458331765,0.409657930128589,0.084,0.066,1
"Esd",0.256630797564878,-0.577878061464233,0.128,0.145,1
"Gm12350",0.256889521559801,-0.721010913694207,0.038,0.051,1
"Sh3gl1",0.256965285579242,0.107311327949133,0.099,0.079,1
"Osbp",0.257078391004915,-0.427095234282501,0.045,0.059,1
"0610007P14Rik",0.258065714269003,-0.207918006772285,0.053,0.038,1
"Pura",0.25814708132535,0.292672278979515,0.153,0.13,1
"Kdm2a",0.258250136405756,0.11726701174982,0.125,0.102,1
"1110001J03Rik",0.25929169419548,-0.257163903394888,0.045,0.059,1
"Scand1",0.259693471833991,-0.396856257499103,0.206,0.224,1
"Cstf2t",0.261294136358332,0.269592914049251,0.055,0.041,1
"Ssbp4",0.261716760812508,-0.295026034447933,0.04,0.053,1
"1810022K09Rik",0.261740727941855,-0.21446395827638,0.077,0.094,1
"Glrx2",0.261773683004531,0.16324693690615,0.053,0.038,1
"Itpkb",0.26180237891221,-0.189976405063602,0.095,0.115,1
"Tsn",0.262431407092742,-0.233327636434819,0.165,0.188,1
"Gm15610",0.262647835537717,-0.549800717602498,0.064,0.079,1
"Mrpl42",0.263692307604522,-0.689752960442811,0.078,0.094,1
"Tmem160",0.263798116852258,-0.331208685845676,0.125,0.145,1
"Slain2",0.2645126744435,-0.853210374471228,0.046,0.059,1
"Gm17541",0.265497398457444,-0.550335299433804,0.041,0.053,1
"Pag1",0.265533346751938,-0.427015305272449,0.069,0.084,1
"Gm6807",0.265683377641404,-0.240668622803705,0.164,0.188,1
"Atp6v1c1",0.265916307357195,-0.318777080606786,0.063,0.079,1
"Tmem179b",0.266076708643753,0.20674971220166,0.116,0.097,1
"Glrx3",0.266675714214773,-0.329851302989026,0.115,0.135,1
"Adam10",0.266940001464956,0.338327738723503,0.081,0.064,1
"Eml3",0.26736356055503,-0.424216808616979,0.05,0.064,1
"Pmepa1",0.267404027279421,0.254107606114474,0.076,0.059,1
"Wapal",0.267961718975562,0.412717295649206,0.137,0.117,1
"Stard7",0.268050113939974,-0.280492472939434,0.068,0.084,1
"Znrf2",0.268398510023266,-0.207548682474015,0.226,0.249,1
"Vps13d",0.268413392626607,0.278207268816568,0.073,0.056,1
"AI467606",0.269295036467735,0.145812596045376,0.186,0.158,1
"Mark2",0.269816999265801,-0.482568105628991,0.102,0.12,1
"Nasp",0.270008415295348,0.218188433510147,0.095,0.076,1
"Chmp1b",0.270038997570212,0.375554348716802,0.077,0.061,1
"Pcnp",0.27035386684168,0.333444779784694,0.072,0.056,1
"Lyar",0.27133903685645,-0.53805020875528,0.047,0.061,1
"Ctsz",0.271558788946269,0.42603872670379,0.061,0.046,1
"Commd1",0.271593386589884,0.271599695247027,0.058,0.043,1
"Rhoh",0.271618625128844,0.303281581818567,0.184,0.16,1
"Shmt2",0.271897152524564,-0.530245615549236,0.066,0.081,1
"Gm14441",0.272051547284999,-0.629500007667421,0.043,0.056,1
"Zfp187",0.272197653529094,-0.355258757646424,0.05,0.036,1
"Eps15",0.273072448213481,0.422568505179068,0.081,0.064,1
"Atf7ip",0.273963338154459,0.135972543409943,0.173,0.148,1
"Ube2q1",0.274188195053703,0.216849769159657,0.14,0.117,1
"Snf8",0.274570686437213,0.529625019756497,0.083,0.066,1
"Stk10",0.274808367381834,-0.36055937451788,0.178,0.196,1
"Slc25a5",0.274853090154835,-0.107707037493949,0.392,0.417,1
"Fam3c",0.274962634392189,0.412020916231773,0.097,0.079,1
"Pum1",0.275155785382256,0.304265511706688,0.098,0.079,1
"Gm10240",0.27517799207985,0.238806587468919,0.058,0.043,1
"Zwint",0.275519944938701,-0.906995336107458,0.055,0.069,1
"Lrrc47",0.27606603187913,-0.276661000951304,0.062,0.046,1
"Cdca4",0.276217800512489,0.618870623673848,0.077,0.061,1
"Zbtb44",0.276264604431588,0.202067803849494,0.055,0.041,1
"Jtb",0.276413125446036,-0.166663364878266,0.084,0.102,1
"Tmem229b",0.276557834344746,0.430923503411142,0.125,0.104,1
"Fdx1l",0.277783041033933,0.52888172298809,0.066,0.051,1
"Pitpnm1",0.277866451688899,0.184843702118708,0.064,0.048,1
"Pum2",0.278193878076738,0.196880824252629,0.218,0.188,1
"Tmed5",0.278760425934083,0.229493025100393,0.112,0.092,1
"Mrps16",0.278794893526977,0.179997916470559,0.149,0.125,1
"Phf14",0.27928213470935,-0.541009017656088,0.085,0.102,1
"Nup88",0.279570083826546,-0.173927307816288,0.064,0.048,1
"Commd2",0.279766698029543,-0.526512737792893,0.046,0.059,1
"Rpl36-ps3",0.280379157079117,-0.284895909458469,0.121,0.14,1
"Exosc8",0.280685663904759,0.14612905339478,0.109,0.089,1
"Hdgfrp3",0.281307066449814,-0.124381918977332,0.067,0.051,1
"Elp3",0.281510574919294,-0.541620796724538,0.043,0.056,1
"Hdac7",0.281535458039484,-0.34864441480751,0.103,0.122,1
"Ptcd2",0.282170136514095,-0.674023906756159,0.059,0.074,1
"Smarce1",0.282361915016006,-0.319941960517253,0.073,0.089,1
"Tpm3-rs7",0.282670135640559,-0.294665221011699,0.178,0.196,1
"Dlst",0.282794934698089,0.260725626588778,0.061,0.046,1
"Stx6",0.283412989180063,-0.153133515481365,0.058,0.043,1
"Ftsj3",0.283904133029139,-0.538328891573765,0.07,0.087,1
"Klhl6",0.284046885295552,-0.135492128900167,0.182,0.155,1
"Ndufv3",0.284202250011471,0.342682686199369,0.206,0.181,1
"Gm3362",0.284245002304285,-0.282942564701339,0.219,0.237,1
"Ctnnbl1",0.284490770670283,0.206918545149631,0.069,0.053,1
"Gm13573",0.284699598800401,-0.534187641945389,0.048,0.061,1
"Ostm1",0.284953930170549,0.809976368711496,0.051,0.038,1
"Cd48",0.285027485806999,0.193509000789562,0.212,0.188,1
"Sept7",0.28527366135557,-0.325700918441409,0.194,0.216,1
"Pdlim1",0.285906188313469,0.451733719103954,0.156,0.135,1
"Bsg",0.286183870440476,-0.354179130325637,0.085,0.102,1
"Hspe1",0.28763887033335,-0.124651301112509,0.343,0.364,1
"Adrm1",0.287687718787595,-0.427669458010192,0.046,0.059,1
"Sash3",0.287833520954478,-0.290716005131475,0.299,0.318,1
"Kras",0.288552635741402,-0.423208435867106,0.107,0.125,1
"Chmp1a",0.288611209872943,0.645976677295089,0.069,0.053,1
"Zc3h13",0.288886541826843,0.386858506350142,0.054,0.041,1
"Dpm3",0.289354304730863,-0.740553589807932,0.117,0.132,1
"Vcp-rs",0.289989020447621,0.142824897615189,0.052,0.038,1
"Papola",0.290378004365096,0.188391787086536,0.207,0.181,1
"Glud1",0.290575072918572,0.254421500361624,0.144,0.122,1
"Rbbp6",0.290742019681682,-0.520470406506832,0.121,0.14,1
"Rnasel",0.291154521221181,0.59372592462417,0.063,0.048,1
"Ndufv2",0.29144472885349,0.123281309102557,0.156,0.132,1
"C130039O16Rik",0.291629704105488,-0.487515932520654,0.046,0.059,1
"Timm13",0.291630426090005,0.201277987395251,0.14,0.117,1
"Rnf40",0.292290306169715,0.317279777508991,0.071,0.056,1
"Drg1",0.292319824346314,-0.206967332912967,0.075,0.092,1
"Cct8",0.292516905185764,-0.132546295008911,0.196,0.219,1
"Cct3",0.292715239017245,-0.182780844542802,0.157,0.178,1
"Diap1",0.29309016965092,-0.4115283813365,0.125,0.142,1
"Atp1b3",0.293166742126664,0.108437551989986,0.573,0.529,1
"Dpp9",0.293567903851683,-0.1095754910797,0.043,0.056,1
"Eif4g3",0.293819885628695,-0.435282641089913,0.093,0.109,1
"Ppp6r1",0.29449714852936,0.259467007532064,0.186,0.163,1
"Ncoa6",0.295159366563094,0.774171106247397,0.054,0.041,1
"Fam102a",0.295202184761163,0.100171304241155,0.205,0.178,1
"Smarca4",0.295449908660996,-0.825223239379304,0.103,0.12,1
"Srpr",0.29600562369367,0.653441455604434,0.062,0.048,1
"Tesk1",0.296352490527575,0.240769756098688,0.051,0.038,1
"Eif3j",0.296363129935553,-0.468453277099097,0.065,0.079,1
"Smc1a",0.296558774805942,-0.350918954418473,0.157,0.178,1
"Ganab",0.296768015235777,-0.426083795885083,0.086,0.102,1
"Tubb2c",0.2968246735217,-0.611817714568028,0.121,0.137,1
"Csnk2a1",0.297006062349547,-0.341194334125528,0.083,0.099,1
"Ccdc115",0.298279102519945,0.669947245569514,0.054,0.041,1
"Dcaf5",0.298345379013342,0.493120502617778,0.07,0.056,1
"Hdlbp",0.299106708917852,0.248563918381875,0.099,0.081,1
"Dusp10",0.299476282802698,-0.584303829413894,0.039,0.051,1
"Sf3a3",0.299784578470378,-0.331478225320934,0.081,0.097,1
"Rc3h1",0.299947469805693,0.113966854670236,0.075,0.059,1
"Prkdc",0.30032109238652,0.353199677032038,0.051,0.038,1
"Brd9",0.300725308105987,-0.72052754949972,0.042,0.053,1
"Klhl9",0.300829421253417,-0.27650112018323,0.05,0.064,1
"Plekha3",0.301138427867919,-0.869651934875046,0.044,0.056,1
"Rpl3-ps2",0.301290954834277,-0.658339223967618,0.06,0.074,1
"3110001D03Rik",0.301555371463929,0.387334884492624,0.11,0.092,1
"Tmem147",0.301723423493371,0.279007160539417,0.063,0.048,1
"Gm12090",0.302161652037932,-0.629684464902271,0.042,0.053,1
"Trp53",0.302696311603437,-0.501501294160075,0.119,0.137,1
"Sorl1",0.302741124525377,-0.343379243635509,0.074,0.089,1
"Nsmce1",0.302846232021252,-0.396899504761507,0.092,0.107,1
"Ugcg",0.303036103109465,-0.466967560571999,0.207,0.224,1
"2700094K13Rik",0.303441019082904,0.154867411116266,0.105,0.087,1
"Gm6476",0.30354901069184,0.140797152008744,0.069,0.053,1
"Gm11281",0.303666106396257,-0.347783598693504,0.076,0.092,1
"Mta1",0.303669159326136,-0.396914299805612,0.088,0.104,1
"Gm6368",0.304310505678654,-0.312175841907608,0.145,0.163,1
"Ppp6r3",0.304581219430925,-0.134781845441492,0.076,0.092,1
"Ino80e",0.304583892653554,0.173630460151868,0.065,0.051,1
"Prr13",0.304685362513979,0.198040308734737,0.115,0.097,1
"Gm5908",0.304889254292439,-0.339124037390748,0.149,0.165,1
"Med15",0.305858589847093,0.125992929730969,0.074,0.059,1
"Eif4g1",0.306777876443388,-0.439326866217538,0.111,0.127,1
"Rnf4",0.308130335625083,0.554650202158,0.098,0.081,1
"Gosr1",0.308236463403452,0.404013313051359,0.068,0.053,1
"Psmc6",0.308766982935231,0.289791780971076,0.113,0.094,1
"Rpl30-ps11",0.308821175300366,-0.481954136029344,0.044,0.056,1
"Gar1",0.308989377711621,0.543704894941779,0.054,0.041,1
"Gm10237",0.309127349538256,-0.407900772903236,0.039,0.051,1
"H2afz",0.309223384641097,-0.399625105179105,0.124,0.14,1
"Rai12",0.309388631597733,-0.187160092234076,0.046,0.059,1
"Slc20a1",0.310648115576948,0.314549789435389,0.088,0.071,1
"Cox6a1",0.31079134972525,-0.239825745000297,0.361,0.377,1
"Gm10039",0.310827603305714,-0.489564648274681,0.082,0.097,1
"Creb1",0.310989142888002,0.45122266202622,0.093,0.076,1
"S100a11",0.311033717089851,-0.452473966366025,0.112,0.127,1
"Cand1",0.31149465525284,0.404623038024026,0.088,0.071,1
"Mrpl28",0.311700677144989,-0.547587567482646,0.046,0.059,1
"Atp8b2",0.312051691585733,0.560715629707781,0.054,0.041,1
"Alkbh4",0.312130492154099,0.593601509588691,0.056,0.043,1
"Sec11a",0.31234240710826,0.160288498464205,0.172,0.15,1
"Acap1",0.312480228958663,0.188609392763623,0.117,0.097,1
"Acbd6",0.313314750041565,-0.100869616140663,0.083,0.066,1
"Eml4",0.313696947439653,0.224399181788205,0.074,0.059,1
"Fundc1",0.31386438051324,0.61913488887717,0.062,0.048,1
"Fibp",0.314250750193312,0.453531078182231,0.05,0.038,1
"Asap1",0.315288573853259,0.287157310965519,0.054,0.041,1
"Eif5",0.315771661168289,0.127044713558413,0.304,0.272,1
"Zap70",0.316113310867221,0.248957921813243,0.176,0.153,1
"Gm10080",0.3168069091912,-0.342701276088136,0.162,0.178,1
"Ywhah",0.316900755328145,-0.462078969529809,0.109,0.125,1
"Sept2",0.31733944624063,-0.2213672736446,0.065,0.079,1
"Itfg1",0.317353405132297,-0.200823286261055,0.042,0.053,1
"AI462493",0.317373640332091,0.406780328772815,0.129,0.109,1
"Mapre1",0.317415654870212,-0.260361948253842,0.146,0.165,1
"Ifrd1",0.317660848538525,0.128934943167658,0.051,0.038,1
"Plaa",0.317769527950579,0.186369883075565,0.088,0.071,1
"Gm10086",0.319020232519716,-0.24243115219376,0.252,0.27,1
"Dnajb11",0.319391182110191,0.14811243899686,0.077,0.061,1
"Mdh2",0.319411112986262,-0.208539437957904,0.21,0.226,1
"Mettl16",0.319587543675134,-0.246015331273232,0.042,0.053,1
"Cdk2ap1",0.319806374638104,-0.272788064701205,0.06,0.074,1
"Gm6285",0.320269735088037,0.125280509662195,0.062,0.048,1
"Mrpl12",0.320413061275114,-0.538629211212322,0.083,0.097,1
"Rhog",0.32056803938684,-0.220082308215015,0.235,0.254,1
"Sdr39u1",0.320651030973306,0.387186263579323,0.05,0.038,1
"RP24-539E18.2",0.321082667669459,-0.311445593387114,0.042,0.053,1
"Bccip",0.321192617131467,-0.346960999428306,0.093,0.109,1
"Fnbp1",0.32151441525094,-0.127858829551362,0.135,0.155,1
"Gramd1a",0.322774688648705,-0.132784701763893,0.176,0.196,1
"Golm1",0.323104194309251,-0.218711435944702,0.044,0.056,1
"B630005N14Rik",0.323234833990851,0.315914148923175,0.05,0.038,1
"1810046J19Rik",0.323449858497125,0.356763774630947,0.101,0.084,1
"Ptpn2",0.323452700467014,0.334654214509839,0.079,0.064,1
"Pcf11",0.323643682026273,0.535151299555659,0.07,0.056,1
"Msi2",0.323746442569293,0.426760474216924,0.065,0.051,1
"Unc50",0.323999284602101,-0.211598856396105,0.054,0.066,1
"Syngr2",0.324149996175877,0.156252890472537,0.074,0.059,1
"Spint2",0.324676324293351,0.239525798462159,0.068,0.053,1
"Orai1",0.324937798786836,-0.64842888536398,0.045,0.056,1
"Ppp1r7",0.325474511862379,0.285517757186705,0.081,0.066,1
"Psmg4",0.326180888203535,0.180394842062849,0.099,0.081,1
"Nfyb",0.326349962115307,-0.428091604098492,0.049,0.061,1
"Ttc15",0.327070633825497,-0.10589892107521,0.068,0.053,1
"Tex264",0.327138030038443,-0.300399270058445,0.08,0.064,1
"Il4ra",0.328428124837392,-0.367674441454191,0.13,0.15,1
"Rabgap1l",0.328626929754042,0.660909869740963,0.094,0.079,1
"Exosc3",0.328838336665236,-0.341033260483376,0.074,0.089,1
"Zmym5",0.329081684340643,-0.659816495109207,0.04,0.051,1
"Asxl1",0.329083270399544,-0.291679684598715,0.063,0.076,1
"Uso1",0.329238994002437,-0.128432478171511,0.073,0.089,1
"Ndfip1",0.329347265203348,-0.334627237650725,0.051,0.064,1
"Foxo3",0.329429629088957,0.561989413255985,0.059,0.046,1
"4732418C07Rik",0.330059788682218,-0.766029562314939,0.057,0.069,1
"0610031J06Rik",0.330061518368636,-0.450405280048061,0.068,0.081,1
"Fcf1",0.330065771475029,-0.135438876233051,0.078,0.094,1
"Gm5559",0.330480281176511,-0.291882518142723,0.347,0.361,1
"Cds2",0.331229926677741,-0.328714464392455,0.089,0.104,1
"Rabep1",0.331890327981161,0.356021290691977,0.05,0.038,1
"Calm3",0.331990348182891,0.380376441819963,0.065,0.051,1
"Kpnb1",0.332090940164864,-0.18846127115095,0.158,0.178,1
"Cdk9",0.332207127334915,-0.653871761624872,0.052,0.064,1
"Ufd1l",0.332669341487003,-0.710959366655278,0.052,0.064,1
"Tatdn2",0.332714546185471,0.201855319435527,0.05,0.038,1
"Tcf20",0.332747576670317,0.311571030578961,0.081,0.066,1
"Dnajc19",0.333521996939826,0.124162338006186,0.079,0.064,1
"Ppdpf",0.334094813507297,-0.236858182943776,0.119,0.137,1
"Slc50a1",0.334174580514139,-0.224641326524406,0.109,0.127,1
"Sep15",0.334378963128858,0.224294805906726,0.166,0.148,1
"Capns1",0.334576147355052,-0.252472455657502,0.164,0.181,1
"Gosr2",0.334677076920735,-0.647306867774995,0.052,0.064,1
"Tbc1d20",0.335798515550597,0.419376365988862,0.093,0.076,1
"1700020I14Rik",0.33602098147078,-0.388298179952337,0.092,0.107,1
"Eef1e1",0.337937476449185,-0.546530020241489,0.045,0.056,1
"Gnl3l",0.338187499140495,-0.218178444837412,0.05,0.038,1
"Rab35",0.338662333336312,0.350038956027597,0.062,0.048,1
"Ppp1r9b",0.338889486454979,-0.409873031132234,0.107,0.122,1
"Sbno1",0.339102587433716,-0.109706829037365,0.13,0.109,1
"Rbm5",0.339102590387487,0.339475027867842,0.129,0.112,1
"Rpl7l1",0.339157802204993,0.2326177489536,0.105,0.089,1
"Ash2l",0.339188755789052,-0.575487947523496,0.045,0.056,1
"Snx17",0.339195775374947,-0.118872940374037,0.065,0.079,1
"Sh3kbp1",0.339280268286516,-0.139994171032811,0.292,0.316,1
"Nsf",0.339295164522482,-0.569466177433953,0.05,0.061,1
"Snrpd2",0.339371762428675,-0.265872973073836,0.156,0.176,1
"Ssbp2",0.339660107666918,-0.251455371034945,0.074,0.059,1
"Ankrd17",0.340895288647598,0.346170032238081,0.141,0.122,1
"Trim8",0.341191357473374,-0.308560167865463,0.094,0.109,1
"Pycard",0.341269844978919,-0.328279581798926,0.18,0.198,1
"Fam165b",0.341531369286199,-0.941029611419241,0.062,0.074,1
"Lrch4",0.341652590746683,0.223650795660595,0.081,0.066,1
"Sept9",0.341984962195028,-0.177987439817169,0.11,0.127,1
"Tgfb1",0.342020726229486,-0.278610533709202,0.065,0.079,1
"Traf1",0.342084047775369,0.168302285149184,0.153,0.132,1
"Fam101b",0.343607543450557,-0.217197075861219,0.157,0.176,1
"Tm9sf3",0.344294077360679,0.160225226738515,0.147,0.127,1
"Snrpa1",0.344343331650836,0.655282226019138,0.055,0.043,1
"Zbtb8os",0.344501845808308,-0.540486924160389,0.054,0.066,1
"Gm4204",0.344619344824291,-0.428054482476391,0.115,0.13,1
"Cdk17",0.344936639940289,0.367560548655491,0.072,0.059,1
"Anp32e",0.345445597998544,0.221677574185885,0.136,0.117,1
"Pxn",0.345879163764572,0.226902187070311,0.065,0.051,1
"N4bp1",0.34633273752496,-0.12235619767135,0.062,0.048,1
"Hnrnpa1",0.346703107090879,0.217077105901917,0.065,0.051,1
"Sbk1",0.34675476081809,-0.321276422926221,0.042,0.053,1
"Rpl22-ps1",0.347016661926134,-0.231351662486691,0.226,0.244,1
"Cobra1",0.347202395073919,0.213206925737965,0.089,0.074,1
"Cnr2",0.347347678561341,-0.268850700033882,0.046,0.059,1
"Rassf5",0.348065878994006,-0.27752159531849,0.236,0.254,1
"4933434E20Rik",0.348499105822221,0.435985719001264,0.075,0.061,1
"Phf12",0.348707223280451,0.166144454819814,0.07,0.056,1
"Ric8",0.348779524446087,-0.261257231799359,0.064,0.076,1
"2010107H07Rik",0.348796237940586,-0.644214459961047,0.095,0.109,1
"Trappc8",0.349628520926268,-0.313396130884283,0.042,0.053,1
"Mrpl55",0.349753860825136,-0.232203606989965,0.059,0.046,1
"Zbtb25",0.350361566578325,0.566230365891544,0.05,0.038,1
"Uqcr11",0.350999307613196,-0.681478620275037,0.122,0.135,1
"2010106G01Rik",0.351327317384088,0.440987281864226,0.083,0.069,1
"Mlf2",0.351354008033715,-0.954096751682874,0.06,0.071,1
"Gm14173",0.351444797149852,0.300902920299434,0.075,0.061,1
"Htatsf1",0.351647623123685,0.738954441449973,0.069,0.056,1
"Mcmbp",0.351952490720626,-0.199539036658625,0.127,0.145,1
"Nfkbia",0.352021854280945,-0.233506937548643,0.212,0.229,1
"Cd2bp2",0.352488114761345,0.653186155164463,0.088,0.074,1
"Api5",0.352580653208957,-0.190935940803383,0.097,0.112,1
"Ube4b",0.354727568320085,-0.760290023988058,0.059,0.071,1
"Anapc13",0.35475190550726,0.370496892161429,0.084,0.069,1
"Atp5k",0.354803643386991,-0.268146314623045,0.245,0.262,1
"Gpatch8",0.355098459722229,0.294468993603658,0.072,0.059,1
"Sdhb",0.35537483885021,-0.146466329340708,0.187,0.206,1
"S100a10",0.35576554825674,-0.123937132988481,0.322,0.341,1
"Manf",0.356367059151743,-0.370141060926746,0.109,0.125,1
"Ltv1",0.357022624103131,-0.137562829762164,0.047,0.059,1
"2810403A07Rik",0.358022016542755,-0.381508134422436,0.054,0.041,1
"Ccdc107",0.358288723535111,-0.693628554346383,0.055,0.066,1
"B3gnt2",0.358352179331473,0.123734484392892,0.064,0.051,1
"4933407C03Rik",0.35862747547498,-0.100022752351027,0.125,0.142,1
"Dnajb1",0.358879369524055,-0.358246928064373,0.113,0.127,1
"Eny2",0.359017782438027,-0.621435618340922,0.077,0.089,1
"Vprbp",0.359138003133131,0.168530831509588,0.058,0.046,1
"Prickle4",0.359720812223635,-0.583018396400727,0.148,0.16,1
"Ndufa11",0.359766205057348,-0.246630441342033,0.141,0.158,1
"U3",0.359818551873075,0.159325362732896,0.089,0.074,1
"Tmod3",0.359855416894537,-0.109918411366861,0.099,0.115,1
"Fam36a",0.359960111679833,0.341511505231068,0.103,0.087,1
"Tmx1",0.360013389630045,-0.246229425155172,0.056,0.069,1
"Rnf111",0.360140521931713,0.218432000460737,0.05,0.038,1
"Fam48a",0.36087017265405,0.19192260910224,0.081,0.066,1
"Hsdl1",0.361124141393041,0.232624516871021,0.073,0.059,1
"Psmd3",0.361234158369024,-0.17924642690888,0.075,0.061,1
"Mob4",0.362610114622924,0.325955258764356,0.058,0.046,1
"Utp3",0.362915960144795,0.23092144881213,0.141,0.122,1
"Aars",0.363148572477128,0.38250266985026,0.089,0.074,1
"Safb",0.363241083336935,-0.541515197907548,0.069,0.081,1
"Nbeal2",0.364010666629004,-0.39772215756779,0.05,0.061,1
"Psmc5",0.364306916665492,-0.19666686848744,0.089,0.071,1
"Rab10",0.364332021789558,0.191333416739294,0.151,0.132,1
"Prpf38b",0.364781502707414,0.220658758219558,0.115,0.097,1
"Gm13196",0.365042473185436,-0.172941347099205,0.056,0.069,1
"Immt",0.365214880841518,0.356098806485259,0.077,0.064,1
"Gm10191",0.365543228867379,0.163180182659643,0.075,0.061,1
"Sirt7",0.365951331932226,0.18027114528487,0.102,0.087,1
"Cox7a2l",0.366299329526842,-0.154303009125716,0.467,0.466,1
"Brd3",0.366630106169632,-0.224571424733036,0.064,0.076,1
"Tmem71",0.3667359540634,0.132669896993216,0.142,0.122,1
"Paip2",0.366791904329008,0.122418121431683,0.219,0.191,1
"Nap1l4",0.36683022742801,-0.535178656939896,0.109,0.122,1
"Gm6311",0.367022631264156,0.1527326039412,0.105,0.089,1
"M6pr",0.367429900063218,0.201756070334615,0.177,0.155,1
"Dnajc10",0.367608171769823,0.132921900502182,0.05,0.038,1
"Rad23a",0.367772543721521,-0.410242391515801,0.113,0.127,1
"Prpf31",0.367788226055395,0.292788285272496,0.052,0.041,1
"Itgb1bp1",0.367979670143835,0.370963769875355,0.061,0.048,1
"Sesn1",0.368515867398825,-0.17791552034345,0.052,0.064,1
"Ttc9c",0.36875873598085,0.196587814224777,0.05,0.038,1
"Trappc10",0.369105199037892,-0.58932853346568,0.041,0.051,1
"Lipa",0.369683951190226,-0.606221210257722,0.059,0.071,1
"Cst7",0.369848638618398,-0.475941068269142,0.146,0.16,1
"Ddx47",0.370234888657131,0.403908623825862,0.099,0.084,1
"Etfa",0.371595704422629,0.108965794288818,0.103,0.087,1
"Ptpn11",0.371732449292274,-0.356176124073563,0.05,0.061,1
"Cyb5",0.371879336241868,-0.502786444865446,0.122,0.135,1
"Dnttip1",0.371998820834293,-0.466090273713106,0.053,0.064,1
"Poldip3",0.372046381248554,0.196749839940981,0.12,0.102,1
"Fam105a",0.372268341556432,-0.220508248082388,0.128,0.142,1
"Dock2",0.372372670204609,0.121169370022398,0.32,0.293,1
"Tial1",0.372441454642867,0.326864368686058,0.064,0.051,1
"Ncoa1",0.373056278849187,0.501251342117761,0.058,0.046,1
"Lbh",0.373086924777063,-0.215386352680193,0.233,0.249,1
"Gmfb",0.375302873375152,-0.177063214759322,0.078,0.064,1
"Hspd1",0.376162343760847,-0.239637291677517,0.101,0.115,1
"Sos1",0.376206777762067,0.247933526769145,0.072,0.059,1
"Epb4.1",0.376295013940129,0.432687419089161,0.129,0.115,1
"Gm16517",0.376399904074856,0.163509284704148,0.054,0.043,1
"Rps6-ps3",0.3768789730577,-0.184165005335311,0.075,0.089,1
"6330578E17Rik",0.377150562324049,-0.128280960912381,0.104,0.12,1
"Rpl35a-ps4",0.379215944861279,-0.341955058732994,0.054,0.066,1
"Supt4h1",0.380887767463447,0.225921187885853,0.196,0.176,1
"Cdipt",0.380913288770879,0.154897981072257,0.166,0.145,1
"Lsm6",0.38142918802751,-0.363388528543776,0.086,0.099,1
"Ldlrap1",0.38158638274247,0.497038893822377,0.079,0.066,1
"Mrps24",0.382339476716943,-0.458450196952967,0.095,0.109,1
"Usp34",0.383228879002117,-0.384493131177421,0.122,0.137,1
"Luc7l2",0.383309859867982,0.215198532387402,0.082,0.069,1
"2700078E11Rik",0.383444004008112,-0.592443394791185,0.05,0.061,1
"Scamp3",0.383738423915107,0.208156815946921,0.124,0.107,1
"Gm5277",0.384111337501372,-0.421642016963233,0.086,0.099,1
"Tecr",0.384684980313538,-0.519707093676757,0.133,0.145,1
"Eftud2",0.384813175016805,-0.36806184798619,0.06,0.071,1
"Arl6ip5",0.385195345396395,0.124915206923995,0.097,0.081,1
"Fam46a",0.385848508767918,-0.239314785654883,0.129,0.142,1
"Ccdc64",0.386127021587461,-0.796586059735121,0.068,0.079,1
"Tsr1",0.387036005509599,-0.617268997433262,0.069,0.081,1
"Dnaja2",0.387299830100885,0.264922229070528,0.181,0.16,1
"Exosc10",0.387567629089135,0.242236162794561,0.096,0.081,1
"Ap2b1",0.388140176775148,-0.255718737399752,0.043,0.053,1
"Bclaf1",0.388633497268778,0.188408803948849,0.163,0.142,1
"Gm12696",0.388899386266993,-0.412379194255658,0.046,0.056,1
"Commd4",0.389325251338647,-0.405650852240198,0.062,0.074,1
"Samm50",0.389437902071584,0.375291219909538,0.113,0.097,1
"Snx1",0.389828533104289,-0.163971783522428,0.089,0.074,1
"Dcaf7",0.389837217348317,0.362614938890702,0.109,0.094,1
"Dld",0.390124572886216,0.205171863812245,0.052,0.041,1
"Ube2g2",0.390159626153345,-0.315864844947684,0.05,0.061,1
"Dcp2",0.390305667672828,0.117705566810989,0.063,0.051,1
"1810030O07Rik",0.390887549956586,0.531299965913383,0.06,0.048,1
"Sec63",0.390887555876116,0.361241707862529,0.06,0.048,1
"Sf3b4",0.391295774949873,-0.302405725827255,0.043,0.053,1
"Jak1",0.391404497149503,0.134148043290606,0.55,0.517,1
"Bola3",0.391985933955296,-0.386369739422918,0.072,0.084,1
"Ptplad1",0.392055326288546,0.112041818112511,0.072,0.059,1
"Pglyrp2",0.392148486361112,-0.383717919752029,0.06,0.071,1
"Snx4",0.392820569988286,-0.263396178760285,0.096,0.109,1
"Rnmt",0.39283326773789,0.660169940371882,0.057,0.046,1
"Isy1",0.393078652472154,-0.169975628931828,0.085,0.099,1
"Plekhf2",0.393693678567992,0.517384202966726,0.057,0.046,1
"Fubp1",0.395274871663802,0.287880672768432,0.116,0.099,1
"Gm12005",0.395443185460159,-0.352418197302363,0.177,0.188,1
"Anxa7",0.395936080932114,0.408812934933471,0.057,0.046,1
"Ppif",0.396081985892223,0.340388026134894,0.051,0.041,1
"Nudt19",0.396318059577253,-0.197769801685467,0.048,0.059,1
"Rnf115",0.396633732569999,-0.146982373609439,0.074,0.061,1
"Gm17511",0.396881521083564,-0.290973979000483,0.084,0.097,1
"Ifngr2",0.396889867591792,-1.05529882864996,0.044,0.053,1
"Arf3",0.398395223138364,-0.176701753646233,0.124,0.14,1
"Fbxl3",0.398420666596994,-0.398215576999627,0.058,0.069,1
"Ap1m1",0.399500164107906,-0.348956728594693,0.115,0.13,1
"Mllt6",0.400257302278343,-0.136846618452827,0.121,0.135,1
"Hadha",0.400866937225508,-0.130033509002662,0.096,0.109,1
"Trac",0.401050574285419,0.265679584503478,0.116,0.099,1
"Tbrg4",0.40174144559115,0.573119148092127,0.051,0.041,1
"Celf1",0.402372381776609,0.360601949735889,0.134,0.12,1
"Gm5321",0.402520129846035,-0.304740995469705,0.19,0.206,1
"Cd5",0.402621228297655,-0.186379256129735,0.134,0.15,1
"Igkc",0.402672214257287,0.146875948545983,0.074,0.061,1
"Dnajc9",0.403844390267958,-0.15340495513358,0.124,0.137,1
"Ddx17",0.404695025040175,-0.184370983404595,0.177,0.193,1
"Cbx5",0.404719875642594,0.559749836454864,0.057,0.046,1
"Eif2c1",0.404757418004871,-0.496065590062155,0.063,0.074,1
"Dnajc1",0.404772740768502,-0.694156144469824,0.053,0.064,1
"Srpk2",0.405024408149704,-0.411027771610235,0.08,0.092,1
"Hexb",0.405119368582849,-0.238890251778696,0.053,0.064,1
"Rtn3",0.406662277394268,-0.168111204452653,0.093,0.107,1
"Vta1",0.407399396652471,-0.161338229588597,0.06,0.071,1
"2610507B11Rik",0.408119462596764,0.406157502117083,0.096,0.081,1
"Napg",0.409406170142533,-0.102757572011921,0.043,0.053,1
"Gm15210",0.410198437742194,-0.409915882515965,0.092,0.104,1
"Cnpy2",0.410242199425836,0.671755577302277,0.054,0.043,1
"Rad50",0.410614313527044,0.425653339870829,0.062,0.051,1
"Ubl5",0.411038863569293,-0.378719805505906,0.271,0.277,1
"Hat1",0.411340614217086,-0.330798445779066,0.056,0.066,1
"Surf4",0.411499549058755,-0.217733447884598,0.108,0.122,1
"Pcmt1",0.411646799028134,0.696229009592785,0.073,0.061,1
"Unc119b",0.411705308629565,-0.661860101984894,0.054,0.064,1
"Ylpm1",0.412273334190575,0.203880844692188,0.051,0.041,1
"Prps1",0.412315029852097,-0.412352315814406,0.054,0.064,1
"Hnrnpab",0.413604072647777,-0.172025443606295,0.323,0.328,1
"Atp5j2",0.413826685565444,-0.12185461386482,0.307,0.326,1
"Baz2a",0.41392607441151,0.307204452064389,0.101,0.087,1
"Utp14a",0.41395237838196,-0.276409887959018,0.091,0.076,1
"Snd1",0.414435286959315,0.311579939227337,0.103,0.089,1
"Wdr61",0.414490822492835,-0.184615389861067,0.05,0.061,1
"Aldh9a1",0.41488493334594,0.289439720694749,0.051,0.041,1
"Rsrc2",0.41489699928447,0.182479855933254,0.107,0.092,1
"Mars",0.415668547069602,-0.34808641712058,0.051,0.061,1
"Prkacb",0.416012884914679,0.101451961496397,0.211,0.186,1
"Ssr4",0.416228113642481,-0.507808975845282,0.165,0.176,1
"Gm10260",0.416766300339976,-0.233976355153999,0.086,0.099,1
"Naa15",0.416870569703582,0.249587936012626,0.099,0.084,1
"Rpl19-ps11",0.417318732519906,-0.456411088533418,0.046,0.056,1
"Taf3",0.41769390799325,0.201888631756691,0.051,0.041,1
"Birc2",0.418065770905167,-0.121776686264396,0.065,0.053,1
"Trmt6",0.418204754715725,-0.280616646683167,0.044,0.053,1
"Stx5a",0.418283726174673,-0.243710013568231,0.071,0.059,1
"Rps23",0.418751057755348,0.175525278858318,0.242,0.221,1
"Eif1ad",0.419261889078075,0.165455823816727,0.096,0.081,1
"Oaz1",0.419307920448947,-0.169740922238467,0.328,0.346,1
"Rpl10-ps3",0.419854636774458,-0.251744093457451,0.259,0.272,1
"Pdpk1",0.420283708366988,0.338940549623344,0.07,0.059,1
"Cul1",0.420351713254508,0.242586130593216,0.06,0.048,1
"Bre",0.420749668006755,0.157805370526017,0.057,0.046,1
"Kdelr2",0.420890914532139,-0.496698273319362,0.046,0.056,1
"Timm22",0.421422957612554,0.561789727479575,0.05,0.041,1
"Cpsf1",0.421550898055821,-0.398454744482991,0.046,0.056,1
"Fam134a",0.422013688608153,0.201364483976945,0.062,0.051,1
"Epc1",0.42208774193212,0.261021544011509,0.076,0.064,1
"St6gal1",0.422359505572938,0.19543205105713,0.086,0.074,1
"Usp24",0.422651484807318,0.143354357671678,0.112,0.097,1
"Cenpb",0.42290280791729,0.414816252558569,0.057,0.046,1
"Lims1",0.423409968443025,0.223513494927894,0.095,0.081,1
"Immp1l",0.423674934210755,0.148768728548562,0.06,0.048,1
"Ola1",0.424152391041148,-0.396061239633177,0.092,0.104,1
"H47",0.424625472418021,0.483707095294101,0.094,0.081,1
"Iars",0.425739988374259,0.417338612248022,0.054,0.043,1
"Srsf2",0.425798872019213,0.158086701096708,0.173,0.155,1
"Arid4a",0.426268584776,0.100764336870533,0.129,0.115,1
"Rb1cc1",0.426602469343359,-0.398073216485524,0.066,0.053,1
"Lrwd1",0.426623926893377,-0.335472848400444,0.044,0.053,1
"Sirt2",0.42689112037118,0.225880214956396,0.059,0.048,1
"Gm15013",0.426946116712027,-0.376688876095828,0.049,0.059,1
"Gm8203",0.427413792001764,-0.387491335754983,0.07,0.081,1
"Usp39",0.428479982453901,0.588985518669295,0.056,0.046,1
"Tnik",0.429040486933758,-0.454352904351316,0.061,0.071,1
"Fundc2",0.430730761358579,-0.2177059320701,0.11,0.125,1
"Psmd7",0.430912559147532,0.333765124217348,0.097,0.084,1
"Mrps7",0.430943861126114,-0.299174113077418,0.054,0.064,1
"Gm14166",0.431560465635588,-0.215042276164003,0.196,0.209,1
"Atp5a1",0.43286769655956,-0.12013153000743,0.403,0.356,1
"Upf1",0.433476480234577,0.512725759049126,0.05,0.041,1
"Myo1g",0.433721364101251,-0.175478633295213,0.114,0.127,1
"Golgb1",0.434004272592457,0.114759516579683,0.059,0.048,1
"Rnf181",0.435188965972366,-0.306517073272885,0.093,0.104,1
"Hnrnpl",0.435310152220472,-0.320912360865218,0.187,0.198,1
"Dcaf12",0.435972331770923,0.124747876055781,0.059,0.048,1
"Ttc38",0.436136302178964,0.778935386155874,0.053,0.043,1
"Gm13004",0.436591676091614,0.113884007959621,0.065,0.053,1
"Trnt1",0.436956613869585,0.428283111336694,0.05,0.041,1
"Chd8",0.439636282169733,0.340430082224747,0.121,0.107,1
"2400003C14Rik",0.439919933283786,-0.118869832814601,0.087,0.074,1
"Mecp2",0.440037856685156,0.115132748385125,0.056,0.046,1
"Cited2",0.440464275221056,0.196594403412173,0.059,0.048,1
"Armc10",0.44047955543764,0.147493928959821,0.08,0.092,1
"Nat15",0.440693162119246,0.25568713188718,0.106,0.092,1
"Limd1",0.440736381685414,-0.602907490423093,0.102,0.112,1
"Uggt1",0.440777681646332,-0.418690394409682,0.051,0.061,1
"Cnot3",0.440821880139359,-0.384549512194238,0.066,0.076,1
"Ccdc88b",0.44086321807414,-0.656724849798874,0.059,0.069,1
"Hvcn1",0.441690359486793,-0.324629701392878,0.148,0.16,1
"Exosc4",0.442297174923668,0.261926254364449,0.058,0.048,1
"Eif1a",0.442732636911449,0.338052812431247,0.069,0.059,1
"Gpank1",0.442846209551274,-0.205642341224921,0.057,0.046,1
"Ikzf3",0.443751014997665,0.342032743388883,0.058,0.048,1
"Wbp4",0.443751826354289,-0.121529260011251,0.061,0.071,1
"Mrfap1",0.443757831742035,0.17708207301828,0.147,0.13,1
"Nt5c",0.444346802870181,-0.122814505302159,0.147,0.16,1
"Mrps26",0.444388448487993,-0.340655065149977,0.062,0.051,1
"Bach2",0.444527531819211,-0.551137335860856,0.101,0.112,1
"Gm14059",0.444875324200334,-0.362216136881573,0.093,0.104,1
"2500003M10Rik",0.445658042440388,0.11132982147324,0.177,0.16,1
"Zfp706",0.446175612855616,-0.312962494839764,0.167,0.178,1
"Cmas",0.446558605142599,-0.203303325066889,0.056,0.066,1
"Mrpl4",0.447999870241953,-0.311501760926235,0.068,0.056,1
"Rbm33",0.44953391983823,0.389180819705131,0.077,0.066,1
"Gm12396",0.449665663695503,0.351834544370175,0.091,0.079,1
"2610018G03Rik",0.450010041230043,-0.555149550220889,0.066,0.076,1
"Puf60",0.450258648687404,-0.121184750153978,0.129,0.142,1
"Ddost",0.45165270022723,-0.671422395592649,0.071,0.081,1
"Cggbp1",0.452344550605624,0.200449383832848,0.119,0.104,1
"Actr10",0.452764849172891,-0.196212439033101,0.087,0.099,1
"Hbxip",0.45449923592641,0.282691213389228,0.081,0.069,1
"Rpl19-ps7",0.454960135897972,-0.352143142440856,0.202,0.209,1
"Ndufb5",0.455216544906885,0.128459671619907,0.178,0.16,1
"Fkbp4",0.455374807269983,0.356644771178552,0.139,0.125,1
"Lsg1",0.456630652654429,0.190725736281142,0.064,0.053,1
"Dnajc15",0.457239647685173,0.171175111156027,0.298,0.277,1
"Oat",0.458934081288071,-0.509683813924741,0.059,0.069,1
"Cct7",0.460268811246362,0.177420487072741,0.248,0.226,1
"Rbm10",0.46075523286138,0.446423993183522,0.066,0.056,1
"Faf2",0.460755236227633,0.323556805569286,0.066,0.056,1
"Ncoa2",0.461594542320171,0.393526496043336,0.058,0.048,1
"Sft2d1",0.461628077021951,-0.424959501347849,0.045,0.053,1
"Ndufb11",0.46176693929351,-0.263235460863976,0.202,0.214,1
"Srsf6",0.46296412583759,-0.509481150956377,0.129,0.14,1
"1200014J11Rik",0.463542942051368,-0.396257647687826,0.05,0.059,1
"Senp7",0.463923184932358,0.449667836175555,0.061,0.051,1
"Itch",0.464634865159336,-0.276365978222651,0.056,0.046,1
"D930015E06Rik",0.464981603157615,0.661317650300519,0.05,0.041,1
"Rpl17",0.465094841482591,-0.293475974838623,0.249,0.257,1
"Pgk1",0.465506360181577,0.135235957343528,0.15,0.135,1
"Gtpbp1",0.46595859207305,-0.104353598889733,0.095,0.081,1
"Osbpl9",0.466243149888585,-0.292048435403566,0.108,0.092,1
"H2afv",0.466778349847075,0.11591755104815,0.143,0.127,1
"Dock10",0.466805185286297,-0.37418866038352,0.157,0.168,1
"Gm11828",0.467531008757986,-0.143657266077545,0.367,0.372,1
"Rxrb",0.467587410133972,-0.257310798925722,0.052,0.061,1
"Dut",0.467682562555154,-0.203361524217941,0.052,0.061,1
"Letmd1",0.467879864207325,-0.66267615100086,0.058,0.066,1
"Ppil4",0.468368441255784,0.19089480412704,0.099,0.087,1
"Nsg2",0.46838360104934,0.160074036468032,0.261,0.242,1
"Ift20",0.468575564218735,-0.190863213761736,0.077,0.087,1
"Mki67ip",0.468576966448608,-0.311972754755813,0.065,0.076,1
"Prpf8",0.468775727035533,0.105307912757894,0.2,0.181,1
"Adi1",0.469003469579966,0.315415807573251,0.066,0.056,1
"Ssbp1",0.469394556329403,-0.141788692870809,0.081,0.092,1
"Rnf187",0.469701049393082,0.20791113402964,0.188,0.168,1
"Gm12346",0.469833692282012,-0.314948812612409,0.054,0.064,1
"Smarcc1",0.47038458066992,-0.367670183060033,0.069,0.079,1
"Zzz3",0.470436319552111,0.173467338506064,0.053,0.043,1
"Cox6b1",0.47062336457188,0.147891922526682,0.321,0.298,1
"Lrrfip1",0.471179325862834,-0.41398952582686,0.149,0.16,1
"Slc38a1",0.471721810324098,-0.740352978182178,0.1,0.109,1
"Aim1",0.472019674609019,-0.298392135311728,0.064,0.074,1
"Dennd1c",0.47247549596827,-0.436811063034746,0.072,0.081,1
"Aff4",0.472690757506345,0.40737486345803,0.05,0.041,1
"Zmym2",0.473376657739321,0.318619020577557,0.055,0.046,1
"Eif2ak1",0.473449188291974,0.218886637138472,0.058,0.069,1
"Rragc",0.473558809841913,-0.531089267659227,0.047,0.056,1
"Slc35c1",0.474425439728709,-0.21150916054847,0.059,0.069,1
"Farsa",0.474731118123549,0.406613133105198,0.05,0.041,1
"Rexo1",0.474779009325218,0.209718960194803,0.061,0.051,1
"Zc3h14",0.475517829523362,-0.399151280223859,0.071,0.081,1
"Gm15032",0.47555333904456,-0.685755064595598,0.043,0.051,1
"Ywhae",0.475774698947921,-0.257074602378349,0.239,0.247,1
"D10Wsu52e",0.476845099296388,-0.135232618528853,0.131,0.145,1
"Cisd2",0.477175574746497,0.339361349520652,0.096,0.084,1
"Phb2",0.478659754587097,-0.381935819426546,0.174,0.186,1
"Fam63b",0.478739415519149,0.321778034528439,0.073,0.064,1
"Mtap4",0.478985343241434,-0.170163560131579,0.052,0.061,1
"Ndufb8",0.479021261615946,-0.226963465423911,0.111,0.122,1
"Ralbp1",0.479204193033179,-0.252009129341405,0.105,0.117,1
"Cd4",0.479731604242591,0.420204067883246,0.085,0.074,1
"Rpp14",0.480323828382241,-0.538874395875529,0.05,0.059,1
"Mrpl14",0.48033810081842,0.412659691988004,0.052,0.043,1
"Cnot8",0.480584129172009,0.285045845617917,0.069,0.059,1
"Ndufs6",0.481140278045239,-0.494359782141921,0.154,0.163,1
"Pde7a",0.481267341829577,-0.128762248629232,0.076,0.087,1
"Nolc1",0.481636691235975,-0.441092186944216,0.101,0.112,1
"Yme1l1",0.481670209579625,0.284638291702659,0.058,0.048,1
"Mak16",0.482060192673849,-0.344589479651701,0.093,0.104,1
"Nedd8",0.482275880733474,-0.209492277433634,0.163,0.173,1
"Trim33",0.482574866437833,0.398953569932785,0.079,0.069,1
"AI413582",0.483063320073009,0.106433265516087,0.069,0.059,1
"Hnrnpa3",0.484361570256784,-0.202961411107546,0.108,0.092,1
"Etv3",0.484561783499094,0.504576425820562,0.06,0.051,1
"Trib2",0.484979449615043,-0.519344241036212,0.06,0.069,1
"Stub1",0.485047103283573,-0.622480739054386,0.05,0.059,1
"Dopey1",0.485642208253847,0.126782987987994,0.045,0.053,1
"Eri1",0.486922056886085,-0.529113910069973,0.055,0.064,1
"Tmem208",0.488000074201399,-0.380042806470539,0.048,0.056,1
"Khdrbs1",0.489028518122364,0.134725354692634,0.203,0.186,1
"Copb2",0.490307177193841,0.180371693494914,0.105,0.094,1
"Eif4e2",0.492426334050634,-0.267012778597442,0.121,0.104,1
"Lfng",0.492749161284048,-0.221329239750381,0.133,0.145,1
"Cox16",0.492902763350782,0.219886115925323,0.141,0.127,1
"Esyt1",0.493694879907967,-0.108577949548861,0.192,0.206,1
"Phf23",0.494062962436154,-0.544336959068433,0.085,0.094,1
"Ezr",0.49468071767478,0.160371197008786,0.296,0.27,1
"Rsl1d1",0.49485038540967,-0.287021770913341,0.126,0.112,1
"Pfn1",0.495422056906204,-0.238383456614345,0.27,0.277,1
"Twf2",0.496147561780629,-0.188480604465299,0.123,0.135,1
"Eif3k",0.496550904357598,-0.241128132915241,0.432,0.443,1
"Rictor",0.496625617390027,0.322447579647077,0.062,0.053,1
"Epn1",0.49713028533208,-0.385234563854329,0.081,0.069,1
"Reps1",0.497567200100638,0.22989182974975,0.052,0.043,1
"Rpl5-ps1",0.497628524796961,-0.191842265421558,0.231,0.244,1
"Ap1g2",0.498095567865255,-0.294153206697525,0.065,0.074,1
"Commd3",0.498443377279642,0.411114324645956,0.089,0.079,1
"Icam2",0.498541626053074,-0.108600334955447,0.083,0.094,1
"Nop2",0.498958904739474,-0.377110455879474,0.046,0.053,1
"Zfp622",0.499404644837558,0.218671175104744,0.112,0.099,1
"Rpf2",0.499836831798491,0.426504405057733,0.06,0.051,1
"Gm3386",0.499876567887194,0.18380078468741,0.065,0.056,1
"1600029O15Rik",0.501149115109503,-0.188221622737684,0.09,0.102,1
"Eid1",0.502322436245972,-0.141492980312252,0.05,0.041,1
"Pycr2",0.502322438370028,-0.342121742783228,0.046,0.053,1
"Arpc3",0.502351447626232,-0.201822109046464,0.211,0.221,1
"Hdac2",0.502946672629094,-0.48667701375624,0.07,0.079,1
"Gm5451",0.503219504124949,-0.20381586113326,0.286,0.293,1
"Tnfrsf18",0.503344074894039,-0.462043865403536,0.075,0.084,1
"Mrps12",0.504140811548204,-0.475827587072363,0.062,0.071,1
"Usf2",0.504812112931629,-0.482073823925868,0.141,0.15,1
"Mrpl51",0.50491928753978,0.118811106503879,0.074,0.064,1
"Dgkd",0.505794414748887,0.128442852542005,0.109,0.097,1
"4930523C07Rik",0.505860414344917,0.213292898063021,0.153,0.137,1
"Irf2bp2",0.506139974396406,0.397404890807701,0.138,0.127,1
"Ndufs2",0.506289046094388,-0.241380318577395,0.123,0.107,1
"D6Wsu116e",0.507275120611767,0.69191954686812,0.075,0.066,1
"Magoh",0.507349095349916,0.136464513811122,0.126,0.112,1
"Psmg1",0.507675257913489,-0.367983109415937,0.043,0.051,1
"Mgst2",0.508006686726094,0.523044720786979,0.11,0.099,1
"Gpr174",0.508026203199681,0.191524875355778,0.085,0.074,1
"Son",0.508342023732918,0.14542350763488,0.324,0.305,1
"Pknox1",0.508579145049612,0.37347798082164,0.068,0.059,1
"1810035L17Rik",0.508648237076283,-0.102602951990046,0.094,0.081,1
"Atp6v1a",0.508681299520641,0.141544225947777,0.052,0.043,1
"Gm13841",0.510445139603282,-0.628821184771877,0.054,0.061,1
"Ppp2ca",0.510517733737826,0.195223342731652,0.191,0.173,1
"Plcl2",0.512691724302502,-0.122605278908081,0.074,0.084,1
"Actn1",0.513110933475038,-0.221957513368642,0.213,0.224,1
"Rps12-ps5",0.513298557909537,-0.298289135418213,0.053,0.061,1
"Cdc5l",0.51467209080329,-0.212361104932213,0.144,0.127,1
"Rpf1",0.515095659916564,-0.320734341902669,0.065,0.074,1
"Txnrd1",0.515745251162947,-0.153168291126456,0.048,0.056,1
"Mcm3",0.515960513176772,-0.428053871240621,0.068,0.076,1
"Sf3b5",0.516451474053922,-0.455150132175375,0.125,0.135,1
"Ythdf2",0.516470875456007,-0.187346848910899,0.072,0.081,1
"Gm10029",0.516579638088355,-0.246759655938521,0.048,0.056,1
"Cib1",0.517337275015718,-0.21680862354486,0.077,0.066,1
"Ttc7",0.517378315682844,-0.223225931208088,0.105,0.115,1
"Pin1",0.518781843480601,-0.293859481603161,0.058,0.066,1
"Rp9",0.518863087554481,-0.161888621351645,0.147,0.16,1
"Pmf1",0.520289035807454,0.341290759557474,0.057,0.048,1
"Hspa14",0.521220757721973,-0.156039247148077,0.074,0.064,1
"P4hb",0.52135788985762,-0.155317443183934,0.132,0.142,1
"Snrpb",0.522755398796818,-0.18750602224062,0.245,0.254,1
"Folr4",0.522795731811534,-0.437575128672093,0.061,0.069,1
"Clic1",0.522964124448953,0.152999030455468,0.248,0.232,1
"Stt3b",0.524016877988544,-0.298988833652987,0.092,0.102,1
"Atg5",0.524020942159145,-0.250465053361467,0.063,0.071,1
"Srebf2",0.524022287755586,0.33551693195829,0.051,0.043,1
"Pold4",0.524674981144721,-0.244654129002915,0.128,0.137,1
"Chordc1",0.525256670547344,-0.176898496987294,0.089,0.099,1
"Phrf1",0.525265099404193,-0.601361213511043,0.064,0.071,1
"Arhgef3",0.52559809520469,-0.193675820182279,0.143,0.155,1
"Slk",0.525911949647737,-0.518530006837761,0.061,0.069,1
"Ap2m1",0.526351515495093,-0.219564320566094,0.081,0.092,1
"Bnip3l",0.526633558567766,-0.149698262377223,0.119,0.13,1
"Cdk5rap3",0.52807160246211,-0.197059363852316,0.058,0.048,1
"Dpm2",0.528179903257587,0.102203391170383,0.062,0.053,1
"Rad23b",0.528460055188889,0.198870083752295,0.089,0.079,1
"Slc25a39",0.528674497454994,-0.558557441091401,0.054,0.061,1
"Gm20427",0.529437555721676,-0.565736419040302,0.075,0.084,1
"Sdf2",0.530001798701559,0.3980383361343,0.076,0.066,1
"Mbd2",0.530379036897656,0.108832068763721,0.229,0.211,1
"1810030N24Rik",0.531089580192341,-0.414740153570449,0.054,0.061,1
"2210016L21Rik",0.533197362580922,-0.106743746847807,0.053,0.061,1
"Rassf2",0.533536946431548,-0.231002964095912,0.129,0.14,1
"Cetn3",0.533769198489823,-0.238655633532159,0.085,0.094,1
"Llph",0.534040466302099,0.101001077058264,0.117,0.104,1
"Ltb",0.534457757185644,-0.206766364172278,0.268,0.28,1
"2410002O22Rik",0.53480828435142,-1.14054804312279,0.044,0.051,1
"Trappc5",0.535179419829148,0.184943613222933,0.07,0.061,1
"Srsf1",0.535650106931218,-0.141892311648993,0.126,0.137,1
"Cdc37",0.536144719546682,-0.172791627076955,0.151,0.163,1
"Skiv2l",0.536359934326273,0.329925433161418,0.051,0.043,1
"Psmd8",0.536631317326913,-0.113459508643545,0.145,0.158,1
"Mphosph10",0.537016187102161,-0.615836457882517,0.066,0.074,1
"Ruvbl1",0.537443763539468,-0.194202177512303,0.046,0.053,1
"Gm13653",0.538282504088381,-0.30087193310241,0.085,0.094,1
"Gm15464",0.538303518843835,-0.166511228603438,0.052,0.043,1
"Tomm22",0.538319500156047,0.11725119820134,0.154,0.14,1
"Rae1",0.538345456570527,-0.180720879659121,0.073,0.064,1
"Ankrd10",0.539286663634095,-0.14056093871828,0.07,0.079,1
"Gm14633",0.54069583270732,-0.106571729476537,0.079,0.089,1
"Cog8",0.540787294751295,0.195461800457961,0.078,0.069,1
"Il21r",0.541043620342022,-0.484698410667428,0.143,0.153,1
"Parp3",0.541077672876326,-0.164777807692154,0.051,0.043,1
"Ech1",0.541125817862623,-0.250211459294866,0.075,0.084,1
"Bcl2",0.541384872362515,-0.311768819628866,0.114,0.122,1
"Gm12254",0.541589557041251,-0.127358426078511,0.518,0.499,1
"Ywhab",0.541838128351506,-0.161379759913682,0.265,0.277,1
"St3gal6",0.544349003786029,0.304501202425026,0.059,0.051,1
"Lsp1",0.545785063219371,-0.10393156207842,0.426,0.389,1
"Bptf",0.546642141996931,0.185929364311026,0.223,0.206,1
"Ccz1",0.546895822914275,-0.355916509579828,0.051,0.043,1
"Tmem167",0.547059242960514,0.229064862066478,0.115,0.104,1
"Ndufs8",0.547890771289503,-0.11477989429281,0.094,0.104,1
"Gm4963",0.548344739038445,-0.108529915665568,0.069,0.079,1
"Sf3a2",0.548916974778065,0.138903264652845,0.068,0.059,1
"Ino80",0.55006212345915,-0.348577427397714,0.06,0.051,1
"Mea1",0.551078362039876,0.206841575148295,0.07,0.061,1
"Ilkap",0.551661260383582,-0.307630314837918,0.068,0.059,1
"Ppm1a",0.552032538737448,0.237686730123985,0.053,0.061,1
"Siah1a",0.552405003832157,0.28919502739007,0.067,0.059,1
"ORF19",0.553135033964681,-0.939943831913847,0.05,0.056,1
"Ube2j1",0.55439415611645,-0.242466682753955,0.078,0.087,1
"Sgpp1",0.555039604181633,0.298551201243853,0.077,0.069,1
"Atrx",0.555865406966146,-0.302699201208931,0.151,0.16,1
"Mboat7",0.556521971875703,-0.428182802506042,0.044,0.051,1
"Ubap2",0.558351064215183,-0.57830343751493,0.057,0.064,1
"Hspa4",0.559495730871665,0.137447072000108,0.159,0.148,1
"Sptlc1",0.560331002087511,-0.326151151723371,0.046,0.053,1
"Scaf11",0.561257964436709,-0.207217206968967,0.122,0.132,1
"0610012G03Rik",0.561411603463137,0.156529139228129,0.073,0.064,1
"Gm8724",0.561600567530065,-0.622550520959559,0.045,0.051,1
"Gm5436",0.56319440730156,-0.203251697645509,0.075,0.084,1
"Pecam1",0.563757543719828,0.332176540576194,0.085,0.076,1
"Ccng2",0.563765554095415,-0.20410812478669,0.046,0.053,1
"2310033P09Rik",0.564119631198545,-0.320212757081515,0.044,0.051,1
"Fam96a",0.564854362946967,-0.267989533663833,0.097,0.107,1
"Thumpd1",0.565882516650742,-0.336876317645871,0.071,0.079,1
"Nr1h2",0.566197094827114,0.11329490455942,0.1,0.089,1
"Secisbp2l",0.566203223914566,0.249734817979622,0.05,0.043,1
"AC157822.1",0.567495042048814,0.428846675668733,0.066,0.059,1
"Suclg1",0.567561377075906,-0.234648290635865,0.118,0.127,1
"Polr2i",0.5681009319027,0.226413220961422,0.056,0.048,1
"Sh3bp5",0.568243849127933,0.422540470148144,0.1,0.092,1
"Sar1b",0.569447465571339,-0.509146007107485,0.054,0.061,1
"Ube3a",0.569613556442822,-0.217270084033702,0.068,0.059,1
"U4atac",0.569833988570882,-0.146532910819699,0.266,0.242,1
"Psmd10",0.570564128300934,0.416653784060053,0.053,0.046,1
"Kcnn4",0.570798221259703,0.243472778128377,0.147,0.135,1
"Gm6415",0.572200555069413,-0.617680989623036,0.067,0.074,1
"D16Ertd472e",0.572316762368545,-0.129785320449263,0.059,0.051,1
"Tax1bp1",0.573517465195784,0.105258229248058,0.237,0.221,1
"Akr1b3",0.574429485109542,-0.436100061300425,0.059,0.066,1
"Thoc2",0.574478382984137,-0.183198273852549,0.095,0.104,1
"Scamp2",0.575139562932415,0.264928333120704,0.074,0.066,1
"Mrpl33",0.575204849701971,-0.195914769012295,0.165,0.173,1
"Gm8822",0.575886957189756,0.40214675361357,0.053,0.046,1
"Cstb",0.575920301448115,0.115555764119209,0.073,0.064,1
"Rnh1",0.576709978119085,-0.268649734590175,0.071,0.079,1
"Dynlrb1",0.576789512781626,-0.186241469725644,0.141,0.125,1
"Riok3",0.576989149336219,0.225536344285291,0.074,0.066,1
"Ubtf",0.578047822463643,0.191133989008051,0.086,0.076,1
"Ppm1m",0.578422942020055,-0.393000023149342,0.047,0.053,1
"Tcf3",0.578668101219296,-0.482183792501463,0.057,0.064,1
"Alg5",0.579463612910325,0.128528034987409,0.064,0.056,1
"Mapk1",0.579761732328272,-0.279172314216135,0.119,0.127,1
"Lsm12",0.580228902500532,-0.234493542340012,0.062,0.069,1
"Mrpl13",0.58025324550629,-0.570512199151921,0.067,0.074,1
"Stx8",0.580365418970642,-0.326899864904367,0.051,0.059,1
"Tufm",0.580909951744006,0.444279838537878,0.055,0.048,1
"Gm12251",0.581105443077155,0.157379382148114,0.05,0.043,1
"Alkbh5",0.581173468970107,-0.124612438033846,0.105,0.094,1
"Fus",0.581926949427432,-0.111743646511266,0.117,0.127,1
"Nudc",0.582595420443246,-0.151705621254593,0.094,0.084,1
"Hnrnpa2b1",0.582640834996124,0.133522930934505,0.549,0.524,1
"Tmem126a",0.583476698571748,-0.128088389451329,0.059,0.066,1
"Mrp63",0.584865267740085,-0.230223788622591,0.098,0.107,1
"Rev3l",0.584983602933874,-0.132277389504591,0.054,0.046,1
"Mcm2",0.585133431148909,0.225054547437282,0.058,0.051,1
"Ap4s1",0.5851400810982,0.383629760989147,0.05,0.043,1
"Usp3",0.585251194457807,0.154372030339298,0.146,0.135,1
"Med10",0.585804475188844,-0.211678209736198,0.081,0.089,1
"Cd9",0.585813785727869,0.163175851236161,0.05,0.043,1
"Pan3",0.586057178471961,-0.233027845531162,0.064,0.056,1
"Sin3a",0.586232981068786,0.118973326831698,0.056,0.048,1
"Paf1",0.586487846497371,-0.367462117524785,0.047,0.053,1
"Tceb2",0.586695522054395,-0.132339740674494,0.283,0.285,1
"Nr2c2",0.58731076353167,0.410067209687757,0.071,0.064,1
"Glipr2",0.588407127286573,-0.35370387216698,0.184,0.188,1
"Dnajb6",0.589089759443445,-0.177980673864121,0.069,0.076,1
"Cbfb",0.589838987535601,0.12397881624409,0.131,0.12,1
"Clip1",0.590604094629026,-0.135415644581254,0.078,0.087,1
"Churc1",0.590786130971875,0.145784952668323,0.109,0.099,1
"Sod2",0.591777076113528,-0.3265130544566,0.059,0.066,1
"Kdsr",0.591873226025155,-0.244563686807403,0.045,0.051,1
"Faim",0.592104521448278,-0.216979253884433,0.045,0.051,1
"Grb2",0.592125602967724,-0.100910446476716,0.122,0.13,1
"Ctcf",0.592410260548627,0.162992898889346,0.152,0.142,1
"Nus1",0.592415130448442,0.16428800824224,0.061,0.053,1
"Rps6",0.59282278692121,-0.225938770186893,0.085,0.074,1
"Grcc10",0.593197215361521,-0.315543361116865,0.057,0.064,1
"Hsph1",0.593332127278875,0.107500467029232,0.097,0.087,1
"9130011J15Rik",0.593469428564005,0.144569588425824,0.061,0.069,1
"Gm15843",0.594600308613822,-0.282764734658885,0.077,0.084,1
"Gpatch4",0.59532087224923,-0.286617380631492,0.052,0.059,1
"Crnkl1",0.596081135222972,-0.160770161468368,0.054,0.061,1
"Gm17383",0.596420546879114,0.145444287627238,0.096,0.087,1
"Nras",0.598144637373926,-0.484724317418774,0.132,0.14,1
"Ube2g1",0.598202167261041,-0.120097358606953,0.054,0.061,1
"Dcun1d5",0.598858187248941,-0.155677896263449,0.089,0.079,1
"Il16",0.600517270686597,-0.102790069257575,0.306,0.316,1
"Smg5",0.600952704562059,-0.264690897605581,0.05,0.043,1
"Brp44",0.602010440997157,0.287013084163443,0.121,0.112,1
"Adh5",0.603490262147664,-0.439841400894983,0.122,0.13,1
"Plcg1",0.603500115726104,-0.355866637592648,0.115,0.122,1
"Top1",0.604709499642033,-0.253722953191466,0.137,0.145,1
"Dync1h1",0.604824495472057,-0.25864370199215,0.131,0.137,1
"Atic",0.604872613855654,-0.209514274723852,0.052,0.059,1
"Lcp2",0.605396342709507,0.109302935612636,0.149,0.137,1
"Ppp1r16b",0.605661777101266,-0.239162997969962,0.059,0.066,1
"Adipor2",0.605735234111097,0.13636950022895,0.072,0.064,1
"Supt6h",0.60601288074785,-0.19016075368875,0.106,0.094,1
"Mrps18c",0.606553700381774,0.189900887722458,0.106,0.097,1
"Txndc9",0.606847857550354,0.148189645403627,0.088,0.079,1
"Gm16469",0.607039523241815,-0.190784036292926,0.184,0.191,1
"Cox6c",0.607115368710059,-0.147997004158832,0.297,0.305,1
"0610007P22Rik",0.607189913483163,0.276899690248072,0.053,0.046,1
"Actr1a",0.6074430701841,-0.472972072453156,0.06,0.066,1
"Fbxl14",0.607766516417867,0.204547085932865,0.097,0.089,1
"Nfkb2",0.609395813207149,-0.389460251600161,0.062,0.069,1
"Exosc9",0.609821528551967,0.435650558450059,0.058,0.051,1
"Cd84",0.610197178912399,0.443584493115369,0.089,0.081,1
"Pcmtd1",0.610464028845566,0.402833396898239,0.058,0.051,1
"Ino80d",0.610688867079686,0.499524101997123,0.073,0.066,1
"Tex261",0.611359287265115,-0.365895363766067,0.082,0.089,1
"Rtf1",0.611680985985639,-0.357237749818817,0.085,0.092,1
"Elk3",0.611994928261705,-0.626762634097417,0.05,0.056,1
"Cdc34",0.612477588016611,0.144996280741186,0.065,0.074,1
"Smarcc2",0.612553743516827,-0.452924850128956,0.075,0.081,1
"Orai2",0.612856697251562,-0.452289799398821,0.101,0.107,1
"Map2k4",0.613114780068527,0.112352346913356,0.05,0.056,1
"Apol7b",0.613138343503248,-0.427580711061882,0.073,0.064,1
"Ak2",0.613977499890789,-0.569166112120583,0.053,0.059,1
"Srebf1",0.614151975752968,0.330533044393638,0.05,0.043,1
"Hsd17b12",0.614826857921339,-0.536048052771473,0.046,0.051,1
"Nrbp1",0.615033049155395,-0.384815351290538,0.06,0.066,1
"Naa50",0.615308174098961,0.234682206037519,0.099,0.089,1
"Chchd10",0.615484581977147,-0.351673902469319,0.055,0.061,1
"Tceb3",0.617204546129354,0.594844205135466,0.062,0.056,1
"Rcc2",0.617205376168357,0.106267739924717,0.171,0.158,1
"Rbm27",0.617211214998878,-0.11841379711524,0.088,0.097,1
"Dennd2d",0.618087102709349,-0.483922314797688,0.109,0.115,1
"6720456B07Rik",0.61886347618712,-0.216063727904264,0.216,0.221,1
"Lat",0.61904297499974,-0.117360203604737,0.46,0.433,1
"Pik3r1",0.619464194839082,0.100519480593232,0.077,0.069,1
"Cdc40",0.62042079214826,0.164075953987012,0.079,0.071,1
"Plekhj1",0.620800933775454,-0.11838371517179,0.086,0.076,1
"2810428I15Rik",0.621266206149471,-0.32161716309852,0.077,0.084,1
"Phf15",0.621310506500211,0.212854757042174,0.132,0.122,1
"Fmnl1",0.621367571665998,-0.182860207113024,0.147,0.132,1
"Rasal3",0.621511688685265,-0.103824586155983,0.204,0.211,1
"Slc11a2",0.621558909113364,0.350402575788906,0.05,0.043,1
"Chchd7",0.621773248763006,0.691404548555303,0.059,0.053,1
"Suv420h1",0.623119516440362,-0.271903983504463,0.069,0.076,1
"Mogs",0.623491928332614,-0.373792642723163,0.06,0.066,1
"Dnm2",0.623741208633983,-0.150248621183109,0.143,0.15,1
"Myst2",0.624673475441004,0.12986164338475,0.071,0.064,1
"Pacs1",0.624711576696483,-0.460857867462941,0.077,0.084,1
"Dhx8",0.625913733193024,-0.452905206767001,0.048,0.053,1
"Ccdc56",0.626831431341976,-0.382447861743846,0.077,0.084,1
"Birc3",0.627185198390247,0.329885205157243,0.07,0.064,1
"Azin1",0.627306386651046,0.108612025026928,0.06,0.053,1
"Mdh1",0.627612723984494,0.138549935599455,0.224,0.206,1
"Fam53b",0.627680185760084,-0.195250450469131,0.088,0.079,1
"Ablim1",0.628022896329628,-0.131455705460775,0.483,0.476,1
"Mybbp1a",0.628171525555352,-0.450405776331072,0.117,0.122,1
"Nudt16l1",0.628966744364093,0.146152221507706,0.068,0.061,1
"Atp6v0e",0.629267657558369,0.188417262719891,0.167,0.155,1
"Snapin",0.63006004977451,-0.330247464842967,0.048,0.053,1
"Arl5c",0.630669998654658,-0.436256323074401,0.061,0.066,1
"Gm12174",0.631111673559267,-0.213225745623148,0.122,0.13,1
"Polr2e",0.631134614682108,-0.382281181470149,0.135,0.142,1
"Pak1ip1",0.631380127185608,-0.158890249476477,0.115,0.104,1
"Mat2b",0.632353993050173,0.107339870122962,0.131,0.12,1
"Asnsd1",0.63265804613669,-0.363828746244368,0.073,0.079,1
"Exosc5",0.633326559722066,-0.191461518859129,0.058,0.064,1
"Bcl7b",0.633347970352932,-0.907355907554316,0.071,0.076,1
"Nol12",0.63398674850336,-0.558613799483345,0.048,0.053,1
"Wbscr22",0.635081774580224,0.190073757078632,0.05,0.043,1
"Prkd2",0.635228822485396,0.111168843490935,0.132,0.122,1
"B3gat3",0.635784604082373,0.175628059847044,0.05,0.043,1
"Sdhd",0.636317570550445,0.267432465576562,0.102,0.094,1
"Anapc2",0.637068325682843,-0.311608822731536,0.053,0.059,1
"2610002J02Rik",0.637077120461678,-0.388082973128977,0.054,0.059,1
"Timm44",0.637939170044822,-0.251803313245065,0.055,0.048,1
"Esf1",0.638111106298859,-0.202471945141123,0.061,0.053,1
"Arf5",0.638729574834476,-0.226248527104818,0.165,0.17,1
"Psmg2",0.639068821014935,-0.186042100447753,0.05,0.043,1
"Atp5c1",0.639350259004308,-0.103572666661162,0.314,0.285,1
"Card6",0.640521376812018,0.232078270775479,0.104,0.097,1
"Map4k1",0.640949784672793,-0.542479831060047,0.065,0.071,1
"Arpc5l",0.641344887775891,0.186275125237996,0.146,0.137,1
"Fuca1",0.641629384074461,-0.245180259968782,0.061,0.053,1
"Nup50",0.641848104357525,-0.169533027220089,0.097,0.104,1
"Ensa",0.642076364860875,-0.13962287808119,0.102,0.094,1
"Stat4",0.643045089897071,-0.213924485742579,0.116,0.125,1
"Gm10221",0.644026526859036,-0.113875402412192,0.121,0.109,1
"Gns",0.644513990087268,-0.226923049522996,0.058,0.064,1
"Strn4",0.644964551366223,0.523646734893668,0.051,0.046,1
"Trappc4",0.64523003863508,-0.310058680749509,0.083,0.074,1
"Commd6",0.64569211559486,0.20983723539094,0.06,0.053,1
"Egln2",0.646431602654191,-0.52324112855178,0.071,0.076,1
"Dgkz",0.646865528344787,-0.19047801375226,0.108,0.115,1
"Pds5b",0.647002222106963,0.135937881194548,0.07,0.064,1
"Hcls1",0.647200699437428,0.124298654181314,0.164,0.15,1
"Ube2m",0.648016383415214,-0.120613928192614,0.09,0.097,1
"Atxn10",0.649443569964893,-0.407940806585718,0.078,0.084,1
"Mfap1a",0.649707089128825,-0.305119865229459,0.073,0.079,1
"Mrpl36",0.650409150227979,-0.232430249968306,0.082,0.089,1
"BC005624",0.651092328949773,-0.370366965413952,0.05,0.043,1
"Rab11a",0.651269220847742,0.281289424175888,0.076,0.069,1
"Dnmt1",0.651347835381067,-0.54847898902483,0.081,0.087,1
"Rpl9",0.652287908337615,-0.150477650330126,0.241,0.247,1
"Dnhd1",0.653143003267058,-0.268978247906376,0.09,0.081,1
"Sema4d",0.653704101415412,-0.225388382230347,0.098,0.104,1
"Arhgap27",0.654148226637565,-0.471463689118185,0.054,0.059,1
"Slu7",0.655166348970273,0.203490183812796,0.079,0.071,1
"Idh3g",0.655563783472036,-0.328613973396629,0.123,0.13,1
"Ykt6",0.65576312587956,-0.223923424739538,0.052,0.046,1
"Gm9800",0.656323588484389,0.157782793322457,0.092,0.084,1
"Gm2962",0.657219025733747,-0.335135040056755,0.056,0.061,1
"Ndufa12",0.657224698175086,-0.222213346752696,0.095,0.102,1
"Wipf2",0.6577865493565,-0.140539051844164,0.07,0.076,1
"Mrps14",0.65912819908802,-0.190612024852742,0.11,0.117,1
"Zfp263",0.65924453351088,-0.113395467099988,0.052,0.046,1
"Akna",0.659869466123316,-0.247010737429101,0.15,0.155,1
"Rcor1",0.659919921905987,-0.720702607510113,0.071,0.076,1
"Gigyf2",0.660011123941728,0.535656977564722,0.067,0.061,1
"Atp13a1",0.660252915952647,-0.136121720838088,0.063,0.056,1
"Osgep",0.660721837741563,0.213159893231309,0.057,0.051,1
"Rcsd1",0.660885460209245,-0.115481959129359,0.108,0.115,1
"Rpa1",0.661126666422878,-0.2507914749576,0.106,0.097,1
"Tbpl1",0.661377067393894,-0.707262980094504,0.049,0.053,1
"Ifi30",0.66216138280221,-0.405310547583315,0.063,0.056,1
"Stag1",0.663014273347158,-0.127553208604738,0.058,0.064,1
"Ppp4r2",0.664483295380731,0.184820969201837,0.117,0.109,1
"Setd3",0.664927292369308,0.184037778329137,0.059,0.053,1
"Fgd3",0.66532379574148,-0.360803478815759,0.073,0.079,1
"Als2cl",0.66602086896805,-0.356882678847385,0.107,0.112,1
"Chmp5",0.666194328553972,-0.180848925374865,0.068,0.061,1
"Utp11l",0.666913116653247,-0.329282202964542,0.069,0.061,1
"Dctn5",0.667409370243331,-0.591834989607224,0.069,0.074,1
"Emd",0.667924383677199,-0.416913146067418,0.066,0.071,1
"Atmin",0.668646367916944,-0.364334951200541,0.049,0.053,1
"Lrrc8c",0.668759534859727,-0.102682899949615,0.084,0.076,1
"Aes",0.669275196412031,-0.193958956092901,0.412,0.407,1
"Isg20l2",0.67071879013551,-0.451657724339434,0.066,0.059,1
"Ngly1",0.670793280481658,0.219448100797808,0.05,0.056,1
"Rab37",0.673845562144635,-0.917967413779737,0.052,0.056,1
"Gm11968",0.674767283376327,0.187630853676379,0.051,0.046,1
"F2r",0.675018674034405,0.199864719205888,0.059,0.053,1
"Reep5",0.676129882347065,0.192132461869738,0.098,0.092,1
"Macf1",0.676899880643115,-0.111733618934752,0.251,0.257,1
"Fkbp3",0.678148102644131,0.154934174082095,0.205,0.216,1
"Gm12013",0.678156438992276,-0.411642163475674,0.051,0.056,1
"U6",0.679076974383823,-0.287725535285142,0.054,0.059,1
"Dync1i2",0.680222089308179,-0.187980340937706,0.102,0.109,1
"Nsmaf",0.680858971587241,0.159211608659075,0.059,0.053,1
"Naa38",0.68147304006134,-0.14276500975723,0.091,0.097,1
"Tram1",0.6818650681441,-0.102774508522254,0.216,0.224,1
"Gm17624",0.682141208727925,-0.303639240257959,0.066,0.071,1
"Rala",0.682739751333009,-0.238986319557407,0.086,0.092,1
"Mapk14",0.682803135416653,-0.219445028089328,0.078,0.084,1
"Hiat1",0.682804078243077,-0.385611246254948,0.049,0.053,1
"Sarnp",0.683280967679748,0.200594512210703,0.091,0.084,1
"Psen1",0.683952178994257,-0.565207764647747,0.057,0.061,1
"Ythdf1",0.684764119865437,-0.165893451474463,0.09,0.097,1
"Ostc",0.685239975652643,-0.18673889805121,0.133,0.14,1
"Stxbp2",0.685739084577202,-0.13675883238436,0.066,0.071,1
"Atrip",0.685834436386868,-0.330605509683045,0.079,0.071,1
"Slc14a1",0.686944326355016,0.315356986506518,0.05,0.056,1
"Man1a",0.687711196664842,-0.157948667761602,0.088,0.094,1
"Vps29",0.687953118103464,-0.12854410789935,0.078,0.071,1
"Acp5",0.688344878726909,-0.156035704684737,0.192,0.198,1
"Ndufv1",0.689171130815176,-0.185088317265049,0.073,0.066,1
"Atp6v0d1",0.689535738018452,-0.196987906443192,0.076,0.069,1
"Madd",0.689598921107643,-0.158742724848765,0.093,0.099,1
"Clcn4-2",0.689917373552885,-0.353207017266242,0.046,0.051,1
"Batf",0.690093584132307,0.240333327370795,0.054,0.048,1
"Golga4",0.690287331791345,-0.170779391419535,0.076,0.081,1
"Arl1",0.693374630162775,0.240613433998193,0.059,0.053,1
"Znrd1",0.693740399220108,-0.195442020452711,0.085,0.076,1
"2510002D24Rik",0.69385390846081,-0.430829396209188,0.049,0.053,1
"Kidins220",0.69385390846081,-0.428624734643312,0.049,0.053,1
"Pttg1ip",0.693932971852083,-0.29561197720282,0.07,0.064,1
"Ssb",0.694030676511406,-0.343513037799768,0.23,0.209,1
"Snapc5",0.694582075459802,-0.595523796454159,0.067,0.071,1
"Rock2",0.694650620018633,-0.18930341813052,0.07,0.064,1
"Tmem222",0.695939970949742,-0.654505733949527,0.047,0.051,1
"Ppp6c",0.69661485295589,-0.178631292999244,0.058,0.064,1
"Hars",0.700253438117663,0.112713405491988,0.069,0.064,1
"Cops5",0.700423405485741,0.114576531307067,0.073,0.079,1
"Chmp3",0.701068272365868,-0.179023920966514,0.081,0.074,1
"Sdhaf1",0.702496230089936,-0.232018171081455,0.062,0.056,1
"Ikbke",0.702797299165184,-0.233379856533997,0.113,0.117,1
"Unc13d",0.70321552652202,0.37626881661465,0.056,0.051,1
"Srsf10",0.704038044184351,0.288697488362477,0.066,0.061,1
"Gm12183",0.704185462007312,-0.336279906984669,0.057,0.061,1
"Gpsm3",0.704374597517571,-0.147601558162641,0.173,0.178,1
"Ilk",0.704494269817106,-0.448414129822706,0.084,0.076,1
"Lrrc58",0.70489917046041,-0.218966781654543,0.204,0.206,1
"Cd226",0.705404418347512,-0.350780820117981,0.054,0.048,1
"Gm9835",0.708130751165656,-0.218894410513478,0.07,0.064,1
"Ccs",0.7082081932877,-0.342263734535645,0.051,0.046,1
"Sesn3",0.708226391720727,-0.218845286501422,0.057,0.051,1
"Smap2",0.708258447379109,0.276288649313496,0.268,0.262,1
"Upf2",0.708264117165396,0.304724615067131,0.056,0.051,1
"Surf6",0.709168908381771,-0.261640870875074,0.049,0.053,1
"Fam160b1",0.710084342755941,0.298003692623458,0.05,0.046,1
"Mina",0.710494437879026,0.272395926909251,0.064,0.059,1
"Atf1",0.71220093615499,-0.263408155042742,0.078,0.071,1
"Dph3",0.712697899687091,-0.227506327321089,0.057,0.061,1
"Gm12940",0.713820653486037,-0.329751683231321,0.057,0.061,1
"Dhx30",0.714283857067379,-0.326855931125042,0.052,0.056,1
"Eif3b",0.714369554874647,-0.292686285402101,0.145,0.148,1
"2700029M09Rik",0.714384269928322,-0.278084274958695,0.062,0.066,1
"Vps4b",0.715822143357693,-0.321048347064972,0.102,0.107,1
"Vps41",0.716180464218344,0.257696174046925,0.058,0.053,1
"Gm12739",0.716290449383328,-0.129586384733833,0.203,0.206,1
"Trappc6b",0.717974750253395,-0.339227209062932,0.062,0.056,1
"Mesdc2",0.718168740877094,-0.175867700870284,0.056,0.051,1
"Ctse",0.718308887473432,-0.289035362805921,0.054,0.059,1
"Bcas2",0.719104767070774,-0.128406668570144,0.109,0.115,1
"Mrpl41",0.72161146760314,0.261240324021869,0.058,0.053,1
"Eif2s3x",0.723161781606245,-0.252441399109665,0.082,0.087,1
"Vti1b",0.723729334062426,-0.247351339308787,0.089,0.081,1
"Sms",0.724417809265766,-0.500568159313144,0.06,0.064,1
"Gm12468",0.725213273080927,-0.280948200004384,0.087,0.092,1
"Gm11346",0.727467973960741,0.127340868597068,0.09,0.097,1
"Rab22a",0.727662812867496,-0.102466236425788,0.054,0.048,1
"Dctn2",0.728244875781774,0.596303757854103,0.058,0.053,1
"Snrpa",0.728933064786469,0.239230126258769,0.054,0.059,1
"Hsd17b10",0.729431875194821,-0.252318539589354,0.085,0.092,1
"Zmynd8",0.729640761054154,0.187627853365462,0.097,0.092,1
"Ccdc55",0.730264825235474,-0.352055146604518,0.067,0.061,1
"4632428N05Rik",0.730549968042459,-0.100926663368058,0.192,0.198,1
"Icos",0.731490855304053,0.115634098377891,0.058,0.053,1
"Aff3",0.732866829593295,-0.457510439156873,0.052,0.056,1
"Smc4",0.733693693848737,-0.155644614153765,0.411,0.415,1
"Cbx1",0.733858957276562,-0.46199049385783,0.078,0.071,1
"Pnkp",0.734814519292882,-0.136407544744348,0.057,0.061,1
"Znhit1",0.734979913017366,-0.933368445469549,0.048,0.051,1
"Gm16580",0.735098200240682,-0.200641157887078,0.161,0.163,1
"Fli1",0.73515985403098,-0.24308197621815,0.11,0.115,1
"Gm6155",0.736615015013312,-0.212283971588478,0.184,0.188,1
"Sae1",0.736953436360124,0.270207568132143,0.061,0.056,1
"Ankrd40",0.738930578298702,0.187556156325803,0.05,0.046,1
"Ttyh3",0.739708351772882,-0.104800087802839,0.077,0.071,1
"Tagap",0.739924291917725,-0.252222239216258,0.057,0.061,1
"Nek7",0.740278767849401,-0.115451044828375,0.05,0.046,1
"Zfr",0.740743960211512,0.156142777335238,0.074,0.069,1
"Ndufb6",0.740834130499752,-0.169723685885463,0.099,0.092,1
"Psmd1",0.74154633796103,-0.253268471205872,0.077,0.081,1
"Gtf3a",0.741666555931433,0.422575058547935,0.063,0.059,1
"Khsrp",0.742026243768875,0.184825659007656,0.102,0.097,1
"Ccdc53",0.742086560626238,-0.465139444061977,0.093,0.084,1
"Gm8566",0.742304208887183,-0.174089328968509,0.085,0.089,1
"Pi4ka",0.742877663964661,-0.11669860537337,0.065,0.069,1
"Rbm28",0.742953858707329,-0.151189726953546,0.062,0.056,1
"Rab1",0.743140963158049,-0.205416637945745,0.089,0.081,1
"Faf1",0.744844212735003,0.442503351172017,0.05,0.046,1
"Ggnbp2",0.744993045636689,0.131557747019404,0.169,0.163,1
"Fam54b",0.74502239832699,-0.316434251170477,0.065,0.069,1
"Atad1",0.745746661073281,-0.310844202939426,0.062,0.056,1
"Gm5093",0.748870187946838,-0.146896012289382,0.052,0.056,1
"Vps25",0.7501779384101,-0.299394394300738,0.109,0.112,1
"Atp11b",0.751279436580988,0.489709151781521,0.125,0.122,1
"Ythdc1",0.75360788009268,-0.254330247742379,0.113,0.117,1
"Tbc1d1",0.754824606117333,0.191558305409993,0.047,0.051,1
"Hnrnpa0",0.754915173679568,-0.288692717790462,0.2,0.201,1
"Picalm",0.755399231966746,0.448808056028727,0.104,0.099,1
"Arf1",0.75627554769774,0.113040274839174,0.207,0.196,1
"Ebp",0.75683479451214,-0.525553771082707,0.076,0.079,1
"Gabpb2",0.7573742108991,-0.54174876150229,0.092,0.094,1
"Ppt1",0.758222548595927,-0.288748982255418,0.073,0.076,1
"Mbd3",0.758259607221835,-0.153996664549921,0.113,0.12,1
"Gm16111",0.758263450826154,0.105625963565188,0.076,0.071,1
"Csnk1g2",0.758454807897448,-0.379468995134786,0.17,0.17,1
"Ss18",0.75940253021357,-0.545695912156159,0.081,0.084,1
"Ralgps2",0.761491107192962,-0.132578275748773,0.053,0.048,1
"Arid1b",0.761625289503337,-0.41478152614541,0.065,0.069,1
"Scaf8",0.761751453654719,-0.292125488791354,0.06,0.064,1
"Id2",0.761762749689175,-0.278865399303531,0.097,0.099,1
"Rrp1",0.761856021219154,-0.4015591508569,0.135,0.135,1
"Cdk13",0.762092388681275,0.206633067860748,0.117,0.112,1
"Kif2a",0.762223843467087,0.261423808129928,0.064,0.069,1
"Gm6272",0.76305251545212,-0.148819862415809,0.198,0.201,1
"Ptrh2",0.763202822169029,-0.560443044145248,0.048,0.051,1
"Pgls",0.764143519090296,-0.412779943972214,0.106,0.109,1
"Acss2",0.767492115440089,-0.361775799161678,0.05,0.053,1
"Dpf2",0.769820836542714,-0.360895846300288,0.068,0.071,1
"1810008A18Rik",0.770027888102273,-0.499781073726172,0.053,0.056,1
"H3f3a",0.770070751778353,-0.140028579642777,0.351,0.351,1
"Bnip2",0.770167339348809,-0.392531044380438,0.07,0.074,1
"Rbfa",0.771574932255282,-0.281641777061458,0.064,0.059,1
"Sf3a1",0.772859534247737,-0.187971428920677,0.085,0.089,1
"Ttc35",0.773776183488143,0.103194426131181,0.054,0.059,1
"Lsm14a",0.773905576923469,0.110270421330983,0.155,0.15,1
"Copz1",0.774342933268435,0.161055203046141,0.122,0.117,1
"Eif1ax",0.774755473100906,-0.164823321118757,0.091,0.094,1
"Mtpn",0.775406774106127,0.111321350831773,0.151,0.158,1
"Psmc3",0.777145297216309,-0.166570072179106,0.142,0.132,1
"Elf4",0.778625266702417,-0.530429900610276,0.121,0.122,1
"Pkn2",0.779281671101376,-0.434123059641145,0.068,0.071,1
"Tmx2",0.779439634094516,-0.162363619052274,0.05,0.046,1
"Mrpl11",0.781078334518975,-0.152276723836383,0.054,0.059,1
"Mrpl54",0.782690661811723,0.150624639280865,0.083,0.079,1
"Ndufs1",0.783715586953255,-0.187021323179865,0.055,0.051,1
"Vps28",0.783973509609689,-0.299726795257269,0.22,0.219,1
"Usp19",0.784566419712282,-0.298475154574175,0.077,0.071,1
"Dad1",0.7859781803985,-0.184157422487301,0.264,0.26,1
"Arl6ip4",0.786048318847563,-0.212492541677497,0.065,0.069,1
"Tnrc6b",0.786128880031601,0.181898497962751,0.148,0.142,1
"Cxxc1",0.786635934564433,-0.468636357066052,0.062,0.066,1
"Cdk7",0.787061804599829,-0.351454697057939,0.05,0.053,1
"Mcts1",0.787722573647098,-0.129959532793003,0.088,0.081,1
"Pafah1b2",0.787809079154046,-0.683987387706148,0.069,0.071,1
"Rhoa",0.788291734851339,-0.277063094903427,0.25,0.244,1
"Zfpm1",0.788371931094265,-0.100911236372397,0.065,0.061,1
"Zcchc17",0.78837193186298,-0.153368381835839,0.065,0.061,1
"Cops4",0.789453378332,-0.308304784293564,0.058,0.053,1
"Rgs10",0.789882412425815,-0.124299582595728,0.313,0.31,1
"Parn",0.79037786653378,0.216024203823595,0.052,0.048,1
"Hcfc1",0.790613563852501,0.111221235877124,0.068,0.064,1
"Bud31",0.791379450605579,-0.110274981791416,0.123,0.117,1
"Cuta",0.791815580786042,-0.164852031247171,0.101,0.104,1
"Spop",0.792589273209775,-0.20097811710121,0.106,0.109,1
"Brwd1",0.792746489624671,-0.158694271676591,0.062,0.066,1
"Cabin1",0.792779664290127,-0.412159451003724,0.066,0.069,1
"Sit1",0.793772345706212,-0.513928295431445,0.069,0.071,1
"Brap",0.795395282126915,-0.185777324709161,0.05,0.046,1
"Tardbp",0.795982027974023,-0.353514354233128,0.159,0.16,1
"Aup1",0.796420557546834,-0.311735196504917,0.097,0.092,1
"Zfand3",0.796899649914686,-0.397996081749205,0.066,0.069,1
"Cd6",0.79693475582209,-0.107037371540551,0.176,0.178,1
"Mdc1",0.797267673025343,0.128447515646971,0.052,0.048,1
"Ly75",0.797731652397596,0.260076798411587,0.054,0.051,1
"Fbrs",0.798102733893825,-0.103071242662796,0.075,0.079,1
"Ergic3",0.798213446042096,-0.318639920503903,0.079,0.081,1
"Uqcrq",0.799191838689788,-0.239531266986097,0.189,0.176,1
"Preb",0.799419274346101,0.145691119578464,0.054,0.051,1
"Tceb1",0.799493387001308,-0.147024602864884,0.108,0.112,1
"Vamp4",0.800564999521373,-0.375109293546845,0.048,0.051,1
"Dhx15",0.800816548167638,-0.116411435594967,0.168,0.17,1
"Gm14934",0.801530512795829,-0.235213860571643,0.105,0.107,1
"Fam46c",0.802439127634601,0.204184396344843,0.073,0.069,1
"Mat2a",0.803857311724816,0.197451029932551,0.167,0.163,1
"Cox4i1",0.803898443704529,-0.150658253353449,0.518,0.501,1
"Gm6177",0.80512162439059,-0.356879579823231,0.058,0.061,1
"Sssca1",0.805383294365562,-0.271924471253211,0.098,0.099,1
"Nip7",0.805878655525363,-0.19504849615474,0.061,0.064,1
"Uqcrb",0.8075616547605,-0.127485235331999,0.141,0.135,1
"Rdx",0.807610897983292,-0.236232799856065,0.124,0.117,1
"Man2a1",0.808364790753556,0.247276145298661,0.058,0.061,1
"Txndc15",0.808931504010444,-0.296728472691973,0.058,0.061,1
"Nudcd3",0.810269142024748,0.103708666916834,0.084,0.089,1
"Uba2",0.810403369847308,-0.147842529778145,0.085,0.089,1
"Mll1",0.81044300088175,-0.243581227581814,0.236,0.232,1
"Kat2a",0.810593424237672,0.334225469057816,0.056,0.053,1
"Cul5",0.810984975091442,0.362804874328519,0.054,0.051,1
"Ccm2",0.811279446886675,0.148301496435577,0.161,0.155,1
"Kctd2",0.811407462361835,0.475206347236314,0.051,0.048,1
"Mtf2",0.812302079068874,-0.472690357530217,0.081,0.076,1
"Nudt16",0.813314759699003,-0.347204858730091,0.056,0.059,1
"Akirin2",0.813630580277379,-0.194167745287609,0.078,0.081,1
"Fam107b",0.81474014727148,-0.392849846351376,0.2,0.196,1
"Ttc14",0.814769035196716,0.386029650600025,0.051,0.048,1
"Cd82",0.815625464058147,-0.748316961454409,0.105,0.097,1
"Zfp592",0.815942509700852,-0.237666470206243,0.077,0.079,1
"D17Wsu104e",0.816266738353155,0.150038095373457,0.059,0.056,1
"Rps18-ps1",0.816425282296399,-0.165730879708403,0.237,0.237,1
"Irf3",0.816714524686456,-0.282041969682556,0.081,0.076,1
"Trappc2l",0.818037776894244,-0.350924530776885,0.056,0.059,1
"Gfpt1",0.818293834642244,0.269902698309357,0.054,0.051,1
"Tomm34",0.818361041339391,0.185882709978848,0.083,0.079,1
"Ppp3r1",0.818470665101335,-0.158814800734835,0.071,0.074,1
"Gm7618",0.819616828697106,-0.277076585700592,0.095,0.097,1
"Gng10",0.820051948714947,-0.9134046793278,0.054,0.056,1
"Ncaph2",0.82096940477863,0.148142515522771,0.093,0.097,1
"1110002B05Rik",0.82128664259746,0.145276448118284,0.1,0.104,1
"Gsk3b",0.821684476218562,-0.104758487229309,0.091,0.087,1
"Sacm1l",0.82236137557102,-0.359221710617613,0.051,0.053,1
"Tpst2",0.822375205383053,-0.201348860127366,0.133,0.135,1
"Rnf220",0.822801528278172,-0.196013200612209,0.122,0.117,1
"Rrbp1",0.823140468466957,0.143440201231006,0.065,0.061,1
"Herc2",0.824569285575206,-0.293042622036296,0.097,0.092,1
"Cd97",0.824813922756159,-0.236458119789457,0.162,0.163,1
"Hspa9",0.825092011876268,0.187325233100248,0.16,0.158,1
"Itpr3",0.826561009815622,-0.190174581265206,0.051,0.053,1
"Txnl1",0.827287949004038,-0.139113221497139,0.08,0.076,1
"Rpl32-ps",0.82751522797817,-0.13380924509968,0.19,0.191,1
"Snx20",0.827693267141139,-0.11551399572117,0.062,0.059,1
"Fgfr1op2",0.829063975607765,-0.163921084879651,0.151,0.142,1
"Cdc123",0.829106300415771,0.124659057038754,0.069,0.066,1
"Ndufs7",0.829195744200368,-0.151131048937731,0.123,0.117,1
"Snw1",0.829371394018048,0.30575324079161,0.14,0.137,1
"Ahctf1",0.829450679659523,-0.255388781013653,0.065,0.069,1
"Gm4459",0.832498340698015,-0.2128254718494,0.051,0.053,1
"Panx1",0.832675626302894,-0.275108068452211,0.062,0.064,1
"Tnrc6c",0.833939537703497,-0.108436031964647,0.097,0.099,1
"Eci2",0.835202682811514,-0.418963556802786,0.054,0.056,1
"Sf1",0.835523202192125,-0.280905615998257,0.172,0.17,1
"Setd7",0.835929460974308,0.252281923839265,0.069,0.066,1
"Chmp2a",0.837475408535692,0.146238193421654,0.133,0.13,1
"Rere",0.837536108519533,-0.33114295485864,0.117,0.12,1
"Snrnp40",0.838022584229189,0.106696351886636,0.062,0.059,1
"Fam117b",0.838168294809401,0.160969601694292,0.058,0.061,1
"Fam100a",0.838420721978712,-0.49407493797064,0.099,0.099,1
"Sbf1",0.839098862668867,-0.148266370834195,0.077,0.079,1
"Kdelr1",0.839384681104109,-0.443943414416766,0.062,0.064,1
"Luc7l3",0.839532527578017,-0.187416168827761,0.128,0.13,1
"Zfp740",0.840634263907184,-0.104278126308292,0.075,0.071,1
"Chchd2",0.840721694083925,-0.122656753465078,0.363,0.354,1
"Asf1a",0.841367579578547,-0.139534145547362,0.075,0.071,1
"Psmb6",0.841410719825734,-0.224122503700498,0.157,0.15,1
"Dopey2",0.842414994571111,-0.289476006529078,0.051,0.053,1
"Spata13",0.842415340728733,0.149298054316452,0.161,0.158,1
"Srd5a3",0.842658123124757,-0.173439538783481,0.051,0.048,1
"Derl1",0.842886253441065,-0.14762466046895,0.116,0.109,1
"Eif2b5",0.843663587366015,-0.126081171968037,0.054,0.056,1
"Jund",0.84398440008447,-0.238945340167783,0.089,0.092,1
"Bcap31",0.844477558254143,-0.281993942050433,0.153,0.153,1
"Ctsd",0.846236838407763,-0.11371079692334,0.24,0.242,1
"Cope",0.846452843631526,-0.227160625804282,0.118,0.112,1
"Gm9154",0.846639663045095,-0.227191512523664,0.066,0.069,1
"Lass2",0.847219913307922,-0.110227433235561,0.069,0.066,1
"Ndufab1",0.848676059026396,-0.32741315452427,0.072,0.074,1
"Gm10320",0.848901541739712,-0.357560525742777,0.084,0.079,1
"Vav1",0.848903816303425,-0.465326249614603,0.135,0.135,1
"Ecd",0.850211763914713,-0.180817172863688,0.062,0.064,1
"Mbtps1",0.851097845508741,-0.423462217230625,0.08,0.081,1
"Gm6274",0.851531377545646,-0.264557756067422,0.145,0.142,1
"Hmg20a",0.852045926737413,-0.400663269537363,0.059,0.056,1
"Gm6286",0.852606094349215,-0.171800322820179,0.081,0.084,1
"Vps36",0.852871325066982,-0.356065828289672,0.067,0.069,1
"Mrpl43",0.853300565524397,-0.324318044772739,0.088,0.089,1
"Atxn7l1",0.853534205759894,0.287610076369472,0.053,0.051,1
"Uqcrc1",0.854034937574175,-0.372319417839346,0.101,0.102,1
"Ap2s1",0.854898825427096,-0.275586523157421,0.108,0.102,1
"Stx4a",0.854942615757186,-0.140384444234892,0.121,0.115,1
"L3mbtl3",0.854980415964895,-0.258145550418889,0.057,0.059,1
"Rab2a",0.856071856033151,-0.122931186340188,0.165,0.165,1
"Heatr1",0.856839245734454,0.213111274598,0.065,0.069,1
"Nudt21",0.857297528719739,-0.276947437516389,0.082,0.084,1
"Zfp207",0.857627630517578,-0.420169905726089,0.125,0.12,1
"Eif2b2",0.857729429231394,0.244958814704972,0.079,0.076,1
"Gm15450",0.858641068957071,-0.114156352006541,0.187,0.178,1
"Rtn4",0.858893914656009,-0.123882863961468,0.062,0.064,1
"Gabarapl2",0.859094929933414,-0.113017743256281,0.106,0.107,1
"Snrpd1",0.860081461055809,-0.507752890054332,0.111,0.112,1
"Elovl5",0.860290132237617,-0.111213620440775,0.113,0.115,1
"H2-Eb1",0.860853831806543,-0.106075911333822,0.109,0.104,1
"Atp5o",0.861895300244403,-0.164085285470192,0.251,0.239,1
"Gm6984",0.862330696659838,-0.247256157209116,0.052,0.053,1
"Ccdc85b",0.862869614818888,-0.108118784397888,0.049,0.051,1
"Atp5g3",0.86406322536282,-0.231430459897199,0.346,0.328,1
"Gtf2b",0.867418218451557,-0.22177939321116,0.052,0.053,1
"Bscl2",0.867989110092057,0.144388316180332,0.085,0.081,1
"Bcl10",0.868143233652943,-0.19299489446251,0.065,0.066,1
"Gadd45gip1",0.868689237013171,-0.200077940477898,0.1,0.102,1
"Ep300",0.869452897303437,0.353594886981062,0.084,0.081,1
"Metap2",0.869884128371678,-0.202910231862685,0.106,0.102,1
"1700123O20Rik",0.870820181748222,-0.224013931390928,0.054,0.056,1
"Gm5453",0.870892326041258,-0.255104135237952,0.08,0.081,1
"Pabpn1",0.871454383184729,-0.245044798232502,0.087,0.084,1
"Hnrnpr",0.871490195260037,-0.124237714322904,0.062,0.064,1
"Yipf4",0.872066273144962,0.220052858041787,0.049,0.051,1
"Pkm2",0.872473179621635,-0.222675886209084,0.27,0.265,1
"Sra1",0.872529525191922,-0.519718996334333,0.096,0.092,1
"Fam173a",0.873571011696455,0.140913037193269,0.085,0.081,1
"H2-Ab1",0.873940807582144,3.12453192230563,0.185,0.188,1
"Map1lc3b",0.874587931888422,0.122184584265208,0.144,0.14,1
"Tbc1d10b",0.874684658203494,-0.222471159376196,0.054,0.051,1
"Gm15400",0.876618501372621,-0.314772623410542,0.05,0.051,1
"Pes1",0.876645327945268,-0.289293801505147,0.067,0.069,1
"Mrpl39",0.876738741458232,-0.402911764682546,0.052,0.053,1
"Akirin1",0.877562151832771,-0.428877924505389,0.075,0.071,1
"Trap1",0.877859212855117,-0.23125655297397,0.067,0.069,1
"Gm4986",0.877861552921787,0.195033469028539,0.085,0.084,1
"Hnrnpk",0.878031534873332,-0.11087449445395,0.371,0.369,1
"Gm10247",0.878535883087395,-0.104795052619309,0.088,0.084,1
"Fam113b",0.878843071068424,-0.131655662547049,0.124,0.125,1
"Kti12",0.879095915998937,-0.223756208029957,0.054,0.056,1
"Smurf2",0.879563148627016,0.164645196539087,0.054,0.056,1
"Brix1",0.879624289920194,0.156601979974239,0.076,0.074,1
"Yipf3",0.880092714145066,0.462826696760804,0.088,0.087,1
"Cox10",0.880182122694077,-0.141682078131948,0.05,0.051,1
"Thoc4",0.88046144032962,-0.132450637315906,0.093,0.094,1
"N6amt2",0.882828625566703,0.115742319680874,0.058,0.056,1
"Cd96",0.884451746343517,-0.180336760533669,0.164,0.158,1
"Ebna1bp2",0.884459902810789,-0.175288812259884,0.087,0.084,1
"Fis1",0.885249717284003,-0.151663422714345,0.174,0.173,1
"Tomm40",0.885433392917619,0.166465421735765,0.055,0.053,1
"Fbxo33",0.885659530118494,-0.313472270088849,0.05,0.051,1
"2310044H10Rik",0.886298970369741,-0.355394383308954,0.153,0.145,1
"Zbtb7a",0.88705334730524,0.152892093144285,0.12,0.117,1
"Pnrc1",0.887122583788096,0.115484055422183,0.295,0.3,1
"Rgs19",0.887328068422771,-0.188609384043056,0.113,0.115,1
"Rab3gap1",0.88784633028533,0.60411793706319,0.068,0.071,1
"Map3k1",0.888966751814795,0.20214607686539,0.076,0.074,1
"Malt1",0.889111023138901,0.105527022430505,0.087,0.089,1
"Atp13a3",0.889666210210553,0.200036662993645,0.056,0.053,1
"Mbnl1",0.891144309591943,0.11075336142755,0.61,0.626,1
"1500032L24Rik",0.891386606443125,-0.236134116508252,0.157,0.155,1
"Nlk",0.892438350484536,-0.129902997592738,0.072,0.069,1
"Rassf3",0.892801058067486,-0.174796477889849,0.05,0.051,1
"Smu1",0.893322291003707,-0.346252396124554,0.099,0.094,1
"Slc35a4",0.893382432206949,-0.526535208613672,0.081,0.081,1
"Pdia6",0.893664148026948,-0.231339228083698,0.074,0.071,1
"Nin",0.89426437594763,-0.563187645195987,0.077,0.074,1
"Gm6905",0.894768445652443,-0.134819983376518,0.065,0.066,1
"Csnk1d",0.89518437529448,-0.204167995160705,0.085,0.087,1
"Ppp3cc",0.8953429250208,0.30288112610181,0.085,0.084,1
"Kbtbd11",0.895538832805728,-0.109679599440882,0.236,0.237,1
"Map3k14",0.895609070553519,-0.198446539772716,0.05,0.051,1
"Nob1",0.895686180946092,0.141583056907793,0.055,0.053,1
"Eif4e",0.896119760459652,-0.112772545261197,0.05,0.051,1
"Ino80b",0.897302362504977,0.120130641719775,0.053,0.051,1
"Klhdc3",0.897652086144168,-0.188053763547789,0.05,0.048,1
"Traf7",0.897922488759333,0.129227991336598,0.065,0.064,1
"Acyp1",0.897927516328555,-0.42488733208808,0.055,0.056,1
"2610101N10Rik",0.898181962314312,-0.330799224624578,0.107,0.107,1
"Rab27a",0.899368984122767,-0.102095422532194,0.058,0.056,1
"Kdm1a",0.901055426070437,-0.155598557392662,0.066,0.064,1
"Cpsf2",0.901395058018084,-0.330891518205496,0.058,0.059,1
"Mri1",0.903097147471355,0.388182563633311,0.049,0.051,1
"Ncbp1",0.903282871061648,0.17201084331422,0.093,0.094,1
"Rpl28",0.904854549729645,-0.355309986822024,0.1,0.099,1
"Fam58b",0.905393362064734,0.100386815674773,0.063,0.061,1
"N4bp2",0.905936576973716,-0.31744945753713,0.053,0.053,1
"Cnot1",0.905968505993759,-0.31424194093789,0.143,0.142,1
"Apex1",0.906847055207568,-0.494464600086101,0.063,0.064,1
"Rbm34",0.90717381053073,-0.442459680914889,0.056,0.053,1
"Smap1",0.907881560834469,0.213087215647522,0.075,0.074,1
"Plec",0.908815047581751,-0.235649484551189,0.116,0.112,1
"Gm3699",0.909924818986793,-0.112384083774382,0.053,0.051,1
"Ncf4",0.90992481979935,-0.269722182598547,0.053,0.051,1
"Dzip1",0.911892944308874,-0.296819916025569,0.058,0.059,1
"Mrpl21",0.912867935522517,-0.20970296693079,0.076,0.076,1
"Phb",0.91322612714188,-0.323356641628321,0.06,0.061,1
"Axin1",0.91430952068718,-0.140097210148232,0.068,0.069,1
"Psmb1",0.914423583817921,0.103024140523051,0.43,0.427,1
"Rpl34-ps1",0.9146693294732,-0.154124946301382,0.439,0.417,1
"Gm12115",0.915091866090874,-0.236843192967063,0.055,0.056,1
"Hspbp1",0.915429537815666,-0.247765930025918,0.088,0.089,1
"Dip2b",0.91985773335359,0.312200032693045,0.058,0.056,1
"Fam120a",0.921420302430354,-0.168550043638091,0.122,0.122,1
"Vps26a",0.9214484486859,-0.192270297211778,0.05,0.048,1
"Zfp217",0.921721345322351,-0.197792169481119,0.068,0.069,1
"Ccr9",0.922870715035939,-0.235421111399876,0.119,0.115,1
"Rab5c",0.923236641671646,-0.348175206509639,0.081,0.081,1
"Ssr2",0.924284839662062,0.172546675027494,0.101,0.099,1
"Gm13665",0.924324477265091,-0.192883280307854,0.053,0.051,1
"Csnk1a1",0.925713833844671,-0.102803619068471,0.274,0.272,1
"Ppp1r10",0.926148090237717,-0.365431394897021,0.05,0.048,1
"Gm9786",0.926507414981846,0.140406950607187,0.065,0.064,1
"4632411B12Rik",0.927054278825305,-0.158642234366053,0.065,0.064,1
"Cdk4",0.92780541466005,0.120059240375367,0.145,0.148,1
"Nek9",0.928749281431301,-0.109974400683216,0.076,0.076,1
"Rprd2",0.928946654177823,0.148211092002803,0.073,0.071,1
"Ddx46",0.929124303425578,-0.2244663924832,0.103,0.099,1
"Trp53i11",0.929364918219995,0.23545568859122,0.054,0.056,1
"Egln1",0.929696812450607,-0.140668975686626,0.076,0.076,1
"1110018J18Rik",0.92999613263829,0.123872831982799,0.065,0.066,1
"Mrpl10",0.930450521566114,-0.61408039778531,0.072,0.069,1
"Fam108a",0.93109336481514,0.195516355821023,0.113,0.115,1
"Cd27",0.931288958747808,-0.164197377445868,0.323,0.305,1
"Gm10012",0.931590858586524,-0.12877467017608,0.141,0.14,1
"Hbp1",0.933309003829616,0.353546669284924,0.088,0.087,1
"Glyr1",0.933957824471865,0.235907841914213,0.065,0.066,1
"Spcs3",0.934513972414296,0.104423921377781,0.08,0.081,1
"Inpp4b",0.937209835467413,0.296662966558429,0.103,0.102,1
"Dtymk",0.937448264029039,-0.324795601395726,0.061,0.061,1
"Tnpo3",0.938043989877634,0.141016253566878,0.067,0.066,1
"Thoc7",0.938150920477506,-0.393250162893849,0.086,0.084,1
"Denr",0.938895213942232,-0.193931806503267,0.1,0.097,1
"Gmip",0.941310715856909,-0.429295503236927,0.068,0.066,1
"Gls",0.942756680277242,-0.555572327240291,0.074,0.074,1
"Man2b1",0.943714965819833,-0.2575238410221,0.073,0.071,1
"AC163389.1",0.944393805865244,-0.131298291055205,0.065,0.066,1
"Mysm1",0.945326417406693,-0.312025660214913,0.068,0.069,1
"Pldn",0.946283089164226,-0.41266053719649,0.053,0.051,1
"Chchd3",0.946579047321099,-0.417999073320378,0.117,0.112,1
"Pigp",0.947545303940149,-0.237662931152441,0.081,0.079,1
"Tuba1b",0.947758723840284,0.138285177855871,0.395,0.397,1
"Il6ra",0.948019467682919,-0.357115565123156,0.085,0.081,1
"Pnpla2",0.948559291773395,0.12593771240755,0.067,0.066,1
"Cox7c",0.949398740239007,-0.14109527266574,0.125,0.122,1
"Lsmd1",0.950323185720258,0.260488880031394,0.085,0.087,1
"Gtf2h1",0.950374855750596,-0.240933479342674,0.055,0.053,1
"Taf12",0.950432643935997,-0.112289896952559,0.06,0.059,1
"Clp1",0.951693325451154,0.13360585928256,0.067,0.066,1
"Mef2d",0.951711085875207,-0.132777241311526,0.098,0.097,1
"Polr2j",0.952731332051495,-0.115816675044921,0.081,0.081,1
"Pdcd11",0.953326719108646,-0.467283919496706,0.055,0.053,1
"Gm10094",0.953747609089166,-0.155159235569721,0.073,0.071,1
"Rnf44",0.954073457720747,-0.265547923385851,0.066,0.066,1
"Nisch",0.95505204652329,-0.184228388056028,0.067,0.066,1
"S100a13",0.95531446809824,0.121876902494589,0.098,0.099,1
"Brd7",0.955332063401997,0.148957608041722,0.078,0.079,1
"2900010M23Rik",0.955503529356623,-0.317670409146023,0.095,0.094,1
"Mfsd1",0.959408975878303,-0.115646433408762,0.056,0.056,1
"Tfg",0.959408976050668,-0.169764972764531,0.056,0.056,1
"Psmb7",0.960122516250157,-0.164975057416212,0.117,0.115,1
"Atp5f1",0.960785200865635,-0.110415303951674,0.308,0.3,1
"Cyth4",0.961001525874074,-0.155765742362629,0.094,0.092,1
"Ctsb",0.961431731946066,-0.125798630410726,0.117,0.115,1
"Pacsin1",0.961654050943354,-0.230439220626049,0.071,0.071,1
"Ehd3",0.963539688128999,-0.185720590987644,0.112,0.109,1
"Gm5614",0.964789693942557,-0.151205838231988,0.076,0.074,1
"Arhgef18",0.965089193933648,-0.273297414221652,0.143,0.137,1
"Itgal",0.965499173678283,-0.11260796845189,0.188,0.183,1
"Jakmip1",0.966347948584359,0.166327871723355,0.059,0.059,1
"Cul3",0.966647481402988,0.128019838683764,0.135,0.135,1
"Foxp1",0.967037900895199,0.158444433443447,0.258,0.257,1
"Polr3k",0.96723987055345,-0.500886272923134,0.05,0.048,1
"Tnks2",0.967373840377202,-0.152668432595855,0.133,0.132,1
"2410001C21Rik",0.968433971971183,-0.285382257564422,0.119,0.117,1
"Pcna",0.968747216217213,0.119778349586196,0.148,0.15,1
"Klf7",0.969828316218819,-0.338584949589875,0.05,0.048,1
"Glul",0.970039089491432,0.141802050891806,0.057,0.056,1
"Rfx7",0.970628354721022,0.117351445603815,0.077,0.079,1
"2810002N01Rik",0.97397770739997,-0.388421243179772,0.062,0.061,1
"Tspan32",0.974294138388484,-0.184505891682784,0.082,0.081,1
"Uchl5",0.974910853369118,-0.284992563940796,0.061,0.061,1
"Was",0.974986792414675,-0.144850094440027,0.106,0.104,1
"Nckap1l",0.975121111914165,-0.355249852121778,0.125,0.122,1
"Ndufa13",0.976054069369336,-0.113481575669448,0.321,0.313,1
"Gnl1",0.976689681541728,-0.172180534754606,0.059,0.059,1
"Zfp36",0.97691343510497,-0.100054557649165,0.09,0.089,1
"Tomm7",0.977262770119863,-0.13608952781346,0.28,0.275,1
"Ogdh",0.977841499585904,-0.215062325875237,0.087,0.087,1
"Ccdc12",0.980311358170876,-0.397945357846856,0.107,0.104,1
"Tbcel",0.980699102154839,0.275788884123033,0.054,0.053,1
"Cript",0.98283452956157,-0.179621607135328,0.069,0.069,1
"Gm14494",0.983565242498862,-0.161644238144958,0.119,0.117,1
"H2-Ke2",0.983565868947069,-0.25567069217918,0.073,0.071,1
"Rpl35a-ps7",0.983687173686477,-0.125853067773986,0.054,0.053,1
"Sart1",0.98374121828043,-0.153436590594097,0.109,0.107,1
"Psmd6",0.984199030938136,0.184209028993419,0.071,0.071,1
"Qrich1",0.984827682959076,0.34168663271038,0.069,0.069,1
"1810058I24Rik",0.985754533453505,-0.323871104354404,0.107,0.104,1
"Efha1",0.98588661480908,-0.217632656579725,0.078,0.076,1
"Lypla2",0.98619443279386,-0.106995378389369,0.079,0.079,1
"Gm12270",0.986454316749391,-0.197334618418757,0.085,0.084,1
"Dnajc5",0.987550983337664,-0.151125128937086,0.139,0.137,1
"Syf2",0.987892550273529,-0.174288325858344,0.153,0.15,1
"Ostf1",0.988758766502277,-0.118131635265993,0.222,0.216,1
"Rab1b",0.989731556556665,0.165612381511376,0.086,0.087,1
"Cul4b",0.990286582530239,-0.205673242042805,0.054,0.053,1
"Tmem111",0.990916069362489,0.235766663195965,0.058,0.059,1
"Cab39",0.991429289262578,0.126233370173389,0.133,0.132,1
"Pbx2",0.992249870239838,-0.13376644428413,0.178,0.17,1
"Gorasp2",0.993518654839952,-0.331258755454575,0.07,0.069,1
"Tmc6",0.993997395084259,-0.155907799619064,0.077,0.076,1
"Atp6ap1",0.995207678050842,-0.394209928532291,0.065,0.064,1
"2900053A13Rik",0.995912855025221,-0.139425196888228,0.129,0.127,1
"Gm11826",0.996195964349394,-0.226006328175759,0.091,0.089,1
"Smc6",0.996246960955453,-0.294923602083256,0.166,0.163,1
"Il10rb",0.997198903595924,-0.244392140137069,0.062,0.061,1
"Cox7b",0.997653028154863,-0.226627114571082,0.297,0.293,1
"Kri1",0.99953314966881,-0.251828861122107,0.062,0.061,1
